A..N04R,40.685951,-73.825798,0,
A..N04R,40.685666,-73.828374,1,
A..N04R,40.685658,-73.828442,2,
A..N04R,40.685649,-73.828508,3,
A..N04R,40.685639,-73.828573,4,
A..N04R,40.685629,-73.828637,5,
A..N04R,40.685618,-73.828699,6,
A..N04R,40.685607,-73.828759,7,
A..N04R,40.685594,-73.828819,8,
A..N04R,40.685581,-73.828877,9,
A..N04R,40.685568,-73.828933,10,
A..N04R,40.685554,-73.828989,11,
A..N04R,40.685539,-73.829043,12,
A..N04R,40.685523,-73.829095,13,
A..N04R,40.685507,-73.829146,14,
A..N04R,40.685490,-73.829196,15,
A..N04R,40.685473,-73.829244,16,
A..N04R,40.684331,-73.832163,17,
A..N04R,40.683908,-73.833227,18,
A..N04R,40.683885,-73.833288,19,
A..N04R,40.683861,-73.833349,20,
A..N04R,40.683836,-73.833411,21,
A..N04R,40.683810,-73.833473,22,
A..N04R,40.683784,-73.833537,23,
A..N04R,40.683757,-73.833601,24,
A..N04R,40.683729,-73.833665,25,
A..N04R,40.683701,-73.833731,26,
A..N04R,40.683671,-73.833797,27,
A..N04R,40.683641,-73.833863,28,
A..N04R,40.683610,-73.833931,29,
A..N04R,40.683579,-73.833999,30,
A..N04R,40.683546,-73.834068,31,
A..N04R,40.683513,-73.834137,32,
A..N04R,40.683479,-73.834207,33,
A..N04R,40.682328,-73.836319,34,
A..N04R,40.682280,-73.836406,35,
A..N04R,40.682233,-73.836494,36,
A..N04R,40.682187,-73.836583,37,
A..N04R,40.682142,-73.836672,38,
A..N04R,40.682098,-73.836761,39,
A..N04R,40.682055,-73.836851,40,
A..N04R,40.682013,-73.836942,41,
A..N04R,40.681972,-73.837033,42,
A..N04R,40.681931,-73.837124,43,
A..N04R,40.681892,-73.837216,44,
A..N04R,40.681854,-73.837309,45,
A..N04R,40.681817,-73.837402,46,
A..N04R,40.681781,-73.837495,47,
A..N04R,40.681745,-73.837589,48,
A..N04R,40.681711,-73.837683,49,
A..N04R,40.681686,-73.837753,50,
A..N04R,40.681662,-73.837824,51,
A..N04R,40.681639,-73.837895,52,
A..N04R,40.681616,-73.837967,53,
A..N04R,40.681594,-73.838040,54,
A..N04R,40.681572,-73.838113,55,
A..N04R,40.681551,-73.838187,56,
A..N04R,40.681531,-73.838261,57,
A..N04R,40.681511,-73.838337,58,
A..N04R,40.681492,-73.838412,59,
A..N04R,40.681474,-73.838489,60,
A..N04R,40.681456,-73.838566,61,
A..N04R,40.681439,-73.838644,62,
A..N04R,40.681422,-73.838722,63,
A..N04R,40.681406,-73.838801,64,
A..N04R,40.680843,-73.841687,65,
A..N04R,40.680429,-73.843853,66,
A..N04R,40.680357,-73.844224,67,
A..N04R,40.680345,-73.844289,68,
A..N04R,40.680333,-73.844356,69,
A..N04R,40.680322,-73.844422,70,
A..N04R,40.680312,-73.844490,71,
A..N04R,40.680302,-73.844557,72,
A..N04R,40.680292,-73.844626,73,
A..N04R,40.680283,-73.844695,74,
A..N04R,40.680275,-73.844765,75,
A..N04R,40.680267,-73.844835,76,
A..N04R,40.680259,-73.844906,77,
A..N04R,40.680252,-73.844978,78,
A..N04R,40.680246,-73.845050,79,
A..N04R,40.680240,-73.845123,80,
A..N04R,40.680234,-73.845197,81,
A..N04R,40.680229,-73.845271,82,
A..N04R,40.679843,-73.851470,83,
A..N04R,40.679371,-73.858992,84,
A..N04R,40.679287,-73.860342,85,
A..N04R,40.679285,-73.860372,86,
A..N04R,40.679283,-73.860402,87,
A..N04R,40.679281,-73.860432,88,
A..N04R,40.679278,-73.860462,89,
A..N04R,40.679275,-73.860492,90,
A..N04R,40.679271,-73.860522,91,
A..N04R,40.679267,-73.860552,92,
A..N04R,40.679263,-73.860582,93,
A..N04R,40.679258,-73.860612,94,
A..N04R,40.679253,-73.860642,95,
A..N04R,40.679248,-73.860673,96,
A..N04R,40.679242,-73.860703,97,
A..N04R,40.679236,-73.860733,98,
A..N04R,40.679230,-73.860764,99,
A..N04R,40.679223,-73.860794,100,
A..N04R,40.678935,-73.861871,101,
A..N04R,40.678912,-73.861947,102,
A..N04R,40.678888,-73.862023,103,
A..N04R,40.678862,-73.862097,104,
A..N04R,40.678836,-73.862171,105,
A..N04R,40.678808,-73.862244,106,
A..N04R,40.678779,-73.862315,107,
A..N04R,40.678749,-73.862386,108,
A..N04R,40.678718,-73.862456,109,
A..N04R,40.678686,-73.862525,110,
A..N04R,40.678653,-73.862592,111,
A..N04R,40.678618,-73.862659,112,
A..N04R,40.678583,-73.862725,113,
A..N04R,40.678546,-73.862790,114,
A..N04R,40.678508,-73.862854,115,
A..N04R,40.678469,-73.862917,116,
A..N04R,40.677044,-73.865050,117,
A..N04R,40.676558,-73.865742,118,
A..N04R,40.676522,-73.865795,119,
A..N04R,40.676487,-73.865850,120,
A..N04R,40.676454,-73.865905,121,
A..N04R,40.676422,-73.865961,122,
A..N04R,40.676392,-73.866018,123,
A..N04R,40.676363,-73.866076,124,
A..N04R,40.676335,-73.866134,125,
A..N04R,40.676309,-73.866194,126,
A..N04R,40.676284,-73.866254,127,
A..N04R,40.676261,-73.866316,128,
A..N04R,40.676239,-73.866378,129,
A..N04R,40.676218,-73.866441,130,
A..N04R,40.676199,-73.866505,131,
A..N04R,40.676181,-73.866570,132,
A..N04R,40.676166,-73.866636,133,
A..N04R,40.675377,-73.872106,134,
A..N04R,40.674130,-73.880750,135,
A..N04R,40.672710,-73.890358,136,
A..N04R,40.672196,-73.893830,137,
A..N04R,40.672159,-73.894094,138,
A..N04R,40.672140,-73.894340,139,
A..N04R,40.672138,-73.894572,140,
A..N04R,40.672154,-73.894790,141,
A..N04R,40.672186,-73.894994,142,
A..N04R,40.672236,-73.895184,143,
A..N04R,40.672302,-73.895360,144,
A..N04R,40.672386,-73.895522,145,
A..N04R,40.672487,-73.895671,146,
A..N04R,40.672605,-73.895805,147,
A..N04R,40.672739,-73.895925,148,
A..N04R,40.672891,-73.896032,149,
A..N04R,40.673061,-73.896124,150,
A..N04R,40.673247,-73.896202,151,
A..N04R,40.673448,-73.896264,152,
A..N04R,40.674542,-73.896548,153,
A..N04R,40.676653,-73.897088,154,
A..N04R,40.676834,-73.897162,155,
A..N04R,40.677001,-73.897255,156,
A..N04R,40.677156,-73.897365,157,
A..N04R,40.677299,-73.897492,158,
A..N04R,40.677430,-73.897637,159,
A..N04R,40.677549,-73.897799,160,
A..N04R,40.677657,-73.897979,161,
A..N04R,40.677752,-73.898176,162,
A..N04R,40.677836,-73.898390,163,
A..N04R,40.677908,-73.898621,164,
A..N04R,40.677969,-73.898870,165,
A..N04R,40.678017,-73.899135,166,
A..N04R,40.678054,-73.899419,167,
A..N04R,40.678079,-73.899719,168,
A..N04R,40.678093,-73.900033,169,
A..N04R,40.678112,-73.900444,170,
A..N04R,40.678114,-73.900494,171,
A..N04R,40.678117,-73.900543,172,
A..N04R,40.678120,-73.900593,173,
A..N04R,40.678123,-73.900641,174,
A..N04R,40.678126,-73.900690,175,
A..N04R,40.678130,-73.900738,176,
A..N04R,40.678134,-73.900785,177,
A..N04R,40.678138,-73.900833,178,
A..N04R,40.678142,-73.900879,179,
A..N04R,40.678147,-73.900926,180,
A..N04R,40.678152,-73.900972,181,
A..N04R,40.678157,-73.901017,182,
A..N04R,40.678162,-73.901063,183,
A..N04R,40.678168,-73.901108,184,
A..N04R,40.678174,-73.901152,185,
A..N04R,40.678361,-73.902619,186,
A..N04R,40.678365,-73.902668,187,
A..N04R,40.678369,-73.902717,188,
A..N04R,40.678373,-73.902767,189,
A..N04R,40.678376,-73.902816,190,
A..N04R,40.678379,-73.902866,191,
A..N04R,40.678382,-73.902915,192,
A..N04R,40.678384,-73.902965,193,
A..N04R,40.678386,-73.903015,194,
A..N04R,40.678388,-73.903065,195,
A..N04R,40.678389,-73.903115,196,
A..N04R,40.678390,-73.903165,197,
A..N04R,40.678390,-73.903215,198,
A..N04R,40.678391,-73.903266,199,
A..N04R,40.678390,-73.903316,200,
A..N04R,40.678390,-73.903367,201,
A..N04R,40.678334,-73.905316,202,
A..N04R,40.678227,-73.907997,203,
A..N04R,40.678221,-73.908133,204,
A..N04R,40.678217,-73.908270,205,
A..N04R,40.678213,-73.908405,206,
A..N04R,40.678211,-73.908539,207,
A..N04R,40.678209,-73.908673,208,
A..N04R,40.678207,-73.908805,209,
A..N04R,40.678207,-73.908936,210,
A..N04R,40.678207,-73.909066,211,
A..N04R,40.678208,-73.909195,212,
A..N04R,40.678210,-73.909323,213,
A..N04R,40.678213,-73.909449,214,
A..N04R,40.678216,-73.909575,215,
A..N04R,40.678220,-73.909700,216,
A..N04R,40.678225,-73.909823,217,
A..N04R,40.678231,-73.909946,218,
A..N04R,40.678340,-73.911946,219,
A..N04R,40.678822,-73.920786,220,
A..N04R,40.679364,-73.930729,221,
A..N04R,40.679921,-73.940858,222,
A..N04R,40.680438,-73.950426,223,
A..N04R,40.680543,-73.952338,224,
A..N04R,40.680548,-73.952432,225,
A..N04R,40.680554,-73.952527,226,
A..N04R,40.680561,-73.952624,227,
A..N04R,40.680570,-73.952721,228,
A..N04R,40.680580,-73.952821,229,
A..N04R,40.680591,-73.952921,230,
A..N04R,40.680604,-73.953023,231,
A..N04R,40.680618,-73.953127,232,
A..N04R,40.680634,-73.953232,233,
A..N04R,40.680651,-73.953339,234,
A..N04R,40.680669,-73.953447,235,
A..N04R,40.680689,-73.953556,236,
A..N04R,40.680710,-73.953667,237,
A..N04R,40.680733,-73.953779,238,
A..N04R,40.680757,-73.953893,239,
A..N04R,40.681380,-73.956848,240,
A..N04R,40.683263,-73.965838,241,
A..N04R,40.683595,-73.967430,242,
A..N04R,40.683608,-73.967499,243,
A..N04R,40.683624,-73.967566,244,
A..N04R,40.683640,-73.967634,245,
A..N04R,40.683657,-73.967701,246,
A..N04R,40.683675,-73.967769,247,
A..N04R,40.683694,-73.967837,248,
A..N04R,40.683715,-73.967904,249,
A..N04R,40.683736,-73.967972,250,
A..N04R,40.683758,-73.968039,251,
A..N04R,40.683781,-73.968107,252,
A..N04R,40.683805,-73.968175,253,
A..N04R,40.683830,-73.968242,254,
A..N04R,40.683856,-73.968310,255,
A..N04R,40.683883,-73.968377,256,
A..N04R,40.683911,-73.968445,257,
A..N04R,40.686113,-73.973946,258,
A..N04R,40.686720,-73.975438,259,
A..N04R,40.686754,-73.975530,260,
A..N04R,40.686786,-73.975621,261,
A..N04R,40.686815,-73.975711,262,
A..N04R,40.686842,-73.975803,263,
A..N04R,40.686866,-73.975894,264,
A..N04R,40.686888,-73.975986,265,
A..N04R,40.686907,-73.976078,266,
A..N04R,40.686924,-73.976170,267,
A..N04R,40.686938,-73.976263,268,
A..N04R,40.686950,-73.976356,269,
A..N04R,40.686960,-73.976449,270,
A..N04R,40.686966,-73.976543,271,
A..N04R,40.686971,-73.976637,272,
A..N04R,40.686973,-73.976731,273,
A..N04R,40.686971,-73.976828,274,
A..N04R,40.686762,-73.978621,275,
A..N04R,40.686747,-73.978751,276,
A..N04R,40.686735,-73.978877,277,
A..N04R,40.686726,-73.979002,278,
A..N04R,40.686721,-73.979124,279,
A..N04R,40.686718,-73.979245,280,
A..N04R,40.686718,-73.979363,281,
A..N04R,40.686720,-73.979480,282,
A..N04R,40.686726,-73.979594,283,
A..N04R,40.686735,-73.979706,284,
A..N04R,40.686747,-73.979816,285,
A..N04R,40.686762,-73.979924,286,
A..N04R,40.686779,-73.980030,287,
A..N04R,40.686800,-73.980134,288,
A..N04R,40.686823,-73.980236,289,
A..N04R,40.686851,-73.980336,290,
A..N04R,40.686969,-73.980738,291,
A..N04R,40.686977,-73.980774,292,
A..N04R,40.686986,-73.980810,293,
A..N04R,40.686995,-73.980847,294,
A..N04R,40.687004,-73.980884,295,
A..N04R,40.687014,-73.980921,296,
A..N04R,40.687025,-73.980958,297,
A..N04R,40.687036,-73.980996,298,
A..N04R,40.687048,-73.981034,299,
A..N04R,40.687060,-73.981072,300,
A..N04R,40.687073,-73.981110,301,
A..N04R,40.687086,-73.981149,302,
A..N04R,40.687100,-73.981188,303,
A..N04R,40.687114,-73.981227,304,
A..N04R,40.687129,-73.981266,305,
A..N04R,40.687144,-73.981306,306,
A..N04R,40.687350,-73.981883,307,
A..N04R,40.687376,-73.981953,308,
A..N04R,40.687403,-73.982022,309,
A..N04R,40.687429,-73.982091,310,
A..N04R,40.687455,-73.982160,311,
A..N04R,40.687480,-73.982229,312,
A..N04R,40.687505,-73.982299,313,
A..N04R,40.687531,-73.982368,314,
A..N04R,40.687555,-73.982438,315,
A..N04R,40.687580,-73.982508,316,
A..N04R,40.687604,-73.982578,317,
A..N04R,40.687629,-73.982648,318,
A..N04R,40.687653,-73.982718,319,
A..N04R,40.687676,-73.982789,320,
A..N04R,40.687700,-73.982859,321,
A..N04R,40.687723,-73.982930,322,
A..N04R,40.687747,-73.983005,323,
A..N04R,40.687771,-73.983080,324,
A..N04R,40.687795,-73.983155,325,
A..N04R,40.687820,-73.983229,326,
A..N04R,40.687845,-73.983304,327,
A..N04R,40.687870,-73.983379,328,
A..N04R,40.687896,-73.983454,329,
A..N04R,40.687922,-73.983528,330,
A..N04R,40.687948,-73.983603,331,
A..N04R,40.687975,-73.983678,332,
A..N04R,40.688002,-73.983752,333,
A..N04R,40.688029,-73.983827,334,
A..N04R,40.688056,-73.983901,335,
A..N04R,40.688084,-73.983976,336,
A..N04R,40.688112,-73.984050,337,
A..N04R,40.688484,-73.985001,338,
A..N04R,40.689409,-73.987376,339,
A..N04R,40.689472,-73.987486,340,
A..N04R,40.689540,-73.987586,341,
A..N04R,40.689610,-73.987672,342,
A..N04R,40.689684,-73.987747,343,
A..N04R,40.689761,-73.987809,344,
A..N04R,40.689841,-73.987858,345,
A..N04R,40.689924,-73.987895,346,
A..N04R,40.690011,-73.987920,347,
A..N04R,40.690100,-73.987932,348,
A..N04R,40.690192,-73.987931,349,
A..N04R,40.690288,-73.987918,350,
A..N04R,40.690387,-73.987892,351,
A..N04R,40.690489,-73.987854,352,
A..N04R,40.690594,-73.987803,353,
A..N04R,40.690701,-73.987738,354,
A..N04R,40.690945,-73.987582,355,
A..N04R,40.690993,-73.987556,356,
A..N04R,40.691041,-73.987532,357,
A..N04R,40.691089,-73.987509,358,
A..N04R,40.691138,-73.987488,359,
A..N04R,40.691187,-73.987469,360,
A..N04R,40.691236,-73.987452,361,
A..N04R,40.691286,-73.987437,362,
A..N04R,40.691336,-73.987423,363,
A..N04R,40.691386,-73.987412,364,
A..N04R,40.691437,-73.987402,365,
A..N04R,40.691488,-73.987394,366,
A..N04R,40.691539,-73.987387,367,
A..N04R,40.691591,-73.987383,368,
A..N04R,40.691643,-73.987380,369,
A..N04R,40.691695,-73.987379,370,
A..N04R,40.692332,-73.987343,371,
A..N04R,40.692338,-73.987342,372,
A..N04R,40.692346,-73.987343,373,
A..N04R,40.693682,-73.987277,374,
A..N04R,40.693715,-73.987276,375,
A..N04R,40.693748,-73.987273,376,
A..N04R,40.693782,-73.987271,377,
A..N04R,40.693816,-73.987268,378,
A..N04R,40.693850,-73.987265,379,
A..N04R,40.693884,-73.987262,380,
A..N04R,40.693919,-73.987259,381,
A..N04R,40.693953,-73.987255,382,
A..N04R,40.693988,-73.987252,383,
A..N04R,40.694024,-73.987248,384,
A..N04R,40.694059,-73.987244,385,
A..N04R,40.694095,-73.987240,386,
A..N04R,40.694131,-73.987235,387,
A..N04R,40.694167,-73.987231,388,
A..N04R,40.694204,-73.987226,389,
A..N04R,40.694334,-73.987211,390,
A..N04R,40.694364,-73.987206,391,
A..N04R,40.694394,-73.987202,392,
A..N04R,40.694424,-73.987198,393,
A..N04R,40.694455,-73.987194,394,
A..N04R,40.694487,-73.987191,395,
A..N04R,40.694519,-73.987187,396,
A..N04R,40.694551,-73.987184,397,
A..N04R,40.694585,-73.987182,398,
A..N04R,40.694618,-73.987179,399,
A..N04R,40.694652,-73.987177,400,
A..N04R,40.694687,-73.987175,401,
A..N04R,40.694722,-73.987173,402,
A..N04R,40.694758,-73.987172,403,
A..N04R,40.694794,-73.987171,404,
A..N04R,40.694832,-73.987170,405,
A..N04R,40.697395,-73.987036,406,
A..N04R,40.697629,-73.987053,407,
A..N04R,40.697848,-73.987090,408,
A..N04R,40.698052,-73.987146,409,
A..N04R,40.698240,-73.987221,410,
A..N04R,40.698413,-73.987316,411,
A..N04R,40.698570,-73.987429,412,
A..N04R,40.698713,-73.987562,413,
A..N04R,40.698840,-73.987713,414,
A..N04R,40.698951,-73.987884,415,
A..N04R,40.699047,-73.988074,416,
A..N04R,40.699128,-73.988283,417,
A..N04R,40.699194,-73.988511,418,
A..N04R,40.699244,-73.988758,419,
A..N04R,40.699279,-73.989025,420,
A..N04R,40.699300,-73.989309,421,
A..N04R,40.699337,-73.990531,422,
A..N04R,40.699368,-73.991305,423,
A..N04R,40.699375,-73.991423,424,
A..N04R,40.699382,-73.991539,425,
A..N04R,40.699391,-73.991654,426,
A..N04R,40.699402,-73.991768,427,
A..N04R,40.699414,-73.991880,428,
A..N04R,40.699428,-73.991991,429,
A..N04R,40.699444,-73.992101,430,
A..N04R,40.699461,-73.992209,431,
A..N04R,40.699480,-73.992316,432,
A..N04R,40.699500,-73.992422,433,
A..N04R,40.699523,-73.992527,434,
A..N04R,40.699546,-73.992630,435,
A..N04R,40.699572,-73.992732,436,
A..N04R,40.699599,-73.992833,437,
A..N04R,40.699629,-73.992931,438,
A..N04R,40.700539,-73.996206,439,
A..N04R,40.700676,-73.996623,440,
A..N04R,40.700823,-73.997030,441,
A..N04R,40.700978,-73.997422,442,
A..N04R,40.701141,-73.997800,443,
A..N04R,40.701312,-73.998162,444,
A..N04R,40.701491,-73.998509,445,
A..N04R,40.701679,-73.998841,446,
A..N04R,40.701875,-73.999159,447,
A..N04R,40.702079,-73.999461,448,
A..N04R,40.702291,-73.999749,449,
A..N04R,40.702511,-74.000021,450,
A..N04R,40.702740,-74.000279,451,
A..N04R,40.702976,-74.000522,452,
A..N04R,40.703221,-74.000749,453,
A..N04R,40.703473,-74.000966,454,
A..N04R,40.708461,-74.004845,455,
A..N04R,40.708525,-74.004894,456,
A..N04R,40.708589,-74.004947,457,
A..N04R,40.708651,-74.005002,458,
A..N04R,40.708712,-74.005061,459,
A..N04R,40.708771,-74.005122,460,
A..N04R,40.708830,-74.005187,461,
A..N04R,40.708886,-74.005254,462,
A..N04R,40.708941,-74.005325,463,
A..N04R,40.708995,-74.005398,464,
A..N04R,40.709048,-74.005475,465,
A..N04R,40.709099,-74.005554,466,
A..N04R,40.709148,-74.005637,467,
A..N04R,40.709197,-74.005722,468,
A..N04R,40.709244,-74.005811,469,
A..N04R,40.709287,-74.005900,470,
A..N04R,40.710197,-74.007691,471,
A..N04R,40.711226,-74.009737,472,
A..N04R,40.711291,-74.009837,473,
A..N04R,40.711358,-74.009924,474,
A..N04R,40.711427,-74.009999,475,
A..N04R,40.711498,-74.010062,476,
A..N04R,40.711571,-74.010112,477,
A..N04R,40.711645,-74.010149,478,
A..N04R,40.711722,-74.010174,479,
A..N04R,40.711801,-74.010187,480,
A..N04R,40.711881,-74.010187,481,
A..N04R,40.711963,-74.010175,482,
A..N04R,40.712048,-74.010150,483,
A..N04R,40.712134,-74.010113,484,
A..N04R,40.712222,-74.010063,485,
A..N04R,40.712312,-74.010001,486,
A..N04R,40.712405,-74.009926,487,
A..N04R,40.714111,-74.008585,488,
A..N04R,40.718039,-74.005494,489,
A..N04R,40.718106,-74.005447,490,
A..N04R,40.718174,-74.005404,491,
A..N04R,40.718242,-74.005365,492,
A..N04R,40.718310,-74.005329,493,
A..N04R,40.718379,-74.005297,494,
A..N04R,40.718449,-74.005268,495,
A..N04R,40.718519,-74.005243,496,
A..N04R,40.718589,-74.005222,497,
A..N04R,40.718660,-74.005203,498,
A..N04R,40.718732,-74.005189,499,
A..N04R,40.718804,-74.005178,500,
A..N04R,40.718876,-74.005170,501,
A..N04R,40.718949,-74.005166,502,
A..N04R,40.719022,-74.005164,503,
A..N04R,40.719096,-74.005166,504,
A..N04R,40.720785,-74.005230,505,
A..N04R,40.720824,-74.005229,506,
A..N04R,40.721758,-74.005294,507,
A..N04R,40.721824,-74.005299,508,
A..N04R,40.721889,-74.005302,509,
A..N04R,40.721953,-74.005304,510,
A..N04R,40.722016,-74.005304,511,
A..N04R,40.722078,-74.005302,512,
A..N04R,40.722140,-74.005299,513,
A..N04R,40.722201,-74.005293,514,
A..N04R,40.722261,-74.005286,515,
A..N04R,40.722320,-74.005278,516,
A..N04R,40.722379,-74.005267,517,
A..N04R,40.722436,-74.005255,518,
A..N04R,40.722493,-74.005241,519,
A..N04R,40.722549,-74.005225,520,
A..N04R,40.722605,-74.005208,521,
A..N04R,40.722659,-74.005189,522,
A..N04R,40.726227,-74.003739,523,
A..N04R,40.728583,-74.002720,524,
A..N04R,40.728621,-74.002705,525,
A..N04R,40.728661,-74.002689,526,
A..N04R,40.728702,-74.002673,527,
A..N04R,40.728744,-74.002655,528,
A..N04R,40.728787,-74.002637,529,
A..N04R,40.728831,-74.002617,530,
A..N04R,40.728876,-74.002597,531,
A..N04R,40.728922,-74.002575,532,
A..N04R,40.728970,-74.002552,533,
A..N04R,40.729019,-74.002529,534,
A..N04R,40.729068,-74.002504,535,
A..N04R,40.729119,-74.002478,536,
A..N04R,40.729171,-74.002452,537,
A..N04R,40.729225,-74.002424,538,
A..N04R,40.729279,-74.002395,539,
A..N04R,40.730820,-74.001552,540,
A..N04R,40.730845,-74.001539,541,
A..N04R,40.730871,-74.001525,542,
A..N04R,40.730897,-74.001511,543,
A..N04R,40.730922,-74.001497,544,
A..N04R,40.730948,-74.001482,545,
A..N04R,40.730975,-74.001467,546,
A..N04R,40.731001,-74.001451,547,
A..N04R,40.731027,-74.001435,548,
A..N04R,40.731054,-74.001419,549,
A..N04R,40.731080,-74.001402,550,
A..N04R,40.731107,-74.001385,551,
A..N04R,40.731134,-74.001367,552,
A..N04R,40.731161,-74.001349,553,
A..N04R,40.731189,-74.001331,554,
A..N04R,40.731216,-74.001312,555,
A..N04R,40.732312,-74.000515,556,
A..N04R,40.732338,-74.000495,557,
A..N04R,40.732362,-74.000477,558,
A..N04R,40.733324,-73.999777,559,
A..N04R,40.733391,-73.999736,560,
A..N04R,40.733459,-73.999702,561,
A..N04R,40.733527,-73.999674,562,
A..N04R,40.733596,-73.999652,563,
A..N04R,40.733666,-73.999636,564,
A..N04R,40.733736,-73.999626,565,
A..N04R,40.733807,-73.999621,566,
A..N04R,40.733878,-73.999622,567,
A..N04R,40.733949,-73.999629,568,
A..N04R,40.734021,-73.999642,569,
A..N04R,40.734094,-73.999660,570,
A..N04R,40.734167,-73.999685,571,
A..N04R,40.734240,-73.999715,572,
A..N04R,40.734314,-73.999750,573,
A..N04R,40.734389,-73.999792,574,
A..N04R,40.738807,-74.002433,575,
A..N04R,40.738885,-74.002477,576,
A..N04R,40.738964,-74.002514,577,
A..N04R,40.739043,-74.002544,578,
A..N04R,40.739121,-74.002567,579,
A..N04R,40.739200,-74.002583,580,
A..N04R,40.739278,-74.002592,581,
A..N04R,40.739356,-74.002594,582,
A..N04R,40.739434,-74.002590,583,
A..N04R,40.739512,-74.002578,584,
A..N04R,40.739589,-74.002560,585,
A..N04R,40.739666,-74.002535,586,
A..N04R,40.739744,-74.002502,587,
A..N04R,40.739821,-74.002463,588,
A..N04R,40.739897,-74.002417,589,
A..N04R,40.739974,-74.002363,590,
A..N04R,40.740893,-74.001690,591,
A..N04R,40.745906,-73.998041,592,
A..N04R,40.752287,-73.993391,593,
A..N04R,40.757308,-73.989735,594,
A..N04R,40.762456,-73.985984,595,
A..N04R,40.763365,-73.985322,596,
A..N04R,40.764986,-73.984138,597,
A..N04R,40.768296,-73.981736,598,
A..N04R,40.775594,-73.976410,599,
A..N04R,40.781433,-73.972143,600,
A..N04R,40.785868,-73.968916,601,
A..N04R,40.791642,-73.964696,602,
A..N04R,40.796092,-73.961454,603,
A..N04R,40.800603,-73.958161,604,
A..N04R,40.805085,-73.954882,605,
A..N04R,40.807267,-73.953288,606,
A..N04R,40.807330,-73.953236,607,
A..N04R,40.807392,-73.953190,608,
A..N04R,40.807455,-73.953148,609,
A..N04R,40.807519,-73.953110,610,
A..N04R,40.807583,-73.953075,611,
A..N04R,40.807647,-73.953045,612,
A..N04R,40.807711,-73.953018,613,
A..N04R,40.807777,-73.952995,614,
A..N04R,40.807842,-73.952976,615,
A..N04R,40.807908,-73.952961,616,
A..N04R,40.807975,-73.952950,617,
A..N04R,40.808042,-73.952942,618,
A..N04R,40.808109,-73.952939,619,
A..N04R,40.808177,-73.952939,620,
A..N04R,40.808245,-73.952941,621,
A..N04R,40.809638,-73.953030,622,
A..N04R,40.809699,-73.953033,623,
A..N04R,40.809757,-73.953034,624,
A..N04R,40.809815,-73.953033,625,
A..N04R,40.809872,-73.953030,626,
A..N04R,40.809927,-73.953025,627,
A..N04R,40.809981,-73.953017,628,
A..N04R,40.810035,-73.953007,629,
A..N04R,40.810087,-73.952995,630,
A..N04R,40.810138,-73.952980,631,
A..N04R,40.810188,-73.952963,632,
A..N04R,40.810237,-73.952943,633,
A..N04R,40.810285,-73.952922,634,
A..N04R,40.810332,-73.952898,635,
A..N04R,40.810377,-73.952872,636,
A..N04R,40.810422,-73.952842,637,
A..N04R,40.811109,-73.952343,638,
A..N04R,40.811167,-73.952300,639,
A..N04R,40.811223,-73.952256,640,
A..N04R,40.811279,-73.952210,641,
A..N04R,40.811335,-73.952164,642,
A..N04R,40.811390,-73.952117,643,
A..N04R,40.811445,-73.952068,644,
A..N04R,40.811500,-73.952019,645,
A..N04R,40.811554,-73.951969,646,
A..N04R,40.811608,-73.951917,647,
A..N04R,40.811661,-73.951865,648,
A..N04R,40.811714,-73.951811,649,
A..N04R,40.811767,-73.951757,650,
A..N04R,40.811819,-73.951701,651,
A..N04R,40.811871,-73.951645,652,
A..N04R,40.811923,-73.951586,653,
A..N04R,40.812906,-73.950604,654,
A..N04R,40.812938,-73.950568,655,
A..N04R,40.812971,-73.950533,656,
A..N04R,40.813004,-73.950498,657,
A..N04R,40.813038,-73.950464,658,
A..N04R,40.813073,-73.950430,659,
A..N04R,40.813109,-73.950397,660,
A..N04R,40.813145,-73.950363,661,
A..N04R,40.813181,-73.950331,662,
A..N04R,40.813219,-73.950298,663,
A..N04R,40.813257,-73.950266,664,
A..N04R,40.813296,-73.950234,665,
A..N04R,40.813335,-73.950203,666,
A..N04R,40.813376,-73.950172,667,
A..N04R,40.813416,-73.950141,668,
A..N04R,40.813459,-73.950112,669,
A..N04R,40.814704,-73.949202,670,
A..N04R,40.814741,-73.949174,671,
A..N04R,40.814778,-73.949147,672,
A..N04R,40.814815,-73.949121,673,
A..N04R,40.814853,-73.949095,674,
A..N04R,40.814892,-73.949070,675,
A..N04R,40.814930,-73.949046,676,
A..N04R,40.814969,-73.949023,677,
A..N04R,40.815009,-73.949000,678,
A..N04R,40.815049,-73.948977,679,
A..N04R,40.815089,-73.948956,680,
A..N04R,40.815130,-73.948935,681,
A..N04R,40.815171,-73.948914,682,
A..N04R,40.815212,-73.948895,683,
A..N04R,40.815254,-73.948875,684,
A..N04R,40.815297,-73.948857,685,
A..N04R,40.817894,-73.947649,686,
A..N04R,40.823696,-73.944947,687,
A..N04R,40.823739,-73.944926,688,
A..N04R,40.823781,-73.944904,689,
A..N04R,40.823822,-73.944882,690,
A..N04R,40.823862,-73.944860,691,
A..N04R,40.823902,-73.944837,692,
A..N04R,40.823941,-73.944814,693,
A..N04R,40.823980,-73.944791,694,
A..N04R,40.824018,-73.944767,695,
A..N04R,40.824055,-73.944743,696,
A..N04R,40.824092,-73.944719,697,
A..N04R,40.824127,-73.944694,698,
A..N04R,40.824163,-73.944669,699,
A..N04R,40.824163,-73.944669,700,
A..N04R,40.824197,-73.944643,701,
A..N04R,40.824231,-73.944617,702,
A..N04R,40.824264,-73.944591,703,
A..N04R,40.824783,-73.944216,704,
A..N04R,40.824882,-73.944148,705,
A..N04R,40.825903,-73.943403,706,
A..N04R,40.825938,-73.943379,707,
A..N04R,40.825975,-73.943355,708,
A..N04R,40.826012,-73.943333,709,
A..N04R,40.826049,-73.943311,710,
A..N04R,40.826087,-73.943289,711,
A..N04R,40.826125,-73.943269,712,
A..N04R,40.826164,-73.943249,713,
A..N04R,40.826202,-73.943229,714,
A..N04R,40.826242,-73.943211,715,
A..N04R,40.826281,-73.943193,716,
A..N04R,40.826321,-73.943176,717,
A..N04R,40.826362,-73.943159,718,
A..N04R,40.826402,-73.943144,719,
A..N04R,40.826444,-73.943128,720,
A..N04R,40.826486,-73.943113,721,
A..N04R,40.830518,-73.941514,722,
A..N04R,40.832909,-73.940709,723,
A..N04R,40.832940,-73.940700,724,
A..N04R,40.832971,-73.940690,725,
A..N04R,40.833003,-73.940680,726,
A..N04R,40.833035,-73.940670,727,
A..N04R,40.833067,-73.940659,728,
A..N04R,40.833100,-73.940648,729,
A..N04R,40.833133,-73.940637,730,
A..N04R,40.833166,-73.940625,731,
A..N04R,40.833199,-73.940613,732,
A..N04R,40.833233,-73.940600,733,
A..N04R,40.833266,-73.940587,734,
A..N04R,40.833301,-73.940574,735,
A..N04R,40.833335,-73.940560,736,
A..N04R,40.833370,-73.940546,737,
A..N04R,40.833405,-73.940532,738,
A..N04R,40.834797,-73.939915,739,
A..N04R,40.834840,-73.939896,740,
A..N04R,40.834883,-73.939880,741,
A..N04R,40.834926,-73.939866,742,
A..N04R,40.834970,-73.939853,743,
A..N04R,40.835014,-73.939841,744,
A..N04R,40.835059,-73.939832,745,
A..N04R,40.835104,-73.939823,746,
A..N04R,40.835150,-73.939817,747,
A..N04R,40.835196,-73.939812,748,
A..N04R,40.835242,-73.939809,749,
A..N04R,40.835289,-73.939807,750,
A..N04R,40.835337,-73.939807,751,
A..N04R,40.835385,-73.939808,752,
A..N04R,40.835433,-73.939811,753,
A..N04R,40.835482,-73.939817,754,
A..N04R,40.836013,-73.939892,755,
A..N04R,40.836920,-73.940033,756,
A..N04R,40.836954,-73.940037,757,
A..N04R,40.836987,-73.940042,758,
A..N04R,40.837021,-73.940046,759,
A..N04R,40.837054,-73.940049,760,
A..N04R,40.837087,-73.940052,761,
A..N04R,40.837121,-73.940054,762,
A..N04R,40.837154,-73.940055,763,
A..N04R,40.837188,-73.940056,764,
A..N04R,40.837221,-73.940057,765,
A..N04R,40.837254,-73.940057,766,
A..N04R,40.837288,-73.940056,767,
A..N04R,40.837321,-73.940055,768,
A..N04R,40.837354,-73.940053,769,
A..N04R,40.837388,-73.940050,770,
A..N04R,40.837421,-73.940047,771,
A..N04R,40.839251,-73.939881,772,
A..N04R,40.839308,-73.939876,773,
A..N04R,40.839366,-73.939871,774,
A..N04R,40.839423,-73.939865,775,
A..N04R,40.839480,-73.939858,776,
A..N04R,40.839537,-73.939851,777,
A..N04R,40.839593,-73.939843,778,
A..N04R,40.839649,-73.939834,779,
A..N04R,40.839705,-73.939824,780,
A..N04R,40.839760,-73.939814,781,
A..N04R,40.839815,-73.939802,782,
A..N04R,40.839869,-73.939790,783,
A..N04R,40.839923,-73.939778,784,
A..N04R,40.839977,-73.939764,785,
A..N04R,40.840030,-73.939750,786,
A..N04R,40.840083,-73.939735,787,
A..N04R,40.840719,-73.939561,788,
A..N04R,40.841395,-73.939390,789,
A..N04R,40.841452,-73.939376,790,
A..N04R,40.841509,-73.939363,791,
A..N04R,40.841567,-73.939350,792,
A..N04R,40.841625,-73.939338,793,
A..N04R,40.841684,-73.939327,794,
A..N04R,40.841744,-73.939317,795,
A..N04R,40.841804,-73.939307,796,
A..N04R,40.841864,-73.939299,797,
A..N04R,40.841926,-73.939291,798,
A..N04R,40.841987,-73.939284,799,
A..N04R,40.842050,-73.939277,800,
A..N04R,40.842113,-73.939271,801,
A..N04R,40.842176,-73.939267,802,
A..N04R,40.842240,-73.939262,803,
A..N04R,40.842305,-73.939259,804,
A..N04R,40.842713,-73.939202,805,
A..N04R,40.842768,-73.939196,806,
A..N04R,40.842825,-73.939189,807,
A..N04R,40.842882,-73.939181,808,
A..N04R,40.842941,-73.939173,809,
A..N04R,40.843000,-73.939163,810,
A..N04R,40.843061,-73.939152,811,
A..N04R,40.843124,-73.939141,812,
A..N04R,40.843187,-73.939129,813,
A..N04R,40.843251,-73.939115,814,
A..N04R,40.843317,-73.939101,815,
A..N04R,40.843384,-73.939086,816,
A..N04R,40.843451,-73.939070,817,
A..N04R,40.843520,-73.939053,818,
A..N04R,40.843591,-73.939036,819,
A..N04R,40.843662,-73.939017,820,
A..N04R,40.844266,-73.938886,821,
A..N04R,40.844340,-73.938885,822,
A..N04R,40.844412,-73.938890,823,
A..N04R,40.844484,-73.938900,824,
A..N04R,40.844554,-73.938916,825,
A..N04R,40.844623,-73.938937,826,
A..N04R,40.844692,-73.938964,827,
A..N04R,40.844760,-73.938996,828,
A..N04R,40.844826,-73.939033,829,
A..N04R,40.844892,-73.939076,830,
A..N04R,40.844957,-73.939125,831,
A..N04R,40.845021,-73.939178,832,
A..N04R,40.845084,-73.939238,833,
A..N04R,40.845146,-73.939302,834,
A..N04R,40.845208,-73.939372,835,
A..N04R,40.845268,-73.939448,836,
A..N04R,40.845466,-73.939709,837,
A..N04R,40.845523,-73.939776,838,
A..N04R,40.845583,-73.939837,839,
A..N04R,40.845644,-73.939892,840,
A..N04R,40.845707,-73.939940,841,
A..N04R,40.845773,-73.939982,842,
A..N04R,40.845840,-73.940017,843,
A..N04R,40.845910,-73.940047,844,
A..N04R,40.845981,-73.940070,845,
A..N04R,40.846054,-73.940086,846,
A..N04R,40.846130,-73.940097,847,
A..N04R,40.846208,-73.940101,848,
A..N04R,40.846287,-73.940099,849,
A..N04R,40.846369,-73.940090,850,
A..N04R,40.846452,-73.940075,851,
A..N04R,40.846536,-73.940053,852,
A..N04R,40.847391,-73.939704,853,
A..N04R,40.851695,-73.937969,854,
A..N04R,40.855112,-73.936887,855,
A..N04R,40.855168,-73.936867,856,
A..N04R,40.855225,-73.936848,857,
A..N04R,40.855281,-73.936827,858,
A..N04R,40.855336,-73.936806,859,
A..N04R,40.855390,-73.936783,860,
A..N04R,40.855444,-73.936760,861,
A..N04R,40.855497,-73.936736,862,
A..N04R,40.855549,-73.936710,863,
A..N04R,40.855600,-73.936684,864,
A..N04R,40.855651,-73.936656,865,
A..N04R,40.855701,-73.936628,866,
A..N04R,40.855750,-73.936599,867,
A..N04R,40.855798,-73.936569,868,
A..N04R,40.855845,-73.936537,869,
A..N04R,40.855893,-73.936503,870,
A..N04R,40.859022,-73.934180,871,
A..N04R,40.863314,-73.930852,872,
A..N04R,40.863360,-73.930814,873,
A..N04R,40.863405,-73.930776,874,
A..N04R,40.863450,-73.930735,875,
A..N04R,40.863494,-73.930694,876,
A..N04R,40.863537,-73.930650,877,
A..N04R,40.863580,-73.930605,878,
A..N04R,40.863623,-73.930558,879,
A..N04R,40.863665,-73.930510,880,
A..N04R,40.863707,-73.930459,881,
A..N04R,40.863748,-73.930407,882,
A..N04R,40.863788,-73.930354,883,
A..N04R,40.863828,-73.930299,884,
A..N04R,40.863868,-73.930242,885,
A..N04R,40.863907,-73.930183,886,
A..N04R,40.863946,-73.930123,887,
A..N04R,40.864789,-73.928643,888,
A..N04R,40.865077,-73.928091,889,
A..N04R,40.865109,-73.928031,890,
A..N04R,40.865141,-73.927971,891,
A..N04R,40.865172,-73.927913,892,
A..N04R,40.865202,-73.927855,893,
A..N04R,40.865232,-73.927798,894,
A..N04R,40.865261,-73.927742,895,
A..N04R,40.865289,-73.927686,896,
A..N04R,40.865317,-73.927632,897,
A..N04R,40.865344,-73.927578,898,
A..N04R,40.865370,-73.927525,899,
A..N04R,40.865395,-73.927472,900,
A..N04R,40.865420,-73.927421,901,
A..N04R,40.865445,-73.927370,902,
A..N04R,40.865468,-73.927320,903,
A..N04R,40.865491,-73.927271,904,
A..N04R,40.865518,-73.927208,905,
A..N04R,40.865545,-73.927145,906,
A..N04R,40.865572,-73.927080,907,
A..N04R,40.865599,-73.927016,908,
A..N04R,40.865625,-73.926951,909,
A..N04R,40.865652,-73.926885,910,
A..N04R,40.865678,-73.926818,911,
A..N04R,40.865704,-73.926751,912,
A..N04R,40.865730,-73.926684,913,
A..N04R,40.865756,-73.926616,914,
A..N04R,40.865782,-73.926547,915,
A..N04R,40.865808,-73.926478,916,
A..N04R,40.865833,-73.926408,917,
A..N04R,40.865859,-73.926338,918,
A..N04R,40.865884,-73.926267,919,
A..N04R,40.867635,-73.921380,920,
A..N04R,40.867652,-73.921333,921,
A..N04R,40.867669,-73.921286,922,
A..N04R,40.867685,-73.921240,923,
A..N04R,40.867701,-73.921193,924,
A..N04R,40.867717,-73.921147,925,
A..N04R,40.867732,-73.921101,926,
A..N04R,40.867747,-73.921056,927,
A..N04R,40.867762,-73.921010,928,
A..N04R,40.867777,-73.920965,929,
A..N04R,40.867791,-73.920920,930,
A..N04R,40.867806,-73.920875,931,
A..N04R,40.867819,-73.920831,932,
A..N04R,40.867833,-73.920786,933,
A..N04R,40.867846,-73.920742,934,
A..N04R,40.867859,-73.920698,935,
A..N04R,40.868072,-73.919899,936,