B..N45R,40.577621,-73.961376,0,
B..N45R,40.577839,-73.960354,1,
B..N45R,40.577855,-73.960283,2,
B..N45R,40.577873,-73.960214,3,
B..N45R,40.577894,-73.960148,4,
B..N45R,40.577917,-73.960085,5,
B..N45R,40.577942,-73.960025,6,
B..N45R,40.577969,-73.959967,7,
B..N45R,40.577998,-73.959912,8,
B..N45R,40.578030,-73.959860,9,
B..N45R,40.578064,-73.959811,10,
B..N45R,40.578101,-73.959765,11,
B..N45R,40.578139,-73.959721,12,
B..N45R,40.578180,-73.959681,13,
B..N45R,40.578223,-73.959643,14,
B..N45R,40.578268,-73.959607,15,
B..N45R,40.578316,-73.959575,16,
B..N45R,40.585198,-73.954670,17,
B..N45R,40.585310,-73.954601,18,
B..N45R,40.585423,-73.954536,19,
B..N45R,40.585536,-73.954477,20,
B..N45R,40.585650,-73.954422,21,
B..N45R,40.585763,-73.954373,22,
B..N45R,40.585876,-73.954328,23,
B..N45R,40.585989,-73.954289,24,
B..N45R,40.586103,-73.954254,25,
B..N45R,40.586216,-73.954225,26,
B..N45R,40.586329,-73.954201,27,
B..N45R,40.586443,-73.954181,28,
B..N45R,40.586556,-73.954167,29,
B..N45R,40.586670,-73.954158,30,
B..N45R,40.586783,-73.954153,31,
B..N45R,40.586896,-73.954155,32,
B..N45R,40.586961,-73.954154,33,
B..N45R,40.587025,-73.954152,34,
B..N45R,40.587088,-73.954150,35,
B..N45R,40.587150,-73.954148,36,
B..N45R,40.587211,-73.954145,37,
B..N45R,40.587271,-73.954142,38,
B..N45R,40.587329,-73.954139,39,
B..N45R,40.587387,-73.954135,40,
B..N45R,40.587443,-73.954131,41,
B..N45R,40.587498,-73.954126,42,
B..N45R,40.587552,-73.954121,43,
B..N45R,40.587605,-73.954116,44,
B..N45R,40.587657,-73.954110,45,
B..N45R,40.587708,-73.954104,46,
B..N45R,40.587758,-73.954096,47,
B..N45R,40.588121,-73.954066,48,
B..N45R,40.588205,-73.954060,49,
B..N45R,40.588288,-73.954056,50,
B..N45R,40.588369,-73.954054,51,
B..N45R,40.588450,-73.954052,52,
B..N45R,40.588530,-73.954051,53,
B..N45R,40.588610,-73.954052,54,
B..N45R,40.588689,-73.954054,55,
B..N45R,40.588767,-73.954057,56,
B..N45R,40.588844,-73.954060,57,
B..N45R,40.588921,-73.954065,58,
B..N45R,40.588997,-73.954072,59,
B..N45R,40.589072,-73.954079,60,
B..N45R,40.589147,-73.954087,61,
B..N45R,40.589221,-73.954096,62,
B..N45R,40.589295,-73.954106,63,
B..N45R,40.590785,-73.954319,64,
B..N45R,40.595246,-73.955161,65,
B..N45R,40.599300,-73.955929,66,
B..N45R,40.607591,-73.957502,67,
B..N45R,40.607605,-73.957505,68,
B..N45R,40.607618,-73.957508,69,
B..N45R,40.607632,-73.957511,70,
B..N45R,40.607645,-73.957513,71,
B..N45R,40.607659,-73.957516,72,
B..N45R,40.607672,-73.957519,73,
B..N45R,40.607685,-73.957522,74,
B..N45R,40.607699,-73.957526,75,
B..N45R,40.607712,-73.957529,76,
B..N45R,40.607725,-73.957532,77,
B..N45R,40.607738,-73.957535,78,
B..N45R,40.607751,-73.957538,79,
B..N45R,40.607764,-73.957541,80,
B..N45R,40.607776,-73.957545,81,
B..N45R,40.607789,-73.957548,82,
B..N45R,40.607869,-73.957572,83,
B..N45R,40.607886,-73.957577,84,
B..N45R,40.607904,-73.957582,85,
B..N45R,40.607922,-73.957588,86,
B..N45R,40.607940,-73.957592,87,
B..N45R,40.607959,-73.957597,88,
B..N45R,40.607977,-73.957602,89,
B..N45R,40.607996,-73.957607,90,
B..N45R,40.608016,-73.957611,91,
B..N45R,40.608035,-73.957616,92,
B..N45R,40.608055,-73.957620,93,
B..N45R,40.608075,-73.957624,94,
B..N45R,40.608096,-73.957628,95,
B..N45R,40.608117,-73.957632,96,
B..N45R,40.608138,-73.957636,97,
B..N45R,40.608159,-73.957640,98,
B..N45R,40.608670,-73.957734,99,
B..N45R,40.609478,-73.957887,100,
B..N45R,40.609495,-73.957890,101,
B..N45R,40.609512,-73.957893,102,
B..N45R,40.609529,-73.957896,103,
B..N45R,40.609547,-73.957898,104,
B..N45R,40.609564,-73.957901,105,
B..N45R,40.609582,-73.957903,106,
B..N45R,40.609600,-73.957906,107,
B..N45R,40.609618,-73.957908,108,
B..N45R,40.609636,-73.957910,109,
B..N45R,40.609654,-73.957913,110,
B..N45R,40.609673,-73.957915,111,
B..N45R,40.609691,-73.957917,112,
B..N45R,40.609710,-73.957918,113,
B..N45R,40.609729,-73.957920,114,
B..N45R,40.609748,-73.957922,115,
B..N45R,40.609875,-73.957939,116,
B..N45R,40.609892,-73.957941,117,
B..N45R,40.609910,-73.957943,118,
B..N45R,40.609928,-73.957946,119,
B..N45R,40.609946,-73.957948,120,
B..N45R,40.609965,-73.957951,121,
B..N45R,40.609984,-73.957953,122,
B..N45R,40.610003,-73.957956,123,
B..N45R,40.610023,-73.957960,124,
B..N45R,40.610043,-73.957963,125,
B..N45R,40.610063,-73.957966,126,
B..N45R,40.610084,-73.957970,127,
B..N45R,40.610105,-73.957974,128,
B..N45R,40.610127,-73.957978,129,
B..N45R,40.610149,-73.957982,130,
B..N45R,40.610171,-73.957986,131,
B..N45R,40.617618,-73.959399,132,
B..N45R,40.625039,-73.960803,133,
B..N45R,40.628229,-73.961408,134,
B..N45R,40.628287,-73.961420,135,
B..N45R,40.628346,-73.961431,136,
B..N45R,40.628407,-73.961443,137,
B..N45R,40.628469,-73.961455,138,
B..N45R,40.628533,-73.961469,139,
B..N45R,40.628599,-73.961483,140,
B..N45R,40.628667,-73.961497,141,
B..N45R,40.628736,-73.961513,142,
B..N45R,40.628807,-73.961529,143,
B..N45R,40.628880,-73.961545,144,
B..N45R,40.628955,-73.961563,145,
B..N45R,40.629031,-73.961581,146,
B..N45R,40.629109,-73.961600,147,
B..N45R,40.629189,-73.961619,148,
B..N45R,40.629270,-73.961639,149,
B..N45R,40.630055,-73.961834,150,
B..N45R,40.630093,-73.961844,151,
B..N45R,40.630132,-73.961854,152,
B..N45R,40.630173,-73.961863,153,
B..N45R,40.630214,-73.961873,154,
B..N45R,40.630256,-73.961883,155,
B..N45R,40.630300,-73.961892,156,
B..N45R,40.630344,-73.961901,157,
B..N45R,40.630390,-73.961911,158,
B..N45R,40.630437,-73.961920,159,
B..N45R,40.630484,-73.961929,160,
B..N45R,40.630533,-73.961938,161,
B..N45R,40.630583,-73.961947,162,
B..N45R,40.630634,-73.961956,163,
B..N45R,40.630686,-73.961964,164,
B..N45R,40.630739,-73.961973,165,
B..N45R,40.635082,-73.962793,166,
B..N45R,40.640927,-73.963891,167,
B..N45R,40.644031,-73.964492,168,
B..N45R,40.644157,-73.964512,169,
B..N45R,40.644282,-73.964530,170,
B..N45R,40.644407,-73.964544,171,
B..N45R,40.644531,-73.964554,172,
B..N45R,40.644654,-73.964561,173,
B..N45R,40.644777,-73.964564,174,
B..N45R,40.644900,-73.964563,175,
B..N45R,40.645022,-73.964558,176,
B..N45R,40.645144,-73.964550,177,
B..N45R,40.645265,-73.964538,178,
B..N45R,40.645386,-73.964522,179,
B..N45R,40.645506,-73.964502,180,
B..N45R,40.645626,-73.964479,181,
B..N45R,40.645746,-73.964452,182,
B..N45R,40.645866,-73.964421,183,
B..N45R,40.650527,-73.962982,184,
B..N45R,40.650768,-73.962910,185,
B..N45R,40.651007,-73.962839,186,
B..N45R,40.651244,-73.962767,187,
B..N45R,40.651478,-73.962696,188,
B..N45R,40.651709,-73.962626,189,
B..N45R,40.651938,-73.962556,190,
B..N45R,40.652165,-73.962486,191,
B..N45R,40.652389,-73.962416,192,
B..N45R,40.652610,-73.962347,193,
B..N45R,40.652829,-73.962278,194,
B..N45R,40.653046,-73.962210,195,
B..N45R,40.653260,-73.962142,196,
B..N45R,40.653472,-73.962074,197,
B..N45R,40.653681,-73.962006,198,
B..N45R,40.653888,-73.961938,199,
B..N45R,40.655292,-73.961495,200,
B..N45R,40.655406,-73.961468,201,
B..N45R,40.655519,-73.961445,202,
B..N45R,40.655630,-73.961425,203,
B..N45R,40.655741,-73.961408,204,
B..N45R,40.655851,-73.961393,205,
B..N45R,40.655959,-73.961382,206,
B..N45R,40.656067,-73.961373,207,
B..N45R,40.656174,-73.961368,208,
B..N45R,40.656281,-73.961365,209,
B..N45R,40.656386,-73.961365,210,
B..N45R,40.656490,-73.961368,211,
B..N45R,40.656594,-73.961374,212,
B..N45R,40.656696,-73.961383,213,
B..N45R,40.656798,-73.961394,214,
B..N45R,40.656900,-73.961410,215,
B..N45R,40.660141,-73.961937,216,
B..N45R,40.660164,-73.961941,217,
B..N45R,40.660188,-73.961946,218,
B..N45R,40.660212,-73.961951,219,
B..N45R,40.660237,-73.961956,220,
B..N45R,40.660262,-73.961961,221,
B..N45R,40.660288,-73.961966,222,
B..N45R,40.660314,-73.961972,223,
B..N45R,40.660340,-73.961978,224,
B..N45R,40.660367,-73.961984,225,
B..N45R,40.660395,-73.961991,226,
B..N45R,40.660423,-73.961997,227,
B..N45R,40.660452,-73.962004,228,
B..N45R,40.660481,-73.962011,229,
B..N45R,40.660510,-73.962018,230,
B..N45R,40.660540,-73.962026,231,
B..N45R,40.660825,-73.962107,232,
B..N45R,40.660837,-73.962111,233,
B..N45R,40.660849,-73.962114,234,
B..N45R,40.660861,-73.962118,235,
B..N45R,40.660873,-73.962121,236,
B..N45R,40.660885,-73.962124,237,
B..N45R,40.660898,-73.962128,238,
B..N45R,40.660910,-73.962131,239,
B..N45R,40.660922,-73.962133,240,
B..N45R,40.660935,-73.962136,241,
B..N45R,40.660947,-73.962139,242,
B..N45R,40.660959,-73.962141,243,
B..N45R,40.660972,-73.962144,244,
B..N45R,40.660985,-73.962146,245,
B..N45R,40.660997,-73.962148,246,
B..N45R,40.661010,-73.962150,247,
B..N45R,40.661614,-73.962246,248,
B..N45R,40.662551,-73.962392,249,
B..N45R,40.662642,-73.962408,250,
B..N45R,40.662733,-73.962427,251,
B..N45R,40.662823,-73.962450,252,
B..N45R,40.662913,-73.962475,253,
B..N45R,40.663003,-73.962502,254,
B..N45R,40.663092,-73.962533,255,
B..N45R,40.663181,-73.962566,256,
B..N45R,40.663269,-73.962601,257,
B..N45R,40.663357,-73.962640,258,
B..N45R,40.663445,-73.962681,259,
B..N45R,40.663532,-73.962724,260,
B..N45R,40.663619,-73.962771,261,
B..N45R,40.663705,-73.962820,262,
B..N45R,40.663791,-73.962872,263,
B..N45R,40.663876,-73.962927,264,
B..N45R,40.677050,-73.972367,265,
B..N45R,40.682608,-73.976398,266,
B..N45R,40.682662,-73.976431,267,
B..N45R,40.682716,-73.976461,268,
B..N45R,40.682769,-73.976490,269,
B..N45R,40.682823,-73.976517,270,
B..N45R,40.682877,-73.976543,271,
B..N45R,40.682932,-73.976566,272,
B..N45R,40.682987,-73.976589,273,
B..N45R,40.683041,-73.976609,274,
B..N45R,40.683097,-73.976628,275,
B..N45R,40.683152,-73.976645,276,
B..N45R,40.683208,-73.976661,277,
B..N45R,40.683264,-73.976675,278,
B..N45R,40.683320,-73.976687,279,
B..N45R,40.683376,-73.976698,280,
B..N45R,40.683433,-73.976708,281,
B..N45R,40.684460,-73.976890,282,
B..N45R,40.687181,-73.977416,283,
B..N45R,40.687228,-73.977424,284,
B..N45R,40.687273,-73.977437,285,
B..N45R,40.687317,-73.977452,286,
B..N45R,40.687359,-73.977472,287,
B..N45R,40.687399,-73.977495,288,
B..N45R,40.687437,-73.977522,289,
B..N45R,40.687473,-73.977552,290,
B..N45R,40.687508,-73.977587,291,
B..N45R,40.687541,-73.977624,292,
B..N45R,40.687573,-73.977666,293,
B..N45R,40.687602,-73.977711,294,
B..N45R,40.687630,-73.977760,295,
B..N45R,40.687656,-73.977812,296,
B..N45R,40.687680,-73.977868,297,
B..N45R,40.687703,-73.977928,298,
B..N45R,40.688068,-73.978805,299,
B..N45R,40.688730,-73.980474,300,
B..N45R,40.688760,-73.980545,301,
B..N45R,40.688792,-73.980613,302,
B..N45R,40.688827,-73.980678,303,
B..N45R,40.688863,-73.980740,304,
B..N45R,40.688902,-73.980798,305,
B..N45R,40.688943,-73.980853,306,
B..N45R,40.688986,-73.980905,307,
B..N45R,40.689031,-73.980954,308,
B..N45R,40.689078,-73.980999,309,
B..N45R,40.689127,-73.981042,310,
B..N45R,40.689178,-73.981081,311,
B..N45R,40.689232,-73.981117,312,
B..N45R,40.689287,-73.981149,313,
B..N45R,40.689345,-73.981179,314,
B..N45R,40.689405,-73.981205,315,
B..N45R,40.690635,-73.981824,316,
B..N45R,40.691559,-73.982304,317,
B..N45R,40.693829,-73.983428,318,
B..N45R,40.695138,-73.983934,319,
B..N45R,40.697839,-73.985242,320,
B..N45R,40.714897,-73.994713,321,
B..N45R,40.714991,-73.994765,322,
B..N45R,40.715087,-73.994810,323,
B..N45R,40.715184,-73.994847,324,
B..N45R,40.715281,-73.994877,325,
B..N45R,40.715379,-73.994900,326,
B..N45R,40.715478,-73.994915,327,
B..N45R,40.715578,-73.994923,328,
B..N45R,40.715678,-73.994923,329,
B..N45R,40.715779,-73.994916,330,
B..N45R,40.715881,-73.994901,331,
B..N45R,40.715984,-73.994879,332,
B..N45R,40.716087,-73.994849,333,
B..N45R,40.716191,-73.994812,334,
B..N45R,40.716296,-73.994767,335,
B..N45R,40.716401,-73.994714,336,
B..N45R,40.718267,-73.993753,337,
B..N45R,40.721655,-73.992025,338,
B..N45R,40.721684,-73.992010,339,
B..N45R,40.721713,-73.991995,340,
B..N45R,40.721742,-73.991981,341,
B..N45R,40.721770,-73.991967,342,
B..N45R,40.721799,-73.991954,343,
B..N45R,40.721827,-73.991942,344,
B..N45R,40.721856,-73.991931,345,
B..N45R,40.721884,-73.991920,346,
B..N45R,40.721912,-73.991909,347,
B..N45R,40.721941,-73.991900,348,
B..N45R,40.721969,-73.991891,349,
B..N45R,40.721997,-73.991883,350,
B..N45R,40.722024,-73.991875,351,
B..N45R,40.722052,-73.991868,352,
B..N45R,40.722080,-73.991861,353,
B..N45R,40.722918,-73.991709,354,
B..N45R,40.723036,-73.991693,355,
B..N45R,40.723147,-73.991687,356,
B..N45R,40.723253,-73.991691,357,
B..N45R,40.723355,-73.991706,358,
B..N45R,40.723453,-73.991731,359,
B..N45R,40.723546,-73.991767,360,
B..N45R,40.723635,-73.991812,361,
B..N45R,40.723720,-73.991868,362,
B..N45R,40.723800,-73.991935,363,
B..N45R,40.723875,-73.992011,364,
B..N45R,40.723946,-73.992098,365,
B..N45R,40.724013,-73.992196,366,
B..N45R,40.724075,-73.992304,367,
B..N45R,40.724133,-73.992422,368,
B..N45R,40.724185,-73.992550,369,
B..N45R,40.725297,-73.996204,370,
B..N45R,40.725437,-73.996641,371,
B..N45R,40.725475,-73.996750,372,
B..N45R,40.725513,-73.996858,373,
B..N45R,40.725552,-73.996964,374,
B..N45R,40.725591,-73.997069,375,
B..N45R,40.725631,-73.997172,376,
B..N45R,40.725670,-73.997273,377,
B..N45R,40.725711,-73.997373,378,
B..N45R,40.725751,-73.997471,379,
B..N45R,40.725792,-73.997568,380,
B..N45R,40.725834,-73.997663,381,
B..N45R,40.725876,-73.997756,382,
B..N45R,40.725918,-73.997848,383,
B..N45R,40.725961,-73.997938,384,
B..N45R,40.726004,-73.998027,385,
B..N45R,40.726047,-73.998114,386,
B..N45R,40.727913,-74.001901,387,
B..N45R,40.727970,-74.002019,388,
B..N45R,40.728032,-74.002126,389,
B..N45R,40.728099,-74.002220,390,
B..N45R,40.728170,-74.002301,391,
B..N45R,40.728247,-74.002371,392,
B..N45R,40.728328,-74.002428,393,
B..N45R,40.728414,-74.002473,394,
B..N45R,40.728505,-74.002506,395,
B..N45R,40.728601,-74.002526,396,
B..N45R,40.728702,-74.002535,397,
B..N45R,40.728808,-74.002531,398,
B..N45R,40.728918,-74.002515,399,
B..N45R,40.729034,-74.002486,400,
B..N45R,40.729154,-74.002446,401,
B..N45R,40.729279,-74.002395,402,
B..N45R,40.730820,-74.001552,403,
B..N45R,40.730845,-74.001539,404,
B..N45R,40.730871,-74.001525,405,
B..N45R,40.730897,-74.001511,406,
B..N45R,40.730922,-74.001497,407,
B..N45R,40.730948,-74.001482,408,
B..N45R,40.730975,-74.001467,409,
B..N45R,40.731001,-74.001451,410,
B..N45R,40.731027,-74.001435,411,
B..N45R,40.731054,-74.001419,412,
B..N45R,40.731080,-74.001402,413,
B..N45R,40.731107,-74.001385,414,
B..N45R,40.731134,-74.001367,415,
B..N45R,40.731161,-74.001349,416,
B..N45R,40.731189,-74.001331,417,
B..N45R,40.731216,-74.001312,418,
B..N45R,40.732312,-74.000515,419,
B..N45R,40.732338,-74.000495,420,
B..N45R,40.732362,-74.000477,421,
B..N45R,40.733324,-73.999777,422,
B..N45R,40.738228,-73.996209,423,
B..N45R,40.742878,-73.992821,424,
B..N45R,40.749719,-73.987823,425,
B..N45R,40.754222,-73.984569,426,
B..N45R,40.758663,-73.981329,427,
B..N45R,40.760893,-73.979701,428,
B..N45R,40.761008,-73.979630,429,
B..N45R,40.761120,-73.979576,430,
B..N45R,40.761228,-73.979536,431,
B..N45R,40.761332,-73.979510,432,
B..N45R,40.761434,-73.979500,433,
B..N45R,40.761532,-73.979505,434,
B..N45R,40.761626,-73.979524,435,
B..N45R,40.761717,-73.979558,436,
B..N45R,40.761805,-73.979607,437,
B..N45R,40.761889,-73.979670,438,
B..N45R,40.761969,-73.979749,439,
B..N45R,40.762047,-73.979842,440,
B..N45R,40.762121,-73.979950,441,
B..N45R,40.762191,-73.980073,442,
B..N45R,40.762259,-73.980212,443,
B..N45R,40.762862,-73.981637,444,
B..N45R,40.762874,-73.981663,445,
B..N45R,40.763731,-73.983698,446,
B..N45R,40.763794,-73.983809,447,
B..N45R,40.763861,-73.983910,448,
B..N45R,40.763931,-73.983999,449,
B..N45R,40.764003,-73.984077,450,
B..N45R,40.764078,-73.984142,451,
B..N45R,40.764157,-73.984195,452,
B..N45R,40.764237,-73.984237,453,
B..N45R,40.764321,-73.984266,454,
B..N45R,40.764408,-73.984284,455,
B..N45R,40.764497,-73.984289,456,
B..N45R,40.764589,-73.984283,457,
B..N45R,40.764684,-73.984265,458,
B..N45R,40.764782,-73.984234,459,
B..N45R,40.764883,-73.984192,460,
B..N45R,40.764986,-73.984138,461,
B..N45R,40.768296,-73.981736,462,
B..N45R,40.775594,-73.976410,463,
B..N45R,40.781433,-73.972143,464,
B..N45R,40.785868,-73.968916,465,
B..N45R,40.791642,-73.964696,466,
B..N45R,40.796092,-73.961454,467,
B..N45R,40.800603,-73.958161,468,
B..N45R,40.805085,-73.954882,469,
B..N45R,40.807267,-73.953288,470,
B..N45R,40.807330,-73.953236,471,
B..N45R,40.807392,-73.953190,472,
B..N45R,40.807455,-73.953148,473,
B..N45R,40.807519,-73.953110,474,
B..N45R,40.807583,-73.953075,475,
B..N45R,40.807647,-73.953045,476,
B..N45R,40.807711,-73.953018,477,
B..N45R,40.807777,-73.952995,478,
B..N45R,40.807842,-73.952976,479,
B..N45R,40.807908,-73.952961,480,
B..N45R,40.807975,-73.952950,481,
B..N45R,40.808042,-73.952942,482,
B..N45R,40.808109,-73.952939,483,
B..N45R,40.808177,-73.952939,484,
B..N45R,40.808245,-73.952941,485,
B..N45R,40.809638,-73.953030,486,
B..N45R,40.809699,-73.953033,487,
B..N45R,40.809757,-73.953034,488,
B..N45R,40.809815,-73.953033,489,
B..N45R,40.809872,-73.953030,490,
B..N45R,40.809927,-73.953025,491,
B..N45R,40.809981,-73.953017,492,
B..N45R,40.810035,-73.953007,493,
B..N45R,40.810087,-73.952995,494,
B..N45R,40.810138,-73.952980,495,
B..N45R,40.810188,-73.952963,496,
B..N45R,40.810237,-73.952943,497,
B..N45R,40.810285,-73.952922,498,
B..N45R,40.810332,-73.952898,499,
B..N45R,40.810377,-73.952872,500,
B..N45R,40.810422,-73.952842,501,
B..N45R,40.811109,-73.952343,502,
B..N45R,40.811167,-73.952300,503,
B..N45R,40.811223,-73.952256,504,
B..N45R,40.811279,-73.952210,505,
B..N45R,40.811335,-73.952164,506,
B..N45R,40.811390,-73.952117,507,
B..N45R,40.811445,-73.952068,508,
B..N45R,40.811500,-73.952019,509,
B..N45R,40.811554,-73.951969,510,
B..N45R,40.811608,-73.951917,511,
B..N45R,40.811661,-73.951865,512,
B..N45R,40.811714,-73.951811,513,
B..N45R,40.811767,-73.951757,514,
B..N45R,40.811819,-73.951701,515,
B..N45R,40.811871,-73.951645,516,
B..N45R,40.811923,-73.951586,517,
B..N45R,40.812906,-73.950604,518,
B..N45R,40.812938,-73.950568,519,
B..N45R,40.812971,-73.950533,520,
B..N45R,40.813004,-73.950498,521,
B..N45R,40.813038,-73.950464,522,
B..N45R,40.813073,-73.950430,523,
B..N45R,40.813109,-73.950397,524,
B..N45R,40.813145,-73.950363,525,
B..N45R,40.813181,-73.950331,526,
B..N45R,40.813219,-73.950298,527,
B..N45R,40.813257,-73.950266,528,
B..N45R,40.813296,-73.950234,529,
B..N45R,40.813335,-73.950203,530,
B..N45R,40.813376,-73.950172,531,
B..N45R,40.813416,-73.950141,532,
B..N45R,40.813459,-73.950112,533,
B..N45R,40.814704,-73.949202,534,
B..N45R,40.814741,-73.949174,535,
B..N45R,40.814778,-73.949147,536,
B..N45R,40.814815,-73.949121,537,
B..N45R,40.814853,-73.949095,538,
B..N45R,40.814892,-73.949070,539,
B..N45R,40.814930,-73.949046,540,
B..N45R,40.814969,-73.949023,541,
B..N45R,40.815009,-73.949000,542,
B..N45R,40.815049,-73.948977,543,
B..N45R,40.815089,-73.948956,544,
B..N45R,40.815130,-73.948935,545,
B..N45R,40.815171,-73.948914,546,
B..N45R,40.815212,-73.948895,547,
B..N45R,40.815254,-73.948875,548,
B..N45R,40.815297,-73.948857,549,
B..N45R,40.817894,-73.947649,550,
B..N45R,40.823696,-73.944947,551,
B..N45R,40.823739,-73.944926,552,
B..N45R,40.823781,-73.944904,553,
B..N45R,40.823822,-73.944882,554,
B..N45R,40.823862,-73.944860,555,
B..N45R,40.823902,-73.944837,556,
B..N45R,40.823941,-73.944814,557,
B..N45R,40.823980,-73.944791,558,
B..N45R,40.824018,-73.944767,559,
B..N45R,40.824055,-73.944743,560,
B..N45R,40.824092,-73.944719,561,
B..N45R,40.824127,-73.944694,562,
B..N45R,40.824163,-73.944669,563,
B..N45R,40.824197,-73.944643,564,
B..N45R,40.824231,-73.944617,565,
B..N45R,40.824264,-73.944591,566,
B..N45R,40.824783,-73.944216,567,
B..N45R,40.824882,-73.944148,568,
B..N45R,40.825903,-73.943403,569,
B..N45R,40.827054,-73.942486,570,
B..N45R,40.827073,-73.942468,571,
B..N45R,40.827090,-73.942453,572,
B..N45R,40.827108,-73.942438,573,
B..N45R,40.827126,-73.942424,574,
B..N45R,40.827143,-73.942410,575,
B..N45R,40.827161,-73.942397,576,
B..N45R,40.827178,-73.942384,577,
B..N45R,40.827196,-73.942371,578,
B..N45R,40.827213,-73.942358,579,
B..N45R,40.827231,-73.942346,580,
B..N45R,40.827248,-73.942334,581,
B..N45R,40.827266,-73.942322,582,
B..N45R,40.827283,-73.942311,583,
B..N45R,40.827301,-73.942300,584,
B..N45R,40.827318,-73.942289,585,
B..N45R,40.829263,-73.941032,586,
B..N45R,40.829358,-73.940953,587,
B..N45R,40.829448,-73.940866,588,
B..N45R,40.829533,-73.940772,589,
B..N45R,40.829612,-73.940673,590,
B..N45R,40.829685,-73.940567,591,
B..N45R,40.829753,-73.940455,592,
B..N45R,40.829815,-73.940336,593,
B..N45R,40.829871,-73.940211,594,
B..N45R,40.829922,-73.940079,595,
B..N45R,40.829967,-73.939941,596,
B..N45R,40.830007,-73.939797,597,
B..N45R,40.830041,-73.939646,598,
B..N45R,40.830069,-73.939489,599,
B..N45R,40.830091,-73.939326,600,
B..N45R,40.830108,-73.939156,601,
B..N45R,40.830111,-73.939092,602,
B..N45R,40.830115,-73.939028,603,
B..N45R,40.830118,-73.938965,604,
B..N45R,40.830120,-73.938902,605,
B..N45R,40.830123,-73.938839,606,
B..N45R,40.830125,-73.938776,607,
B..N45R,40.830127,-73.938713,608,
B..N45R,40.830129,-73.938650,609,
B..N45R,40.830130,-73.938587,610,
B..N45R,40.830132,-73.938524,611,
B..N45R,40.830133,-73.938461,612,
B..N45R,40.830134,-73.938398,613,
B..N45R,40.830134,-73.938335,614,
B..N45R,40.830135,-73.938273,615,
B..N45R,40.830135,-73.938209,616,
B..N45R,40.830093,-73.936658,617,
B..N45R,40.829985,-73.931071,618,
B..N45R,40.829975,-73.930905,619,
B..N45R,40.829961,-73.930743,620,
B..N45R,40.829945,-73.930586,621,
B..N45R,40.829926,-73.930434,622,
B..N45R,40.829904,-73.930285,623,
B..N45R,40.829878,-73.930142,624,
B..N45R,40.829850,-73.930003,625,
B..N45R,40.829819,-73.929868,626,
B..N45R,40.829785,-73.929738,627,
B..N45R,40.829748,-73.929613,628,
B..N45R,40.829708,-73.929492,629,
B..N45R,40.829664,-73.929375,630,
B..N45R,40.829618,-73.929263,631,
B..N45R,40.829569,-73.929156,632,
B..N45R,40.829514,-73.929053,633,
B..N45R,40.828599,-73.927482,634,
B..N45R,40.828544,-73.927369,635,
B..N45R,40.828491,-73.927254,636,
B..N45R,40.828440,-73.927138,637,
B..N45R,40.828390,-73.927021,638,
B..N45R,40.828341,-73.926902,639,
B..N45R,40.828292,-73.926783,640,
B..N45R,40.828245,-73.926662,641,
B..N45R,40.828199,-73.926540,642,
B..N45R,40.828154,-73.926417,643,
B..N45R,40.828110,-73.926292,644,
B..N45R,40.828067,-73.926166,645,
B..N45R,40.828025,-73.926040,646,
B..N45R,40.827984,-73.925912,647,
B..N45R,40.827944,-73.925782,648,
B..N45R,40.827905,-73.925651,649,
B..N45R,40.827601,-73.924598,650,
B..N45R,40.827504,-73.924298,651,
B..N45R,40.827429,-73.924013,652,
B..N45R,40.827378,-73.923742,653,
B..N45R,40.827348,-73.923486,654,
B..N45R,40.827342,-73.923244,655,
B..N45R,40.827358,-73.923016,656,
B..N45R,40.827397,-73.922802,657,
B..N45R,40.827459,-73.922603,658,
B..N45R,40.827543,-73.922419,659,
B..N45R,40.827650,-73.922248,660,
B..N45R,40.827779,-73.922092,661,
B..N45R,40.827931,-73.921951,662,
B..N45R,40.828106,-73.921823,663,
B..N45R,40.828304,-73.921711,664,
B..N45R,40.828524,-73.921612,665,
B..N45R,40.830814,-73.920523,666,
B..N45R,40.831044,-73.920400,667,
B..N45R,40.831270,-73.920275,668,
B..N45R,40.831491,-73.920148,669,
B..N45R,40.831707,-73.920018,670,
B..N45R,40.831918,-73.919886,671,
B..N45R,40.832124,-73.919751,672,
B..N45R,40.832326,-73.919614,673,
B..N45R,40.832523,-73.919475,674,
B..N45R,40.832715,-73.919334,675,
B..N45R,40.832902,-73.919190,676,
B..N45R,40.833085,-73.919043,677,
B..N45R,40.833263,-73.918895,678,
B..N45R,40.833436,-73.918744,679,
B..N45R,40.833604,-73.918591,680,
B..N45R,40.833771,-73.918440,681,
B..N45R,40.837691,-73.914603,682,
B..N45R,40.837801,-73.914503,683,
B..N45R,40.837912,-73.914405,684,
B..N45R,40.838023,-73.914310,685,
B..N45R,40.838133,-73.914218,686,
B..N45R,40.838242,-73.914129,687,
B..N45R,40.838351,-73.914043,688,
B..N45R,40.838459,-73.913960,689,
B..N45R,40.838567,-73.913879,690,
B..N45R,40.838674,-73.913802,691,
B..N45R,40.838781,-73.913728,692,
B..N45R,40.838887,-73.913656,693,
B..N45R,40.838992,-73.913588,694,
B..N45R,40.839097,-73.913522,695,
B..N45R,40.839202,-73.913460,696,
B..N45R,40.839306,-73.913400,697,
B..N45R,40.839370,-73.913362,698,
B..N45R,40.839436,-73.913326,699,
B..N45R,40.839436,-73.913326,700,
B..N45R,40.839503,-73.913289,701,
B..N45R,40.839572,-73.913253,702,
B..N45R,40.839644,-73.913216,703,
B..N45R,40.839717,-73.913180,704,
B..N45R,40.839793,-73.913143,705,
B..N45R,40.839870,-73.913107,706,
B..N45R,40.839949,-73.913070,707,
B..N45R,40.840031,-73.913034,708,
B..N45R,40.840115,-73.912997,709,
B..N45R,40.840200,-73.912961,710,
B..N45R,40.840288,-73.912924,711,
B..N45R,40.840377,-73.912888,712,
B..N45R,40.840469,-73.912850,713,
B..N45R,40.844055,-73.911640,714,
B..N45R,40.844201,-73.911575,715,
B..N45R,40.844343,-73.911505,716,
B..N45R,40.844482,-73.911430,717,
B..N45R,40.844618,-73.911351,718,
B..N45R,40.844751,-73.911266,719,
B..N45R,40.844880,-73.911176,720,
B..N45R,40.845006,-73.911080,721,
B..N45R,40.845129,-73.910980,722,
B..N45R,40.845249,-73.910875,723,
B..N45R,40.845365,-73.910765,724,
B..N45R,40.845478,-73.910650,725,
B..N45R,40.845588,-73.910529,726,
B..N45R,40.845695,-73.910404,727,
B..N45R,40.845799,-73.910273,728,
B..N45R,40.845900,-73.910136,729,
B..N45R,40.846868,-73.908755,730,
B..N45R,40.847028,-73.908535,731,
B..N45R,40.847187,-73.908324,732,
B..N45R,40.847343,-73.908121,733,
B..N45R,40.847497,-73.907926,734,
B..N45R,40.847649,-73.907739,735,
B..N45R,40.847799,-73.907560,736,
B..N45R,40.847947,-73.907389,737,
B..N45R,40.848093,-73.907227,738,
B..N45R,40.848236,-73.907072,739,
B..N45R,40.848378,-73.906925,740,
B..N45R,40.848518,-73.906787,741,
B..N45R,40.848656,-73.906656,742,
B..N45R,40.848791,-73.906534,743,
B..N45R,40.848925,-73.906419,744,
B..N45R,40.849058,-73.906311,745,
B..N45R,40.850410,-73.905227,746,
B..N45R,40.854996,-73.901532,747,
B..N45R,40.855064,-73.901476,748,
B..N45R,40.855133,-73.901420,749,
B..N45R,40.855203,-73.901365,750,
B..N45R,40.855273,-73.901310,751,
B..N45R,40.855344,-73.901256,752,
B..N45R,40.855416,-73.901202,753,
B..N45R,40.855488,-73.901148,754,
B..N45R,40.855562,-73.901096,755,
B..N45R,40.855636,-73.901043,756,
B..N45R,40.855710,-73.900992,757,
B..N45R,40.855786,-73.900940,758,
B..N45R,40.855862,-73.900890,759,
B..N45R,40.855938,-73.900840,760,
B..N45R,40.856016,-73.900790,761,
B..N45R,40.856093,-73.900741,762,
B..N45R,40.858881,-73.899078,763,
B..N45R,40.858948,-73.899037,764,
B..N45R,40.859014,-73.898997,765,
B..N45R,40.859081,-73.898957,766,
B..N45R,40.859147,-73.898918,767,
B..N45R,40.859213,-73.898880,768,
B..N45R,40.859280,-73.898842,769,
B..N45R,40.859346,-73.898804,770,
B..N45R,40.859412,-73.898768,771,
B..N45R,40.859478,-73.898731,772,
B..N45R,40.859544,-73.898695,773,
B..N45R,40.859610,-73.898660,774,
B..N45R,40.859676,-73.898625,775,
B..N45R,40.859742,-73.898591,776,
B..N45R,40.859807,-73.898557,777,
B..N45R,40.859873,-73.898523,778,
B..N45R,40.861296,-73.897749,779,
B..N45R,40.862073,-73.897337,780,
B..N45R,40.862151,-73.897292,781,
B..N45R,40.862227,-73.897247,782,
B..N45R,40.862303,-73.897202,783,
B..N45R,40.862377,-73.897157,784,
B..N45R,40.862450,-73.897111,785,
B..N45R,40.862521,-73.897064,786,
B..N45R,40.862591,-73.897017,787,
B..N45R,40.862660,-73.896970,788,
B..N45R,40.862728,-73.896923,789,
B..N45R,40.862795,-73.896875,790,
B..N45R,40.862860,-73.896827,791,
B..N45R,40.862924,-73.896779,792,
B..N45R,40.862986,-73.896730,793,
B..N45R,40.863048,-73.896681,794,
B..N45R,40.863108,-73.896631,795,
B..N45R,40.866103,-73.894164,796,
B..N45R,40.866978,-73.893509,797,
B..N45R,40.868949,-73.891998,798,
B..N45R,40.869074,-73.891891,799,
B..N45R,40.869195,-73.891781,800,
B..N45R,40.869312,-73.891671,801,
B..N45R,40.869424,-73.891560,802,
B..N45R,40.869533,-73.891448,803,
B..N45R,40.869639,-73.891336,804,
B..N45R,40.869740,-73.891223,805,
B..N45R,40.869837,-73.891109,806,
B..N45R,40.869931,-73.890995,807,
B..N45R,40.870020,-73.890880,808,
B..N45R,40.870106,-73.890765,809,
B..N45R,40.870188,-73.890649,810,
B..N45R,40.870266,-73.890532,811,
B..N45R,40.870341,-73.890415,812,
B..N45R,40.870411,-73.890297,813,
B..N45R,40.870901,-73.889495,814,
B..N45R,40.870952,-73.889396,815,
B..N45R,40.871006,-73.889299,816,
B..N45R,40.871061,-73.889205,817,
B..N45R,40.871118,-73.889113,818,
B..N45R,40.871175,-73.889024,819,
B..N45R,40.871233,-73.888938,820,
B..N45R,40.871292,-73.888854,821,
B..N45R,40.871352,-73.888773,822,
B..N45R,40.871413,-73.888695,823,
B..N45R,40.871475,-73.888619,824,
B..N45R,40.871539,-73.888546,825,
B..N45R,40.871603,-73.888476,826,
B..N45R,40.871668,-73.888408,827,
B..N45R,40.871734,-73.888343,828,
B..N45R,40.871801,-73.888279,829,
B..N45R,40.873244,-73.887138,830,