D..N14R,40.577422,-73.981233,0,
D..N14R,40.578309,-73.981401,1,
D..N14R,40.578339,-73.981405,2,
D..N14R,40.578370,-73.981409,3,
D..N14R,40.578400,-73.981412,4,
D..N14R,40.578429,-73.981414,5,
D..N14R,40.578459,-73.981415,6,
D..N14R,40.578488,-73.981416,7,
D..N14R,40.578518,-73.981415,8,
D..N14R,40.578546,-73.981414,9,
D..N14R,40.578575,-73.981413,10,
D..N14R,40.578604,-73.981410,11,
D..N14R,40.578632,-73.981407,12,
D..N14R,40.578660,-73.981403,13,
D..N14R,40.578688,-73.981398,14,
D..N14R,40.578716,-73.981392,15,
D..N14R,40.578743,-73.981386,16,
D..N14R,40.578767,-73.981382,17,
D..N14R,40.578792,-73.981379,18,
D..N14R,40.578816,-73.981376,19,
D..N14R,40.578841,-73.981373,20,
D..N14R,40.578866,-73.981371,21,
D..N14R,40.578891,-73.981370,22,
D..N14R,40.578916,-73.981368,23,
D..N14R,40.578942,-73.981368,24,
D..N14R,40.578968,-73.981367,25,
D..N14R,40.578993,-73.981367,26,
D..N14R,40.579020,-73.981368,27,
D..N14R,40.579046,-73.981369,28,
D..N14R,40.579072,-73.981370,29,
D..N14R,40.579099,-73.981372,30,
D..N14R,40.579126,-73.981373,31,
D..N14R,40.580445,-73.981460,32,
D..N14R,40.580478,-73.981460,33,
D..N14R,40.580511,-73.981460,34,
D..N14R,40.580544,-73.981458,35,
D..N14R,40.580576,-73.981456,36,
D..N14R,40.580609,-73.981453,37,
D..N14R,40.580641,-73.981448,38,
D..N14R,40.580672,-73.981443,39,
D..N14R,40.580704,-73.981437,40,
D..N14R,40.580735,-73.981429,41,
D..N14R,40.580765,-73.981421,42,
D..N14R,40.580796,-73.981412,43,
D..N14R,40.580826,-73.981401,44,
D..N14R,40.580855,-73.981390,45,
D..N14R,40.580885,-73.981377,46,
D..N14R,40.580914,-73.981364,47,
D..N14R,40.581268,-73.981208,48,
D..N14R,40.581347,-73.981180,49,
D..N14R,40.581426,-73.981153,50,
D..N14R,40.581506,-73.981127,51,
D..N14R,40.581586,-73.981102,52,
D..N14R,40.581666,-73.981079,53,
D..N14R,40.581747,-73.981057,54,
D..N14R,40.581827,-73.981036,55,
D..N14R,40.581909,-73.981016,56,
D..N14R,40.581990,-73.980998,57,
D..N14R,40.582072,-73.980980,58,
D..N14R,40.582154,-73.980964,59,
D..N14R,40.582236,-73.980949,60,
D..N14R,40.582319,-73.980936,61,
D..N14R,40.582402,-73.980923,62,
D..N14R,40.582485,-73.980912,63,
D..N14R,40.583361,-73.980814,64,
D..N14R,40.583398,-73.980811,65,
D..N14R,40.583434,-73.980808,66,
D..N14R,40.583471,-73.980806,67,
D..N14R,40.583509,-73.980805,68,
D..N14R,40.583546,-73.980804,69,
D..N14R,40.583583,-73.980805,70,
D..N14R,40.583621,-73.980805,71,
D..N14R,40.583659,-73.980807,72,
D..N14R,40.583697,-73.980809,73,
D..N14R,40.583735,-73.980812,74,
D..N14R,40.583774,-73.980815,75,
D..N14R,40.583812,-73.980819,76,
D..N14R,40.583851,-73.980824,77,
D..N14R,40.583890,-73.980830,78,
D..N14R,40.583929,-73.980836,79,
D..N14R,40.584227,-73.980891,80,
D..N14R,40.584267,-73.980899,81,
D..N14R,40.584306,-73.980909,82,
D..N14R,40.584345,-73.980919,83,
D..N14R,40.584384,-73.980930,84,
D..N14R,40.584423,-73.980941,85,
D..N14R,40.584461,-73.980954,86,
D..N14R,40.584500,-73.980968,87,
D..N14R,40.584538,-73.980982,88,
D..N14R,40.584576,-73.980998,89,
D..N14R,40.584614,-73.981014,90,
D..N14R,40.584652,-73.981031,91,
D..N14R,40.584689,-73.981049,92,
D..N14R,40.584727,-73.981068,93,
D..N14R,40.584764,-73.981088,94,
D..N14R,40.584801,-73.981109,95,
D..N14R,40.585098,-73.981289,96,
D..N14R,40.585497,-73.981556,97,
D..N14R,40.585595,-73.981625,98,
D..N14R,40.585687,-73.981696,99,
D..N14R,40.585776,-73.981767,100,
D..N14R,40.585862,-73.981837,101,
D..N14R,40.585943,-73.981908,102,
D..N14R,40.586020,-73.981979,103,
D..N14R,40.586094,-73.982050,104,
D..N14R,40.586163,-73.982120,105,
D..N14R,40.586229,-73.982191,106,
D..N14R,40.586291,-73.982263,107,
D..N14R,40.586349,-73.982334,108,
D..N14R,40.586403,-73.982405,109,
D..N14R,40.586454,-73.982476,110,
D..N14R,40.586500,-73.982548,111,
D..N14R,40.586543,-73.982620,112,
D..N14R,40.586717,-73.982945,113,
D..N14R,40.586751,-73.983004,114,
D..N14R,40.586785,-73.983059,115,
D..N14R,40.586819,-73.983111,116,
D..N14R,40.586854,-73.983160,117,
D..N14R,40.586889,-73.983204,118,
D..N14R,40.586923,-73.983246,119,
D..N14R,40.586958,-73.983283,120,
D..N14R,40.586994,-73.983318,121,
D..N14R,40.587029,-73.983348,122,
D..N14R,40.587065,-73.983376,123,
D..N14R,40.587100,-73.983399,124,
D..N14R,40.587136,-73.983420,125,
D..N14R,40.587172,-73.983436,126,
D..N14R,40.587209,-73.983449,127,
D..N14R,40.587245,-73.983459,128,
D..N14R,40.588841,-73.983765,129,
D..N14R,40.596359,-73.985196,130,
D..N14R,40.596410,-73.985204,131,
D..N14R,40.596459,-73.985217,132,
D..N14R,40.596507,-73.985232,133,
D..N14R,40.596555,-73.985251,134,
D..N14R,40.596601,-73.985274,135,
D..N14R,40.596646,-73.985299,136,
D..N14R,40.596689,-73.985328,137,
D..N14R,40.596732,-73.985359,138,
D..N14R,40.596774,-73.985394,139,
D..N14R,40.596814,-73.985433,140,
D..N14R,40.596854,-73.985474,141,
D..N14R,40.596892,-73.985519,142,
D..N14R,40.596929,-73.985567,143,
D..N14R,40.596965,-73.985618,144,
D..N14R,40.597000,-73.985672,145,
D..N14R,40.597704,-73.986829,146,
D..N14R,40.601875,-73.993728,147,
D..N14R,40.604556,-73.998168,148,
D..N14R,40.606273,-74.001010,149,
D..N14R,40.606317,-74.001077,150,
D..N14R,40.606362,-74.001141,151,
D..N14R,40.606409,-74.001201,152,
D..N14R,40.606458,-74.001258,153,
D..N14R,40.606508,-74.001310,154,
D..N14R,40.606559,-74.001359,155,
D..N14R,40.606612,-74.001405,156,
D..N14R,40.606666,-74.001446,157,
D..N14R,40.606722,-74.001484,158,
D..N14R,40.606780,-74.001518,159,
D..N14R,40.606839,-74.001549,160,
D..N14R,40.606899,-74.001576,161,
D..N14R,40.606961,-74.001599,162,
D..N14R,40.607025,-74.001618,163,
D..N14R,40.607090,-74.001634,164,
D..N14R,40.607954,-74.001736,165,
D..N14R,40.608860,-74.001840,166,
D..N14R,40.608900,-74.001842,167,
D..N14R,40.608941,-74.001843,168,
D..N14R,40.608981,-74.001842,169,
D..N14R,40.609022,-74.001841,170,
D..N14R,40.609062,-74.001839,171,
D..N14R,40.609103,-74.001836,172,
D..N14R,40.609144,-74.001831,173,
D..N14R,40.609184,-74.001826,174,
D..N14R,40.609225,-74.001820,175,
D..N14R,40.609266,-74.001813,176,
D..N14R,40.609307,-74.001805,177,
D..N14R,40.609348,-74.001796,178,
D..N14R,40.609389,-74.001785,179,
D..N14R,40.609431,-74.001774,180,
D..N14R,40.609472,-74.001762,181,
D..N14R,40.613501,-74.000610,182,
D..N14R,40.619589,-73.998864,183,
D..N14R,40.626472,-73.996895,184,
D..N14R,40.631435,-73.995476,185,
D..N14R,40.631491,-73.995461,186,
D..N14R,40.631548,-73.995446,187,
D..N14R,40.631605,-73.995431,188,
D..N14R,40.631663,-73.995417,189,
D..N14R,40.631721,-73.995403,190,
D..N14R,40.631779,-73.995390,191,
D..N14R,40.631838,-73.995377,192,
D..N14R,40.631898,-73.995365,193,
D..N14R,40.631958,-73.995353,194,
D..N14R,40.632018,-73.995341,195,
D..N14R,40.632079,-73.995330,196,
D..N14R,40.632141,-73.995320,197,
D..N14R,40.632203,-73.995310,198,
D..N14R,40.632265,-73.995300,199,
D..N14R,40.632328,-73.995292,200,
D..N14R,40.636260,-73.994791,201,
D..N14R,40.639520,-73.994373,202,
D..N14R,40.639569,-73.994367,203,
D..N14R,40.639618,-73.994362,204,
D..N14R,40.639666,-73.994357,205,
D..N14R,40.639712,-73.994352,206,
D..N14R,40.639758,-73.994348,207,
D..N14R,40.639803,-73.994344,208,
D..N14R,40.639847,-73.994340,209,
D..N14R,40.639890,-73.994336,210,
D..N14R,40.639933,-73.994333,211,
D..N14R,40.639974,-73.994330,212,
D..N14R,40.640014,-73.994327,213,
D..N14R,40.640054,-73.994325,214,
D..N14R,40.640093,-73.994323,215,
D..N14R,40.640130,-73.994321,216,
D..N14R,40.640167,-73.994320,217,
D..N14R,40.640914,-73.994304,218,
D..N14R,40.643022,-73.994266,219,
D..N14R,40.643071,-73.994263,220,
D..N14R,40.643119,-73.994257,221,
D..N14R,40.643166,-73.994248,222,
D..N14R,40.643213,-73.994237,223,
D..N14R,40.643258,-73.994223,224,
D..N14R,40.643303,-73.994206,225,
D..N14R,40.643347,-73.994186,226,
D..N14R,40.643390,-73.994163,227,
D..N14R,40.643433,-73.994138,228,
D..N14R,40.643474,-73.994110,229,
D..N14R,40.643515,-73.994079,230,
D..N14R,40.643555,-73.994046,231,
D..N14R,40.643594,-73.994009,232,
D..N14R,40.643633,-73.993970,233,
D..N14R,40.643670,-73.993928,234,
D..N14R,40.644487,-73.993035,235,
D..N14R,40.644565,-73.992967,236,
D..N14R,40.644643,-73.992910,237,
D..N14R,40.644720,-73.992865,238,
D..N14R,40.644798,-73.992832,239,
D..N14R,40.644875,-73.992811,240,
D..N14R,40.644952,-73.992801,241,
D..N14R,40.645029,-73.992803,242,
D..N14R,40.645105,-73.992816,243,
D..N14R,40.645182,-73.992841,244,
D..N14R,40.645258,-73.992878,245,
D..N14R,40.645334,-73.992927,246,
D..N14R,40.645410,-73.992987,247,
D..N14R,40.645485,-73.993058,248,
D..N14R,40.645561,-73.993142,249,
D..N14R,40.645636,-73.993237,250,
D..N14R,40.646292,-73.994324,251,
D..N14R,40.648984,-73.998756,252,
D..N14R,40.648992,-73.998770,253,
D..N14R,40.649001,-73.998784,254,
D..N14R,40.649009,-73.998798,255,
D..N14R,40.649017,-73.998813,256,
D..N14R,40.649025,-73.998827,257,
D..N14R,40.649033,-73.998842,258,
D..N14R,40.649041,-73.998857,259,
D..N14R,40.649049,-73.998873,260,
D..N14R,40.649057,-73.998888,261,
D..N14R,40.649064,-73.998904,262,
D..N14R,40.649072,-73.998920,263,
D..N14R,40.649080,-73.998936,264,
D..N14R,40.649087,-73.998952,265,
D..N14R,40.649095,-73.998968,266,
D..N14R,40.649102,-73.998985,267,
D..N14R,40.649221,-73.999251,268,
D..N14R,40.649228,-73.999267,269,
D..N14R,40.649235,-73.999282,270,
D..N14R,40.649243,-73.999298,271,
D..N14R,40.649250,-73.999314,272,
D..N14R,40.649258,-73.999330,273,
D..N14R,40.649266,-73.999346,274,
D..N14R,40.649275,-73.999362,275,
D..N14R,40.649283,-73.999378,276,
D..N14R,40.649292,-73.999395,277,
D..N14R,40.649301,-73.999411,278,
D..N14R,40.649310,-73.999428,279,
D..N14R,40.649320,-73.999444,280,
D..N14R,40.649329,-73.999461,281,
D..N14R,40.649339,-73.999478,282,
D..N14R,40.649349,-73.999495,283,
D..N14R,40.652741,-74.005152,284,
D..N14R,40.652782,-74.005211,285,
D..N14R,40.652825,-74.005261,286,
D..N14R,40.652870,-74.005303,287,
D..N14R,40.652917,-74.005337,288,
D..N14R,40.652966,-74.005364,289,
D..N14R,40.653017,-74.005382,290,
D..N14R,40.653070,-74.005393,291,
D..N14R,40.653125,-74.005395,292,
D..N14R,40.653181,-74.005390,293,
D..N14R,40.653240,-74.005377,294,
D..N14R,40.653300,-74.005356,295,
D..N14R,40.653363,-74.005328,296,
D..N14R,40.653427,-74.005291,297,
D..N14R,40.653494,-74.005246,298,
D..N14R,40.653563,-74.005194,299,
D..N14R,40.655144,-74.003549,300,
D..N14R,40.660397,-73.998091,301,
D..N14R,40.665414,-73.992872,302,
D..N14R,40.665448,-73.992838,303,
D..N14R,40.665483,-73.992804,304,
D..N14R,40.665517,-73.992772,305,
D..N14R,40.665552,-73.992739,306,
D..N14R,40.665586,-73.992707,307,
D..N14R,40.665620,-73.992675,308,
D..N14R,40.665655,-73.992644,309,
D..N14R,40.665689,-73.992612,310,
D..N14R,40.665724,-73.992582,311,
D..N14R,40.665758,-73.992551,312,
D..N14R,40.665792,-73.992521,313,
D..N14R,40.665827,-73.992491,314,
D..N14R,40.665861,-73.992462,315,
D..N14R,40.665896,-73.992433,316,
D..N14R,40.665930,-73.992403,317,
D..N14R,40.670847,-73.988302,318,
D..N14R,40.675775,-73.984193,319,
D..N14R,40.675831,-73.984147,320,
D..N14R,40.675887,-73.984102,321,
D..N14R,40.675942,-73.984059,322,
D..N14R,40.675997,-73.984016,323,
D..N14R,40.676050,-73.983975,324,
D..N14R,40.676104,-73.983934,325,
D..N14R,40.676156,-73.983895,326,
D..N14R,40.676208,-73.983857,327,
D..N14R,40.676259,-73.983820,328,
D..N14R,40.676309,-73.983785,329,
D..N14R,40.676359,-73.983750,330,
D..N14R,40.676408,-73.983717,331,
D..N14R,40.676457,-73.983684,332,
D..N14R,40.676505,-73.983653,333,
D..N14R,40.676552,-73.983623,334,
D..N14R,40.677316,-73.983110,335,
D..N14R,40.683666,-73.978810,336,
D..N14R,40.684598,-73.978198,337,
D..N14R,40.684641,-73.978169,338,
D..N14R,40.684683,-73.978143,339,
D..N14R,40.684726,-73.978118,340,
D..N14R,40.684769,-73.978096,341,
D..N14R,40.684811,-73.978075,342,
D..N14R,40.684854,-73.978057,343,
D..N14R,40.684897,-73.978040,344,
D..N14R,40.684939,-73.978026,345,
D..N14R,40.684982,-73.978014,346,
D..N14R,40.685024,-73.978003,347,
D..N14R,40.685067,-73.977995,348,
D..N14R,40.685110,-73.977988,349,
D..N14R,40.685152,-73.977984,350,
D..N14R,40.685195,-73.977981,351,
D..N14R,40.685237,-73.977980,352,
D..N14R,40.687446,-73.978304,353,
D..N14R,40.687496,-73.978312,354,
D..N14R,40.687545,-73.978323,355,
D..N14R,40.687594,-73.978338,356,
D..N14R,40.687640,-73.978357,357,
D..N14R,40.687686,-73.978380,358,
D..N14R,40.687730,-73.978406,359,
D..N14R,40.687773,-73.978436,360,
D..N14R,40.687815,-73.978469,361,
D..N14R,40.687855,-73.978506,362,
D..N14R,40.687894,-73.978547,363,
D..N14R,40.687931,-73.978592,364,
D..N14R,40.687967,-73.978640,365,
D..N14R,40.688002,-73.978691,366,
D..N14R,40.688036,-73.978747,367,
D..N14R,40.688068,-73.978805,368,
D..N14R,40.688730,-73.980474,369,
D..N14R,40.688760,-73.980545,370,
D..N14R,40.688792,-73.980613,371,
D..N14R,40.688827,-73.980678,372,
D..N14R,40.688863,-73.980740,373,
D..N14R,40.688902,-73.980798,374,
D..N14R,40.688943,-73.980853,375,
D..N14R,40.688986,-73.980905,376,
D..N14R,40.689031,-73.980954,377,
D..N14R,40.689078,-73.980999,378,
D..N14R,40.689127,-73.981042,379,
D..N14R,40.689178,-73.981081,380,
D..N14R,40.689232,-73.981117,381,
D..N14R,40.689287,-73.981149,382,
D..N14R,40.689345,-73.981179,383,
D..N14R,40.689405,-73.981205,384,
D..N14R,40.690635,-73.981824,385,
D..N14R,40.691559,-73.982304,386,
D..N14R,40.693829,-73.983428,387,
D..N14R,40.695138,-73.983934,388,
D..N14R,40.697839,-73.985242,389,
D..N14R,40.714897,-73.994713,390,
D..N14R,40.714991,-73.994765,391,
D..N14R,40.715087,-73.994810,392,
D..N14R,40.715184,-73.994847,393,
D..N14R,40.715281,-73.994877,394,
D..N14R,40.715379,-73.994900,395,
D..N14R,40.715478,-73.994915,396,
D..N14R,40.715578,-73.994923,397,
D..N14R,40.715678,-73.994923,398,
D..N14R,40.715779,-73.994916,399,
D..N14R,40.715881,-73.994901,400,
D..N14R,40.715984,-73.994879,401,
D..N14R,40.716087,-73.994849,402,
D..N14R,40.716191,-73.994812,403,
D..N14R,40.716296,-73.994767,404,
D..N14R,40.716401,-73.994714,405,
D..N14R,40.718267,-73.993753,406,
D..N14R,40.721655,-73.992025,407,
D..N14R,40.721684,-73.992010,408,
D..N14R,40.721713,-73.991995,409,
D..N14R,40.721742,-73.991981,410,
D..N14R,40.721770,-73.991967,411,
D..N14R,40.721799,-73.991954,412,
D..N14R,40.721827,-73.991942,413,
D..N14R,40.721856,-73.991931,414,
D..N14R,40.721884,-73.991920,415,
D..N14R,40.721912,-73.991909,416,
D..N14R,40.721941,-73.991900,417,
D..N14R,40.721969,-73.991891,418,
D..N14R,40.721997,-73.991883,419,
D..N14R,40.722024,-73.991875,420,
D..N14R,40.722052,-73.991868,421,
D..N14R,40.722080,-73.991861,422,
D..N14R,40.722918,-73.991709,423,
D..N14R,40.723036,-73.991693,424,
D..N14R,40.723147,-73.991687,425,
D..N14R,40.723253,-73.991691,426,
D..N14R,40.723355,-73.991706,427,
D..N14R,40.723453,-73.991731,428,
D..N14R,40.723546,-73.991767,429,
D..N14R,40.723635,-73.991812,430,
D..N14R,40.723720,-73.991868,431,
D..N14R,40.723800,-73.991935,432,
D..N14R,40.723875,-73.992011,433,
D..N14R,40.723946,-73.992098,434,
D..N14R,40.724013,-73.992196,435,
D..N14R,40.724075,-73.992304,436,
D..N14R,40.724133,-73.992422,437,
D..N14R,40.724185,-73.992550,438,
D..N14R,40.725297,-73.996204,439,
D..N14R,40.725437,-73.996641,440,
D..N14R,40.725475,-73.996750,441,
D..N14R,40.725513,-73.996858,442,
D..N14R,40.725552,-73.996964,443,
D..N14R,40.725591,-73.997069,444,
D..N14R,40.725631,-73.997172,445,
D..N14R,40.725670,-73.997273,446,
D..N14R,40.725711,-73.997373,447,
D..N14R,40.725751,-73.997471,448,
D..N14R,40.725792,-73.997568,449,
D..N14R,40.725834,-73.997663,450,
D..N14R,40.725876,-73.997756,451,
D..N14R,40.725918,-73.997848,452,
D..N14R,40.725961,-73.997938,453,
D..N14R,40.726004,-73.998027,454,
D..N14R,40.726047,-73.998114,455,
D..N14R,40.727913,-74.001901,456,
D..N14R,40.727970,-74.002019,457,
D..N14R,40.728032,-74.002126,458,
D..N14R,40.728099,-74.002220,459,
D..N14R,40.728170,-74.002301,460,
D..N14R,40.728247,-74.002371,461,
D..N14R,40.728328,-74.002428,462,
D..N14R,40.728414,-74.002473,463,
D..N14R,40.728505,-74.002506,464,
D..N14R,40.728601,-74.002526,465,
D..N14R,40.728702,-74.002535,466,
D..N14R,40.728808,-74.002531,467,
D..N14R,40.728918,-74.002515,468,
D..N14R,40.729034,-74.002486,469,
D..N14R,40.729154,-74.002446,470,
D..N14R,40.729279,-74.002395,471,
D..N14R,40.730820,-74.001552,472,
D..N14R,40.730845,-74.001539,473,
D..N14R,40.730871,-74.001525,474,
D..N14R,40.730897,-74.001511,475,
D..N14R,40.730922,-74.001497,476,
D..N14R,40.730948,-74.001482,477,
D..N14R,40.730975,-74.001467,478,
D..N14R,40.731001,-74.001451,479,
D..N14R,40.731027,-74.001435,480,
D..N14R,40.731054,-74.001419,481,
D..N14R,40.731080,-74.001402,482,
D..N14R,40.731107,-74.001385,483,
D..N14R,40.731134,-74.001367,484,
D..N14R,40.731161,-74.001349,485,
D..N14R,40.731189,-74.001331,486,
D..N14R,40.731216,-74.001312,487,
D..N14R,40.732312,-74.000515,488,
D..N14R,40.732338,-74.000495,489,
D..N14R,40.732362,-74.000477,490,
D..N14R,40.733324,-73.999777,491,
D..N14R,40.738228,-73.996209,492,
D..N14R,40.742878,-73.992821,493,
D..N14R,40.749719,-73.987823,494,
D..N14R,40.754222,-73.984569,495,
D..N14R,40.758663,-73.981329,496,
D..N14R,40.760893,-73.979701,497,
D..N14R,40.761008,-73.979630,498,
D..N14R,40.761120,-73.979576,499,
D..N14R,40.761228,-73.979536,500,
D..N14R,40.761332,-73.979510,501,
D..N14R,40.761434,-73.979500,502,
D..N14R,40.761532,-73.979505,503,
D..N14R,40.761626,-73.979524,504,
D..N14R,40.761717,-73.979558,505,
D..N14R,40.761805,-73.979607,506,
D..N14R,40.761889,-73.979670,507,
D..N14R,40.761969,-73.979749,508,
D..N14R,40.762047,-73.979842,509,
D..N14R,40.762121,-73.979950,510,
D..N14R,40.762191,-73.980073,511,
D..N14R,40.762259,-73.980212,512,
D..N14R,40.762862,-73.981637,513,
D..N14R,40.762874,-73.981663,514,
D..N14R,40.763731,-73.983698,515,
D..N14R,40.763794,-73.983809,516,
D..N14R,40.763861,-73.983910,517,
D..N14R,40.763931,-73.983999,518,
D..N14R,40.764003,-73.984077,519,
D..N14R,40.764078,-73.984142,520,
D..N14R,40.764157,-73.984195,521,
D..N14R,40.764237,-73.984237,522,
D..N14R,40.764321,-73.984266,523,
D..N14R,40.764408,-73.984284,524,
D..N14R,40.764497,-73.984289,525,
D..N14R,40.764589,-73.984283,526,
D..N14R,40.764684,-73.984265,527,
D..N14R,40.764782,-73.984234,528,
D..N14R,40.764883,-73.984192,529,
D..N14R,40.764986,-73.984138,530,
D..N14R,40.768296,-73.981736,531,
D..N14R,40.775594,-73.976410,532,
D..N14R,40.781433,-73.972143,533,
D..N14R,40.785868,-73.968916,534,
D..N14R,40.791642,-73.964696,535,
D..N14R,40.796092,-73.961454,536,
D..N14R,40.800603,-73.958161,537,
D..N14R,40.805085,-73.954882,538,
D..N14R,40.807267,-73.953288,539,
D..N14R,40.807330,-73.953236,540,
D..N14R,40.807392,-73.953190,541,
D..N14R,40.807455,-73.953148,542,
D..N14R,40.807519,-73.953110,543,
D..N14R,40.807583,-73.953075,544,
D..N14R,40.807647,-73.953045,545,
D..N14R,40.807711,-73.953018,546,
D..N14R,40.807777,-73.952995,547,
D..N14R,40.807842,-73.952976,548,
D..N14R,40.807908,-73.952961,549,
D..N14R,40.807975,-73.952950,550,
D..N14R,40.808042,-73.952942,551,
D..N14R,40.808109,-73.952939,552,
D..N14R,40.808177,-73.952939,553,
D..N14R,40.808245,-73.952941,554,
D..N14R,40.809638,-73.953030,555,
D..N14R,40.809699,-73.953033,556,
D..N14R,40.809757,-73.953034,557,
D..N14R,40.809815,-73.953033,558,
D..N14R,40.809872,-73.953030,559,
D..N14R,40.809927,-73.953025,560,
D..N14R,40.809981,-73.953017,561,
D..N14R,40.810035,-73.953007,562,
D..N14R,40.810087,-73.952995,563,
D..N14R,40.810138,-73.952980,564,
D..N14R,40.810188,-73.952963,565,
D..N14R,40.810237,-73.952943,566,
D..N14R,40.810285,-73.952922,567,
D..N14R,40.810332,-73.952898,568,
D..N14R,40.810377,-73.952872,569,
D..N14R,40.810422,-73.952842,570,
D..N14R,40.811109,-73.952343,571,
D..N14R,40.811167,-73.952300,572,
D..N14R,40.811223,-73.952256,573,
D..N14R,40.811279,-73.952210,574,
D..N14R,40.811335,-73.952164,575,
D..N14R,40.811390,-73.952117,576,
D..N14R,40.811445,-73.952068,577,
D..N14R,40.811500,-73.952019,578,
D..N14R,40.811554,-73.951969,579,
D..N14R,40.811608,-73.951917,580,
D..N14R,40.811661,-73.951865,581,
D..N14R,40.811714,-73.951811,582,
D..N14R,40.811767,-73.951757,583,
D..N14R,40.811819,-73.951701,584,
D..N14R,40.811871,-73.951645,585,
D..N14R,40.811923,-73.951586,586,
D..N14R,40.812906,-73.950604,587,
D..N14R,40.812938,-73.950568,588,
D..N14R,40.812971,-73.950533,589,
D..N14R,40.813004,-73.950498,590,
D..N14R,40.813038,-73.950464,591,
D..N14R,40.813073,-73.950430,592,
D..N14R,40.813109,-73.950397,593,
D..N14R,40.813145,-73.950363,594,
D..N14R,40.813181,-73.950331,595,
D..N14R,40.813219,-73.950298,596,
D..N14R,40.813257,-73.950266,597,
D..N14R,40.813296,-73.950234,598,
D..N14R,40.813335,-73.950203,599,
D..N14R,40.813376,-73.950172,600,
D..N14R,40.813416,-73.950141,601,
D..N14R,40.813459,-73.950112,602,
D..N14R,40.814704,-73.949202,603,
D..N14R,40.814741,-73.949174,604,
D..N14R,40.814778,-73.949147,605,
D..N14R,40.814815,-73.949121,606,
D..N14R,40.814853,-73.949095,607,
D..N14R,40.814892,-73.949070,608,
D..N14R,40.814930,-73.949046,609,
D..N14R,40.814969,-73.949023,610,
D..N14R,40.815009,-73.949000,611,
D..N14R,40.815049,-73.948977,612,
D..N14R,40.815089,-73.948956,613,
D..N14R,40.815130,-73.948935,614,
D..N14R,40.815171,-73.948914,615,
D..N14R,40.815212,-73.948895,616,
D..N14R,40.815254,-73.948875,617,
D..N14R,40.815297,-73.948857,618,
D..N14R,40.817894,-73.947649,619,
D..N14R,40.823696,-73.944947,620,
D..N14R,40.823739,-73.944926,621,
D..N14R,40.823781,-73.944904,622,
D..N14R,40.823822,-73.944882,623,
D..N14R,40.823862,-73.944860,624,
D..N14R,40.823902,-73.944837,625,
D..N14R,40.823941,-73.944814,626,
D..N14R,40.823980,-73.944791,627,
D..N14R,40.824018,-73.944767,628,
D..N14R,40.824055,-73.944743,629,
D..N14R,40.824092,-73.944719,630,
D..N14R,40.824127,-73.944694,631,
D..N14R,40.824163,-73.944669,632,
D..N14R,40.824197,-73.944643,633,
D..N14R,40.824231,-73.944617,634,
D..N14R,40.824264,-73.944591,635,
D..N14R,40.824783,-73.944216,636,
D..N14R,40.824882,-73.944148,637,
D..N14R,40.825903,-73.943403,638,
D..N14R,40.827054,-73.942486,639,
D..N14R,40.827073,-73.942468,640,
D..N14R,40.827090,-73.942453,641,
D..N14R,40.827108,-73.942438,642,
D..N14R,40.827126,-73.942424,643,
D..N14R,40.827143,-73.942410,644,
D..N14R,40.827161,-73.942397,645,
D..N14R,40.827178,-73.942384,646,
D..N14R,40.827196,-73.942371,647,
D..N14R,40.827213,-73.942358,648,
D..N14R,40.827231,-73.942346,649,
D..N14R,40.827248,-73.942334,650,
D..N14R,40.827266,-73.942322,651,
D..N14R,40.827283,-73.942311,652,
D..N14R,40.827301,-73.942300,653,
D..N14R,40.827318,-73.942289,654,
D..N14R,40.829263,-73.941032,655,
D..N14R,40.829358,-73.940953,656,
D..N14R,40.829448,-73.940866,657,
D..N14R,40.829533,-73.940772,658,
D..N14R,40.829612,-73.940673,659,
D..N14R,40.829685,-73.940567,660,
D..N14R,40.829753,-73.940455,661,
D..N14R,40.829815,-73.940336,662,
D..N14R,40.829871,-73.940211,663,
D..N14R,40.829922,-73.940079,664,
D..N14R,40.829967,-73.939941,665,
D..N14R,40.830007,-73.939797,666,
D..N14R,40.830041,-73.939646,667,
D..N14R,40.830069,-73.939489,668,
D..N14R,40.830091,-73.939326,669,
D..N14R,40.830108,-73.939156,670,
D..N14R,40.830111,-73.939092,671,
D..N14R,40.830115,-73.939028,672,
D..N14R,40.830118,-73.938965,673,
D..N14R,40.830120,-73.938902,674,
D..N14R,40.830123,-73.938839,675,
D..N14R,40.830125,-73.938776,676,
D..N14R,40.830127,-73.938713,677,
D..N14R,40.830129,-73.938650,678,
D..N14R,40.830130,-73.938587,679,
D..N14R,40.830132,-73.938524,680,
D..N14R,40.830133,-73.938461,681,
D..N14R,40.830134,-73.938398,682,
D..N14R,40.830134,-73.938335,683,
D..N14R,40.830135,-73.938273,684,
D..N14R,40.830135,-73.938209,685,
D..N14R,40.830093,-73.936658,686,
D..N14R,40.829985,-73.931071,687,
D..N14R,40.829975,-73.930905,688,
D..N14R,40.829961,-73.930743,689,
D..N14R,40.829945,-73.930586,690,
D..N14R,40.829926,-73.930434,691,
D..N14R,40.829904,-73.930285,692,
D..N14R,40.829878,-73.930142,693,
D..N14R,40.829850,-73.930003,694,
D..N14R,40.829819,-73.929868,695,
D..N14R,40.829785,-73.929738,696,
D..N14R,40.829748,-73.929613,697,
D..N14R,40.829708,-73.929492,698,
D..N14R,40.829664,-73.929375,699,
D..N14R,40.829664,-73.929375,700,
D..N14R,40.829618,-73.929263,701,
D..N14R,40.829569,-73.929156,702,
D..N14R,40.829514,-73.929053,703,
D..N14R,40.828599,-73.927482,704,
D..N14R,40.828544,-73.927369,705,
D..N14R,40.828491,-73.927254,706,
D..N14R,40.828440,-73.927138,707,
D..N14R,40.828390,-73.927021,708,
D..N14R,40.828341,-73.926902,709,
D..N14R,40.828292,-73.926783,710,
D..N14R,40.828245,-73.926662,711,
D..N14R,40.828199,-73.926540,712,
D..N14R,40.828154,-73.926417,713,
D..N14R,40.828110,-73.926292,714,
D..N14R,40.828067,-73.926166,715,
D..N14R,40.828025,-73.926040,716,
D..N14R,40.827984,-73.925912,717,
D..N14R,40.827944,-73.925782,718,
D..N14R,40.827905,-73.925651,719,
D..N14R,40.827601,-73.924598,720,
D..N14R,40.827504,-73.924298,721,
D..N14R,40.827429,-73.924013,722,
D..N14R,40.827378,-73.923742,723,
D..N14R,40.827348,-73.923486,724,
D..N14R,40.827342,-73.923244,725,
D..N14R,40.827358,-73.923016,726,
D..N14R,40.827397,-73.922802,727,
D..N14R,40.827459,-73.922603,728,
D..N14R,40.827543,-73.922419,729,
D..N14R,40.827650,-73.922248,730,
D..N14R,40.827779,-73.922092,731,
D..N14R,40.827931,-73.921951,732,
D..N14R,40.828106,-73.921823,733,
D..N14R,40.828304,-73.921711,734,
D..N14R,40.828524,-73.921612,735,
D..N14R,40.830814,-73.920523,736,
D..N14R,40.831044,-73.920400,737,
D..N14R,40.831270,-73.920275,738,
D..N14R,40.831491,-73.920148,739,
D..N14R,40.831707,-73.920018,740,
D..N14R,40.831918,-73.919886,741,
D..N14R,40.832124,-73.919751,742,
D..N14R,40.832326,-73.919614,743,
D..N14R,40.832523,-73.919475,744,
D..N14R,40.832715,-73.919334,745,
D..N14R,40.832902,-73.919190,746,
D..N14R,40.833085,-73.919043,747,
D..N14R,40.833263,-73.918895,748,
D..N14R,40.833436,-73.918744,749,
D..N14R,40.833604,-73.918591,750,
D..N14R,40.833771,-73.918440,751,
D..N14R,40.837691,-73.914603,752,
D..N14R,40.837801,-73.914503,753,
D..N14R,40.837912,-73.914405,754,
D..N14R,40.838023,-73.914310,755,
D..N14R,40.838133,-73.914218,756,
D..N14R,40.838242,-73.914129,757,
D..N14R,40.838351,-73.914043,758,
D..N14R,40.838459,-73.913960,759,
D..N14R,40.838567,-73.913879,760,
D..N14R,40.838674,-73.913802,761,
D..N14R,40.838781,-73.913728,762,
D..N14R,40.838887,-73.913656,763,
D..N14R,40.838992,-73.913588,764,
D..N14R,40.839097,-73.913522,765,
D..N14R,40.839202,-73.913460,766,
D..N14R,40.839306,-73.913400,767,
D..N14R,40.839370,-73.913362,768,
D..N14R,40.839436,-73.913326,769,
D..N14R,40.839503,-73.913289,770,
D..N14R,40.839572,-73.913253,771,
D..N14R,40.839644,-73.913216,772,
D..N14R,40.839717,-73.913180,773,
D..N14R,40.839793,-73.913143,774,
D..N14R,40.839870,-73.913107,775,
D..N14R,40.839949,-73.913070,776,
D..N14R,40.840031,-73.913034,777,
D..N14R,40.840115,-73.912997,778,
D..N14R,40.840200,-73.912961,779,
D..N14R,40.840288,-73.912924,780,
D..N14R,40.840377,-73.912888,781,
D..N14R,40.840469,-73.912850,782,
D..N14R,40.844055,-73.911640,783,
D..N14R,40.844201,-73.911575,784,
D..N14R,40.844343,-73.911505,785,
D..N14R,40.844482,-73.911430,786,
D..N14R,40.844618,-73.911351,787,
D..N14R,40.844751,-73.911266,788,
D..N14R,40.844880,-73.911176,789,
D..N14R,40.845006,-73.911080,790,
D..N14R,40.845129,-73.910980,791,
D..N14R,40.845249,-73.910875,792,
D..N14R,40.845365,-73.910765,793,
D..N14R,40.845478,-73.910650,794,
D..N14R,40.845588,-73.910529,795,
D..N14R,40.845695,-73.910404,796,
D..N14R,40.845799,-73.910273,797,
D..N14R,40.845900,-73.910136,798,
D..N14R,40.846868,-73.908755,799,
D..N14R,40.847028,-73.908535,800,
D..N14R,40.847187,-73.908324,801,
D..N14R,40.847343,-73.908121,802,
D..N14R,40.847497,-73.907926,803,
D..N14R,40.847649,-73.907739,804,
D..N14R,40.847799,-73.907560,805,
D..N14R,40.847947,-73.907389,806,
D..N14R,40.848093,-73.907227,807,
D..N14R,40.848236,-73.907072,808,
D..N14R,40.848378,-73.906925,809,
D..N14R,40.848518,-73.906787,810,
D..N14R,40.848656,-73.906656,811,
D..N14R,40.848791,-73.906534,812,
D..N14R,40.848925,-73.906419,813,
D..N14R,40.849058,-73.906311,814,
D..N14R,40.850410,-73.905227,815,
D..N14R,40.854996,-73.901532,816,
D..N14R,40.855064,-73.901476,817,
D..N14R,40.855133,-73.901420,818,
D..N14R,40.855203,-73.901365,819,
D..N14R,40.855273,-73.901310,820,
D..N14R,40.855344,-73.901256,821,
D..N14R,40.855416,-73.901202,822,
D..N14R,40.855488,-73.901148,823,
D..N14R,40.855562,-73.901096,824,
D..N14R,40.855636,-73.901043,825,
D..N14R,40.855710,-73.900992,826,
D..N14R,40.855786,-73.900940,827,
D..N14R,40.855862,-73.900890,828,
D..N14R,40.855938,-73.900840,829,
D..N14R,40.856016,-73.900790,830,
D..N14R,40.856093,-73.900741,831,
D..N14R,40.858881,-73.899078,832,
D..N14R,40.858948,-73.899037,833,
D..N14R,40.859014,-73.898997,834,
D..N14R,40.859081,-73.898957,835,
D..N14R,40.859147,-73.898918,836,
D..N14R,40.859213,-73.898880,837,
D..N14R,40.859280,-73.898842,838,
D..N14R,40.859346,-73.898804,839,
D..N14R,40.859412,-73.898768,840,
D..N14R,40.859478,-73.898731,841,
D..N14R,40.859544,-73.898695,842,
D..N14R,40.859610,-73.898660,843,
D..N14R,40.859676,-73.898625,844,
D..N14R,40.859742,-73.898591,845,
D..N14R,40.859807,-73.898557,846,
D..N14R,40.859873,-73.898523,847,
D..N14R,40.861296,-73.897749,848,
D..N14R,40.862073,-73.897337,849,
D..N14R,40.862151,-73.897292,850,
D..N14R,40.862227,-73.897247,851,
D..N14R,40.862303,-73.897202,852,
D..N14R,40.862377,-73.897157,853,
D..N14R,40.862450,-73.897111,854,
D..N14R,40.862521,-73.897064,855,
D..N14R,40.862591,-73.897017,856,
D..N14R,40.862660,-73.896970,857,
D..N14R,40.862728,-73.896923,858,
D..N14R,40.862795,-73.896875,859,
D..N14R,40.862860,-73.896827,860,
D..N14R,40.862924,-73.896779,861,
D..N14R,40.862986,-73.896730,862,
D..N14R,40.863048,-73.896681,863,
D..N14R,40.863108,-73.896631,864,
D..N14R,40.866103,-73.894164,865,
D..N14R,40.866978,-73.893509,866,
D..N14R,40.868949,-73.891998,867,
D..N14R,40.869074,-73.891891,868,
D..N14R,40.869195,-73.891781,869,
D..N14R,40.869312,-73.891671,870,
D..N14R,40.869424,-73.891560,871,
D..N14R,40.869533,-73.891448,872,
D..N14R,40.869639,-73.891336,873,
D..N14R,40.869740,-73.891223,874,
D..N14R,40.869837,-73.891109,875,
D..N14R,40.869931,-73.890995,876,
D..N14R,40.870020,-73.890880,877,
D..N14R,40.870106,-73.890765,878,
D..N14R,40.870188,-73.890649,879,
D..N14R,40.870266,-73.890532,880,
D..N14R,40.870341,-73.890415,881,
D..N14R,40.870411,-73.890297,882,
D..N14R,40.870901,-73.889495,883,
D..N14R,40.870952,-73.889396,884,
D..N14R,40.871006,-73.889299,885,
D..N14R,40.871061,-73.889205,886,
D..N14R,40.871118,-73.889113,887,
D..N14R,40.871175,-73.889024,888,
D..N14R,40.871233,-73.888938,889,
D..N14R,40.871292,-73.888854,890,
D..N14R,40.871352,-73.888773,891,
D..N14R,40.871413,-73.888695,892,
D..N14R,40.871475,-73.888619,893,
D..N14R,40.871539,-73.888546,894,
D..N14R,40.871603,-73.888476,895,
D..N14R,40.871668,-73.888408,896,
D..N14R,40.871734,-73.888343,897,
D..N14R,40.871801,-73.888279,898,
D..N14R,40.873244,-73.887138,899,
D..N14R,40.873289,-73.887104,900,
D..N14R,40.873335,-73.887068,901,
D..N14R,40.873382,-73.887033,902,
D..N14R,40.873430,-73.886998,903,
D..N14R,40.873479,-73.886964,904,
D..N14R,40.873529,-73.886930,905,
D..N14R,40.873580,-73.886897,906,
D..N14R,40.873632,-73.886865,907,
D..N14R,40.873685,-73.886833,908,
D..N14R,40.873740,-73.886802,909,
D..N14R,40.873795,-73.886771,910,
D..N14R,40.873852,-73.886740,911,
D..N14R,40.873909,-73.886711,912,
D..N14R,40.873967,-73.886682,913,
D..N14R,40.874027,-73.886653,914,
D..N14R,40.875843,-73.885853,915,
D..N14R,40.876060,-73.885744,916,
D..N14R,40.876254,-73.885623,917,
D..N14R,40.876425,-73.885491,918,
D..N14R,40.876573,-73.885348,919,
D..N14R,40.876698,-73.885193,920,
D..N14R,40.876801,-73.885028,921,
D..N14R,40.876881,-73.884851,922,
D..N14R,40.876938,-73.884662,923,
D..N14R,40.876972,-73.884463,924,
D..N14R,40.876983,-73.884252,925,
D..N14R,40.876972,-73.884030,926,
D..N14R,40.876938,-73.883797,927,
D..N14R,40.876881,-73.883553,928,
D..N14R,40.876801,-73.883297,929,
D..N14R,40.876699,-73.883029,930,
D..N14R,40.874811,-73.878855,931,