E..N05R,40.712582,-74.009781,0,
E..N05R,40.718037,-74.005490,1,
E..N05R,40.718105,-74.005444,2,
E..N05R,40.718172,-74.005401,3,
E..N05R,40.718240,-74.005361,4,
E..N05R,40.718309,-74.005325,5,
E..N05R,40.718377,-74.005293,6,
E..N05R,40.718447,-74.005264,7,
E..N05R,40.718517,-74.005238,8,
E..N05R,40.718587,-74.005217,9,
E..N05R,40.718658,-74.005198,10,
E..N05R,40.718730,-74.005183,11,
E..N05R,40.718802,-74.005172,12,
E..N05R,40.718874,-74.005165,13,
E..N05R,40.718947,-74.005161,14,
E..N05R,40.719021,-74.005161,15,
E..N05R,40.719096,-74.005163,16,
E..N05R,40.720785,-74.005224,17,
E..N05R,40.720824,-74.005229,18,
E..N05R,40.721758,-74.005294,19,
E..N05R,40.721824,-74.005299,20,
E..N05R,40.721889,-74.005302,21,
E..N05R,40.721953,-74.005304,22,
E..N05R,40.722016,-74.005304,23,
E..N05R,40.722078,-74.005302,24,
E..N05R,40.722140,-74.005299,25,
E..N05R,40.722201,-74.005293,26,
E..N05R,40.722261,-74.005286,27,
E..N05R,40.722320,-74.005278,28,
E..N05R,40.722379,-74.005267,29,
E..N05R,40.722436,-74.005255,30,
E..N05R,40.722493,-74.005241,31,
E..N05R,40.722549,-74.005225,32,
E..N05R,40.722605,-74.005208,33,
E..N05R,40.722659,-74.005189,34,
E..N05R,40.726227,-74.003739,35,
E..N05R,40.728583,-74.002720,36,
E..N05R,40.728621,-74.002705,37,
E..N05R,40.728661,-74.002689,38,
E..N05R,40.728702,-74.002673,39,
E..N05R,40.728744,-74.002655,40,
E..N05R,40.728787,-74.002637,41,
E..N05R,40.728831,-74.002617,42,
E..N05R,40.728876,-74.002597,43,
E..N05R,40.728922,-74.002575,44,
E..N05R,40.728970,-74.002552,45,
E..N05R,40.729019,-74.002529,46,
E..N05R,40.729068,-74.002504,47,
E..N05R,40.729119,-74.002478,48,
E..N05R,40.729171,-74.002452,49,
E..N05R,40.729225,-74.002424,50,
E..N05R,40.729279,-74.002395,51,
E..N05R,40.730820,-74.001552,52,
E..N05R,40.730845,-74.001539,53,
E..N05R,40.730871,-74.001525,54,
E..N05R,40.730897,-74.001511,55,
E..N05R,40.730922,-74.001497,56,
E..N05R,40.730948,-74.001482,57,
E..N05R,40.730975,-74.001467,58,
E..N05R,40.731001,-74.001451,59,
E..N05R,40.731027,-74.001435,60,
E..N05R,40.731054,-74.001419,61,
E..N05R,40.731080,-74.001402,62,
E..N05R,40.731107,-74.001385,63,
E..N05R,40.731134,-74.001367,64,
E..N05R,40.731161,-74.001349,65,
E..N05R,40.731189,-74.001331,66,
E..N05R,40.731216,-74.001312,67,
E..N05R,40.732312,-74.000515,68,
E..N05R,40.732338,-74.000495,69,
E..N05R,40.732362,-74.000477,70,
E..N05R,40.733324,-73.999777,71,
E..N05R,40.733391,-73.999736,72,
E..N05R,40.733459,-73.999702,73,
E..N05R,40.733527,-73.999674,74,
E..N05R,40.733596,-73.999652,75,
E..N05R,40.733666,-73.999636,76,
E..N05R,40.733736,-73.999626,77,
E..N05R,40.733807,-73.999621,78,
E..N05R,40.733878,-73.999622,79,
E..N05R,40.733949,-73.999629,80,
E..N05R,40.734021,-73.999642,81,
E..N05R,40.734094,-73.999660,82,
E..N05R,40.734167,-73.999685,83,
E..N05R,40.734240,-73.999715,84,
E..N05R,40.734314,-73.999750,85,
E..N05R,40.734389,-73.999792,86,
E..N05R,40.738807,-74.002433,87,
E..N05R,40.738885,-74.002477,88,
E..N05R,40.738964,-74.002514,89,
E..N05R,40.739043,-74.002544,90,
E..N05R,40.739121,-74.002567,91,
E..N05R,40.739200,-74.002583,92,
E..N05R,40.739278,-74.002592,93,
E..N05R,40.739356,-74.002594,94,
E..N05R,40.739434,-74.002590,95,
E..N05R,40.739512,-74.002578,96,
E..N05R,40.739589,-74.002560,97,
E..N05R,40.739666,-74.002535,98,
E..N05R,40.739744,-74.002502,99,
E..N05R,40.739821,-74.002463,100,
E..N05R,40.739897,-74.002417,101,
E..N05R,40.739974,-74.002363,102,
E..N05R,40.740893,-74.001690,103,
E..N05R,40.745906,-73.998041,104,
E..N05R,40.752287,-73.993391,105,
E..N05R,40.757308,-73.989735,106,
E..N05R,40.762456,-73.985984,107,
E..N05R,40.763365,-73.985322,108,
E..N05R,40.763455,-73.985242,109,
E..N05R,40.763535,-73.985157,110,
E..N05R,40.763606,-73.985068,111,
E..N05R,40.763668,-73.984976,112,
E..N05R,40.763720,-73.984879,113,
E..N05R,40.763763,-73.984778,114,
E..N05R,40.763797,-73.984674,115,
E..N05R,40.763821,-73.984565,116,
E..N05R,40.763836,-73.984453,117,
E..N05R,40.763842,-73.984337,118,
E..N05R,40.763838,-73.984216,119,
E..N05R,40.763825,-73.984092,120,
E..N05R,40.763803,-73.983964,121,
E..N05R,40.763771,-73.983832,122,
E..N05R,40.763731,-73.983698,123,
E..N05R,40.762874,-73.981663,124,
E..N05R,40.762862,-73.981637,125,
E..N05R,40.762259,-73.980212,126,
E..N05R,40.760789,-73.976697,127,
E..N05R,40.760167,-73.975224,128,
E..N05R,40.757552,-73.969055,129,
E..N05R,40.754872,-73.962705,130,
E..N05R,40.754839,-73.962630,131,
E..N05R,40.754803,-73.962555,132,
E..N05R,40.754767,-73.962481,133,
E..N05R,40.754730,-73.962407,134,
E..N05R,40.754693,-73.962335,135,
E..N05R,40.754655,-73.962264,136,
E..N05R,40.754617,-73.962194,137,
E..N05R,40.754577,-73.962124,138,
E..N05R,40.754538,-73.962056,139,
E..N05R,40.754497,-73.961989,140,
E..N05R,40.754456,-73.961923,141,
E..N05R,40.754414,-73.961857,142,
E..N05R,40.754372,-73.961793,143,
E..N05R,40.754329,-73.961729,144,
E..N05R,40.754285,-73.961669,145,
E..N05R,40.751182,-73.957251,146,
E..N05R,40.750975,-73.956916,147,
E..N05R,40.750778,-73.956583,148,
E..N05R,40.750591,-73.956251,149,
E..N05R,40.750413,-73.955920,150,
E..N05R,40.750244,-73.955590,151,
E..N05R,40.750085,-73.955261,152,
E..N05R,40.749935,-73.954933,153,
E..N05R,40.749795,-73.954605,154,
E..N05R,40.749664,-73.954279,155,
E..N05R,40.749543,-73.953954,156,
E..N05R,40.749430,-73.953629,157,
E..N05R,40.749328,-73.953305,158,
E..N05R,40.749234,-73.952983,159,
E..N05R,40.749151,-73.952661,160,
E..N05R,40.749075,-73.952344,161,
E..N05R,40.747846,-73.946000,162,
E..N05R,40.747357,-73.943479,163,
E..N05R,40.747329,-73.943338,164,
E..N05R,40.747306,-73.943199,165,
E..N05R,40.747287,-73.943063,166,
E..N05R,40.747273,-73.942927,167,
E..N05R,40.747264,-73.942794,168,
E..N05R,40.747259,-73.942663,169,
E..N05R,40.747258,-73.942533,170,
E..N05R,40.747263,-73.942405,171,
E..N05R,40.747272,-73.942279,172,
E..N05R,40.747285,-73.942155,173,
E..N05R,40.747303,-73.942033,174,
E..N05R,40.747326,-73.941913,175,
E..N05R,40.747353,-73.941794,176,
E..N05R,40.747385,-73.941678,177,
E..N05R,40.747421,-73.941563,178,
E..N05R,40.748061,-73.939780,179,
E..N05R,40.748973,-73.937243,180,
E..N05R,40.748999,-73.937170,181,
E..N05R,40.749025,-73.937099,182,
E..N05R,40.749054,-73.937030,183,
E..N05R,40.749083,-73.936963,184,
E..N05R,40.749114,-73.936897,185,
E..N05R,40.749146,-73.936834,186,
E..N05R,40.749180,-73.936772,187,
E..N05R,40.749215,-73.936712,188,
E..N05R,40.749251,-73.936655,189,
E..N05R,40.749288,-73.936599,190,
E..N05R,40.749327,-73.936544,191,
E..N05R,40.749367,-73.936492,192,
E..N05R,40.749408,-73.936442,193,
E..N05R,40.749451,-73.936394,194,
E..N05R,40.749495,-73.936347,195,
E..N05R,40.750660,-73.935094,196,
E..N05R,40.750826,-73.934913,197,
E..N05R,40.750981,-73.934726,198,
E..N05R,40.751125,-73.934532,199,
E..N05R,40.751258,-73.934331,200,
E..N05R,40.751380,-73.934122,201,
E..N05R,40.751491,-73.933905,202,
E..N05R,40.751591,-73.933682,203,
E..N05R,40.751680,-73.933451,204,
E..N05R,40.751758,-73.933212,205,
E..N05R,40.751824,-73.932966,206,
E..N05R,40.751880,-73.932713,207,
E..N05R,40.751924,-73.932452,208,
E..N05R,40.751957,-73.932184,209,
E..N05R,40.751979,-73.931908,210,
E..N05R,40.751990,-73.931627,211,
E..N05R,40.752039,-73.928781,212,
E..N05R,40.752074,-73.926563,213,
E..N05R,40.752078,-73.926450,214,
E..N05R,40.752083,-73.926339,215,
E..N05R,40.752090,-73.926229,216,
E..N05R,40.752098,-73.926120,217,
E..N05R,40.752108,-73.926011,218,
E..N05R,40.752119,-73.925903,219,
E..N05R,40.752132,-73.925796,220,
E..N05R,40.752146,-73.925690,221,
E..N05R,40.752162,-73.925585,222,
E..N05R,40.752179,-73.925480,223,
E..N05R,40.752197,-73.925376,224,
E..N05R,40.752217,-73.925273,225,
E..N05R,40.752239,-73.925171,226,
E..N05R,40.752262,-73.925070,227,
E..N05R,40.752285,-73.924968,228,
E..N05R,40.752311,-73.924861,229,
E..N05R,40.752340,-73.924757,230,
E..N05R,40.752373,-73.924657,231,
E..N05R,40.752411,-73.924560,232,
E..N05R,40.752452,-73.924467,233,
E..N05R,40.752497,-73.924377,234,
E..N05R,40.752545,-73.924291,235,
E..N05R,40.752598,-73.924208,236,
E..N05R,40.752654,-73.924129,237,
E..N05R,40.752714,-73.924054,238,
E..N05R,40.752778,-73.923982,239,
E..N05R,40.752846,-73.923913,240,
E..N05R,40.752918,-73.923848,241,
E..N05R,40.752994,-73.923787,242,
E..N05R,40.753072,-73.923728,243,
E..N05R,40.755854,-73.921565,244,
E..N05R,40.755867,-73.921555,245,
E..N05R,40.755879,-73.921546,246,
E..N05R,40.755893,-73.921535,247,
E..N05R,40.755906,-73.921525,248,
E..N05R,40.755920,-73.921515,249,
E..N05R,40.755934,-73.921504,250,
E..N05R,40.755948,-73.921493,251,
E..N05R,40.755962,-73.921481,252,
E..N05R,40.755977,-73.921470,253,
E..N05R,40.755992,-73.921458,254,
E..N05R,40.756007,-73.921446,255,
E..N05R,40.756023,-73.921433,256,
E..N05R,40.756039,-73.921421,257,
E..N05R,40.756055,-73.921408,258,
E..N05R,40.756071,-73.921395,259,
E..N05R,40.756879,-73.920740,260,
E..N05R,40.757972,-73.919850,261,
E..N05R,40.758107,-73.919713,262,
E..N05R,40.758213,-73.919568,263,
E..N05R,40.758303,-73.919417,264,
E..N05R,40.758378,-73.919262,265,
E..N05R,40.758437,-73.919101,266,
E..N05R,40.758481,-73.918936,267,
E..N05R,40.758510,-73.918765,268,
E..N05R,40.758523,-73.918590,269,
E..N05R,40.758520,-73.918409,270,
E..N05R,40.758502,-73.918224,271,
E..N05R,40.758469,-73.918033,272,
E..N05R,40.758420,-73.917838,273,
E..N05R,40.758356,-73.917638,274,
E..N05R,40.758276,-73.917432,275,
E..N05R,40.758182,-73.917222,276,
E..N05R,40.757023,-73.914834,277,
E..N05R,40.757005,-73.914798,278,
E..N05R,40.756987,-73.914762,279,
E..N05R,40.756969,-73.914726,280,
E..N05R,40.756951,-73.914691,281,
E..N05R,40.756933,-73.914655,282,
E..N05R,40.756915,-73.914619,283,
E..N05R,40.756898,-73.914583,284,
E..N05R,40.756880,-73.914547,285,
E..N05R,40.756863,-73.914511,286,
E..N05R,40.756846,-73.914475,287,
E..N05R,40.756829,-73.914439,288,
E..N05R,40.756812,-73.914404,289,
E..N05R,40.756795,-73.914368,290,
E..N05R,40.756779,-73.914332,291,
E..N05R,40.756762,-73.914295,292,
E..N05R,40.756312,-73.913333,293,
E..N05R,40.754245,-73.908935,294,
E..N05R,40.753221,-73.906786,295,
E..N05R,40.752885,-73.906006,296,
E..N05R,40.749669,-73.898453,297,
E..N05R,40.746644,-73.891338,298,
E..N05R,40.744006,-73.885149,299,
E..N05R,40.743987,-73.885104,300,
E..N05R,40.743967,-73.885059,301,
E..N05R,40.743948,-73.885015,302,
E..N05R,40.743928,-73.884971,303,
E..N05R,40.743909,-73.884928,304,
E..N05R,40.743890,-73.884885,305,
E..N05R,40.743871,-73.884843,306,
E..N05R,40.743851,-73.884801,307,
E..N05R,40.743832,-73.884760,308,
E..N05R,40.743813,-73.884719,309,
E..N05R,40.743794,-73.884679,310,
E..N05R,40.743775,-73.884639,311,
E..N05R,40.743756,-73.884600,312,
E..N05R,40.743737,-73.884561,313,
E..N05R,40.743718,-73.884523,314,
E..N05R,40.742933,-73.882917,315,
E..N05R,40.742897,-73.882846,316,
E..N05R,40.742862,-73.882775,317,
E..N05R,40.742827,-73.882706,318,
E..N05R,40.742792,-73.882639,319,
E..N05R,40.742759,-73.882574,320,
E..N05R,40.742726,-73.882510,321,
E..N05R,40.742693,-73.882448,322,
E..N05R,40.742661,-73.882388,323,
E..N05R,40.742630,-73.882330,324,
E..N05R,40.742599,-73.882273,325,
E..N05R,40.742569,-73.882218,326,
E..N05R,40.742539,-73.882165,327,
E..N05R,40.742510,-73.882114,328,
E..N05R,40.742482,-73.882064,329,
E..N05R,40.742454,-73.882017,330,
E..N05R,40.742415,-73.881945,331,
E..N05R,40.742376,-73.881874,332,
E..N05R,40.742337,-73.881803,333,
E..N05R,40.742296,-73.881732,334,
E..N05R,40.742256,-73.881662,335,
E..N05R,40.742215,-73.881592,336,
E..N05R,40.742173,-73.881523,337,
E..N05R,40.742131,-73.881453,338,
E..N05R,40.742088,-73.881384,339,
E..N05R,40.742045,-73.881316,340,
E..N05R,40.742001,-73.881247,341,
E..N05R,40.741957,-73.881179,342,
E..N05R,40.741913,-73.881112,343,
E..N05R,40.741868,-73.881044,344,
E..N05R,40.741822,-73.880977,345,
E..N05R,40.740665,-73.879422,346,
E..N05R,40.740614,-73.879357,347,
E..N05R,40.740561,-73.879295,348,
E..N05R,40.740506,-73.879235,349,
E..N05R,40.740449,-73.879175,350,
E..N05R,40.740389,-73.879117,351,
E..N05R,40.740326,-73.879060,352,
E..N05R,40.740261,-73.879004,353,
E..N05R,40.740194,-73.878950,354,
E..N05R,40.740124,-73.878897,355,
E..N05R,40.740052,-73.878845,356,
E..N05R,40.739977,-73.878794,357,
E..N05R,40.739900,-73.878744,358,
E..N05R,40.739821,-73.878696,359,
E..N05R,40.739739,-73.878649,360,
E..N05R,40.739655,-73.878602,361,
E..N05R,40.737015,-73.877223,362,
E..N05R,40.736710,-73.877055,363,
E..N05R,40.736514,-73.876951,364,
E..N05R,40.736327,-73.876834,365,
E..N05R,40.736148,-73.876705,366,
E..N05R,40.735976,-73.876562,367,
E..N05R,40.735812,-73.876405,368,
E..N05R,40.735655,-73.876236,369,
E..N05R,40.735507,-73.876054,370,
E..N05R,40.735365,-73.875859,371,
E..N05R,40.735232,-73.875650,372,
E..N05R,40.735106,-73.875429,373,
E..N05R,40.734988,-73.875194,374,
E..N05R,40.734877,-73.874947,375,
E..N05R,40.734775,-73.874686,376,
E..N05R,40.734679,-73.874412,377,
E..N05R,40.734593,-73.874126,378,
E..N05R,40.733648,-73.870923,379,
E..N05R,40.733614,-73.870805,380,
E..N05R,40.733579,-73.870688,381,
E..N05R,40.733544,-73.870571,382,
E..N05R,40.733509,-73.870454,383,
E..N05R,40.733473,-73.870339,384,
E..N05R,40.733437,-73.870224,385,
E..N05R,40.733401,-73.870111,386,
E..N05R,40.733365,-73.869998,387,
E..N05R,40.733328,-73.869885,388,
E..N05R,40.733292,-73.869774,389,
E..N05R,40.733255,-73.869663,390,
E..N05R,40.733218,-73.869554,391,
E..N05R,40.733181,-73.869445,392,
E..N05R,40.733144,-73.869336,393,
E..N05R,40.733106,-73.869229,394,
E..N05R,40.733041,-73.869062,395,
E..N05R,40.732975,-73.868898,396,
E..N05R,40.732909,-73.868737,397,
E..N05R,40.732842,-73.868579,398,
E..N05R,40.732774,-73.868425,399,
E..N05R,40.732706,-73.868274,400,
E..N05R,40.732638,-73.868127,401,
E..N05R,40.732568,-73.867984,402,
E..N05R,40.732499,-73.867843,403,
E..N05R,40.732429,-73.867707,404,
E..N05R,40.732358,-73.867573,405,
E..N05R,40.732287,-73.867444,406,
E..N05R,40.732215,-73.867317,407,
E..N05R,40.732143,-73.867194,408,
E..N05R,40.732070,-73.867073,409,
E..N05R,40.731991,-73.866945,410,
E..N05R,40.731914,-73.866812,411,
E..N05R,40.731838,-73.866676,412,
E..N05R,40.731763,-73.866535,413,
E..N05R,40.731688,-73.866390,414,
E..N05R,40.731614,-73.866241,415,
E..N05R,40.731541,-73.866087,416,
E..N05R,40.731469,-73.865930,417,
E..N05R,40.731397,-73.865768,418,
E..N05R,40.731327,-73.865602,419,
E..N05R,40.731257,-73.865431,420,
E..N05R,40.731187,-73.865257,421,
E..N05R,40.731119,-73.865078,422,
E..N05R,40.731051,-73.864895,423,
E..N05R,40.730985,-73.864710,424,
E..N05R,40.729846,-73.861604,425,
E..N05R,40.727216,-73.854378,426,
E..N05R,40.727179,-73.854282,427,
E..N05R,40.727142,-73.854184,428,
E..N05R,40.727103,-73.854085,429,
E..N05R,40.727062,-73.853983,430,
E..N05R,40.727021,-73.853879,431,
E..N05R,40.726977,-73.853773,432,
E..N05R,40.726933,-73.853665,433,
E..N05R,40.726887,-73.853554,434,
E..N05R,40.726839,-73.853442,435,
E..N05R,40.726790,-73.853327,436,
E..N05R,40.726740,-73.853210,437,
E..N05R,40.726688,-73.853091,438,
E..N05R,40.726635,-73.852969,439,
E..N05R,40.726580,-73.852846,440,
E..N05R,40.726523,-73.852719,441,
E..N05R,40.726443,-73.852538,442,
E..N05R,40.726358,-73.852359,443,
E..N05R,40.726271,-73.852185,444,
E..N05R,40.726181,-73.852015,445,
E..N05R,40.726090,-73.851849,446,
E..N05R,40.725995,-73.851688,447,
E..N05R,40.725899,-73.851530,448,
E..N05R,40.725800,-73.851377,449,
E..N05R,40.725699,-73.851228,450,
E..N05R,40.725596,-73.851083,451,
E..N05R,40.725490,-73.850942,452,
E..N05R,40.725382,-73.850805,453,
E..N05R,40.725272,-73.850673,454,
E..N05R,40.725159,-73.850544,455,
E..N05R,40.725045,-73.850418,456,
E..N05R,40.724889,-73.850252,457,
E..N05R,40.724735,-73.850084,458,
E..N05R,40.724584,-73.849912,459,
E..N05R,40.724436,-73.849736,460,
E..N05R,40.724292,-73.849556,461,
E..N05R,40.724151,-73.849372,462,
E..N05R,40.724013,-73.849184,463,
E..N05R,40.723878,-73.848993,464,
E..N05R,40.723747,-73.848797,465,
E..N05R,40.723618,-73.848598,466,
E..N05R,40.723493,-73.848394,467,
E..N05R,40.723371,-73.848187,468,
E..N05R,40.723253,-73.847975,469,
E..N05R,40.723137,-73.847760,470,
E..N05R,40.723026,-73.847541,471,
E..N05R,40.721691,-73.844521,472,
E..N05R,40.720314,-73.841421,473,
E..N05R,40.720274,-73.841329,474,
E..N05R,40.720234,-73.841237,475,
E..N05R,40.720194,-73.841146,476,
E..N05R,40.720153,-73.841055,477,
E..N05R,40.720112,-73.840965,478,
E..N05R,40.720070,-73.840875,479,
E..N05R,40.720028,-73.840786,480,
E..N05R,40.719986,-73.840697,481,
E..N05R,40.719943,-73.840608,482,
E..N05R,40.719900,-73.840520,483,
E..N05R,40.719857,-73.840432,484,
E..N05R,40.719813,-73.840345,485,
E..N05R,40.719769,-73.840258,486,
E..N05R,40.719725,-73.840171,487,
E..N05R,40.719680,-73.840085,488,
E..N05R,40.718331,-73.837324,489,
E..N05R,40.717531,-73.835753,490,
E..N05R,40.717453,-73.835607,491,
E..N05R,40.717374,-73.835462,492,
E..N05R,40.717294,-73.835318,493,
E..N05R,40.717213,-73.835176,494,
E..N05R,40.717130,-73.835035,495,
E..N05R,40.717046,-73.834895,496,
E..N05R,40.716961,-73.834756,497,
E..N05R,40.716875,-73.834618,498,
E..N05R,40.716787,-73.834482,499,
E..N05R,40.716698,-73.834347,500,
E..N05R,40.716608,-73.834213,501,
E..N05R,40.716517,-73.834081,502,
E..N05R,40.716425,-73.833950,503,
E..N05R,40.716331,-73.833820,504,
E..N05R,40.716237,-73.833689,505,
E..N05R,40.716050,-73.833446,506,
E..N05R,40.715936,-73.833291,507,
E..N05R,40.715821,-73.833138,508,
E..N05R,40.715708,-73.832983,509,
E..N05R,40.715596,-73.832827,510,
E..N05R,40.715485,-73.832669,511,
E..N05R,40.715375,-73.832510,512,
E..N05R,40.715267,-73.832349,513,
E..N05R,40.715159,-73.832187,514,
E..N05R,40.715053,-73.832023,515,
E..N05R,40.714948,-73.831858,516,
E..N05R,40.714844,-73.831691,517,
E..N05R,40.714741,-73.831523,518,
E..N05R,40.714639,-73.831353,519,
E..N05R,40.714539,-73.831182,520,
E..N05R,40.714441,-73.831008,521,
E..N05R,40.713129,-73.828344,522,
E..N05R,40.713093,-73.828269,523,
E..N05R,40.713058,-73.828191,524,
E..N05R,40.713023,-73.828113,525,
E..N05R,40.712988,-73.828033,526,
E..N05R,40.712953,-73.827953,527,
E..N05R,40.712918,-73.827871,528,
E..N05R,40.712884,-73.827788,529,
E..N05R,40.712850,-73.827704,530,
E..N05R,40.712816,-73.827619,531,
E..N05R,40.712782,-73.827532,532,
E..N05R,40.712749,-73.827445,533,
E..N05R,40.712716,-73.827356,534,
E..N05R,40.712682,-73.827267,535,
E..N05R,40.712650,-73.827176,536,
E..N05R,40.712617,-73.827083,537,
E..N05R,40.710847,-73.822473,538,
E..N05R,40.710787,-73.822318,539,
E..N05R,40.710724,-73.822167,540,
E..N05R,40.710658,-73.822024,541,
E..N05R,40.710588,-73.821887,542,
E..N05R,40.710516,-73.821757,543,
E..N05R,40.710440,-73.821634,544,
E..N05R,40.710362,-73.821518,545,
E..N05R,40.710280,-73.821408,546,
E..N05R,40.710195,-73.821305,547,
E..N05R,40.710107,-73.821210,548,
E..N05R,40.710015,-73.821121,549,
E..N05R,40.709921,-73.821039,550,
E..N05R,40.709823,-73.820963,551,
E..N05R,40.709723,-73.820895,552,
E..N05R,40.709619,-73.820832,553,
E..N05R,40.709179,-73.820574,554,
E..N05R,40.707304,-73.819479,555,
E..N05R,40.705560,-73.818380,556,
E..N05R,40.705458,-73.818311,557,
E..N05R,40.705361,-73.818247,558,
E..N05R,40.705268,-73.818186,559,
E..N05R,40.705180,-73.818129,560,
E..N05R,40.705097,-73.818077,561,
E..N05R,40.705019,-73.818028,562,
E..N05R,40.704945,-73.817983,563,
E..N05R,40.704876,-73.817942,564,
E..N05R,40.704812,-73.817905,565,
E..N05R,40.704753,-73.817872,566,
E..N05R,40.704698,-73.817843,567,
E..N05R,40.704648,-73.817818,568,
E..N05R,40.704603,-73.817797,569,
E..N05R,40.704563,-73.817779,570,
E..N05R,40.704526,-73.817765,571,
E..N05R,40.702566,-73.816859,572,
E..N05R,40.701272,-73.816187,573,
E..N05R,40.701153,-73.816129,574,
E..N05R,40.701042,-73.816062,575,
E..N05R,40.700935,-73.815991,576,
E..N05R,40.700833,-73.815914,577,
E..N05R,40.700735,-73.815832,578,
E..N05R,40.700641,-73.815746,579,
E..N05R,40.700553,-73.815655,580,
E..N05R,40.700468,-73.815558,581,
E..N05R,40.700389,-73.815457,582,
E..N05R,40.700313,-73.815351,583,
E..N05R,40.700243,-73.815240,584,
E..N05R,40.700177,-73.815124,585,
E..N05R,40.700115,-73.815003,586,
E..N05R,40.700058,-73.814878,587,
E..N05R,40.700003,-73.814744,588,
E..N05R,40.699436,-73.812650,589,
E..N05R,40.699417,-73.812545,590,
E..N05R,40.699399,-73.812438,591,
E..N05R,40.699384,-73.812331,592,
E..N05R,40.699373,-73.812225,593,
E..N05R,40.699364,-73.812120,594,
E..N05R,40.699359,-73.812016,595,
E..N05R,40.699358,-73.811912,596,
E..N05R,40.699359,-73.811808,597,
E..N05R,40.699364,-73.811706,598,
E..N05R,40.699372,-73.811604,599,
E..N05R,40.699383,-73.811503,600,
E..N05R,40.699398,-73.811402,601,
E..N05R,40.699416,-73.811303,602,
E..N05R,40.699437,-73.811203,603,
E..N05R,40.699458,-73.811105,604,
E..N05R,40.699845,-73.809735,605,
E..N05R,40.699863,-73.809673,606,
E..N05R,40.699881,-73.809612,607,
E..N05R,40.699899,-73.809551,608,
E..N05R,40.699919,-73.809490,609,
E..N05R,40.699939,-73.809429,610,
E..N05R,40.699959,-73.809369,611,
E..N05R,40.699980,-73.809309,612,
E..N05R,40.700002,-73.809249,613,
E..N05R,40.700024,-73.809189,614,
E..N05R,40.700047,-73.809130,615,
E..N05R,40.700071,-73.809071,616,
E..N05R,40.700095,-73.809012,617,
E..N05R,40.700120,-73.808953,618,
E..N05R,40.700145,-73.808895,619,
E..N05R,40.700171,-73.808838,620,
E..N05R,40.700197,-73.808782,621,
E..N05R,40.700222,-73.808726,622,
E..N05R,40.700246,-73.808670,623,
E..N05R,40.700269,-73.808613,624,
E..N05R,40.700292,-73.808556,625,
E..N05R,40.700315,-73.808499,626,
E..N05R,40.700336,-73.808442,627,
E..N05R,40.700357,-73.808384,628,
E..N05R,40.700378,-73.808326,629,
E..N05R,40.700397,-73.808267,630,
E..N05R,40.700416,-73.808209,631,
E..N05R,40.700435,-73.808149,632,
E..N05R,40.700453,-73.808090,633,
E..N05R,40.700470,-73.808030,634,
E..N05R,40.700486,-73.807969,635,
E..N05R,40.700823,-73.806654,636,
E..N05R,40.701487,-73.804039,637,
E..N05R,40.701499,-73.803989,638,
E..N05R,40.701511,-73.803939,639,
E..N05R,40.701523,-73.803891,640,
E..N05R,40.701534,-73.803844,641,
E..N05R,40.701545,-73.803798,642,
E..N05R,40.701555,-73.803752,643,
E..N05R,40.701565,-73.803708,644,
E..N05R,40.701575,-73.803664,645,
E..N05R,40.701584,-73.803622,646,
E..N05R,40.701593,-73.803581,647,
E..N05R,40.701602,-73.803540,648,
E..N05R,40.701610,-73.803501,649,
E..N05R,40.701618,-73.803462,650,
E..N05R,40.701626,-73.803425,651,
E..N05R,40.701633,-73.803388,652,
E..N05R,40.702147,-73.801109,653,