F..N68R,40.603217,-73.972361,0,
F..N68R,40.604053,-73.972247,1,
F..N68R,40.604117,-73.972239,2,
F..N68R,40.604183,-73.972234,3,
F..N68R,40.604250,-73.972230,4,
F..N68R,40.604318,-73.972227,5,
F..N68R,40.604387,-73.972226,6,
F..N68R,40.604457,-73.972226,7,
F..N68R,40.604529,-73.972228,8,
F..N68R,40.604601,-73.972232,9,
F..N68R,40.604675,-73.972237,10,
F..N68R,40.604750,-73.972243,11,
F..N68R,40.604827,-73.972251,12,
F..N68R,40.604904,-73.972261,13,
F..N68R,40.604982,-73.972272,14,
F..N68R,40.605062,-73.972284,15,
F..N68R,40.605143,-73.972299,16,
F..N68R,40.608944,-73.973022,17,
F..N68R,40.615140,-73.974197,18,
F..N68R,40.620769,-73.975264,19,
F..N68R,40.625322,-73.976127,20,
F..N68R,40.629755,-73.976971,21,
F..N68R,40.636119,-73.978172,22,
F..N68R,40.636526,-73.978249,23,
F..N68R,40.636596,-73.978262,24,
F..N68R,40.636669,-73.978277,25,
F..N68R,40.636745,-73.978294,26,
F..N68R,40.636824,-73.978312,27,
F..N68R,40.636906,-73.978331,28,
F..N68R,40.636991,-73.978351,29,
F..N68R,40.637079,-73.978373,30,
F..N68R,40.637170,-73.978396,31,
F..N68R,40.637264,-73.978420,32,
F..N68R,40.637361,-73.978445,33,
F..N68R,40.637462,-73.978471,34,
F..N68R,40.637565,-73.978499,35,
F..N68R,40.637671,-73.978528,36,
F..N68R,40.637781,-73.978558,37,
F..N68R,40.637892,-73.978591,38,
F..N68R,40.637945,-73.978605,39,
F..N68R,40.637997,-73.978619,40,
F..N68R,40.638050,-73.978632,41,
F..N68R,40.638101,-73.978645,42,
F..N68R,40.638153,-73.978657,43,
F..N68R,40.638203,-73.978670,44,
F..N68R,40.638254,-73.978681,45,
F..N68R,40.638304,-73.978693,46,
F..N68R,40.638354,-73.978704,47,
F..N68R,40.638403,-73.978714,48,
F..N68R,40.638452,-73.978724,49,
F..N68R,40.638500,-73.978734,50,
F..N68R,40.638548,-73.978743,51,
F..N68R,40.638596,-73.978752,52,
F..N68R,40.638643,-73.978761,53,
F..N68R,40.640186,-73.979056,54,
F..N68R,40.640223,-73.979064,55,
F..N68R,40.640261,-73.979072,56,
F..N68R,40.640299,-73.979079,57,
F..N68R,40.640339,-73.979086,58,
F..N68R,40.640379,-73.979093,59,
F..N68R,40.640420,-73.979100,60,
F..N68R,40.640461,-73.979106,61,
F..N68R,40.640503,-73.979112,62,
F..N68R,40.640546,-73.979118,63,
F..N68R,40.640590,-73.979123,64,
F..N68R,40.640634,-73.979129,65,
F..N68R,40.640679,-73.979134,66,
F..N68R,40.640725,-73.979138,67,
F..N68R,40.640772,-73.979143,68,
F..N68R,40.640819,-73.979147,69,
F..N68R,40.641369,-73.979204,70,
F..N68R,40.641416,-73.979208,71,
F..N68R,40.641463,-73.979213,72,
F..N68R,40.641510,-73.979218,73,
F..N68R,40.641558,-73.979224,74,
F..N68R,40.641607,-73.979230,75,
F..N68R,40.641656,-73.979236,76,
F..N68R,40.641705,-73.979243,77,
F..N68R,40.641755,-73.979251,78,
F..N68R,40.641806,-73.979259,79,
F..N68R,40.641857,-73.979267,80,
F..N68R,40.641908,-73.979276,81,
F..N68R,40.641960,-73.979285,82,
F..N68R,40.642013,-73.979294,83,
F..N68R,40.642066,-73.979304,84,
F..N68R,40.642120,-73.979314,85,
F..N68R,40.644041,-73.979678,86,
F..N68R,40.645397,-73.979931,87,
F..N68R,40.645613,-73.979966,88,
F..N68R,40.645822,-73.979985,89,
F..N68R,40.646022,-73.979986,90,
F..N68R,40.646215,-73.979969,91,
F..N68R,40.646400,-73.979936,92,
F..N68R,40.646577,-73.979886,93,
F..N68R,40.646746,-73.979818,94,
F..N68R,40.646907,-73.979733,95,
F..N68R,40.647060,-73.979632,96,
F..N68R,40.647205,-73.979513,97,
F..N68R,40.647342,-73.979376,98,
F..N68R,40.647471,-73.979223,99,
F..N68R,40.647593,-73.979052,100,
F..N68R,40.647706,-73.978865,101,
F..N68R,40.647813,-73.978660,102,
F..N68R,40.648349,-73.977306,103,
F..N68R,40.648437,-73.977113,104,
F..N68R,40.648536,-73.976933,105,
F..N68R,40.648646,-73.976767,106,
F..N68R,40.648766,-73.976613,107,
F..N68R,40.648897,-73.976473,108,
F..N68R,40.649038,-73.976345,109,
F..N68R,40.649190,-73.976231,110,
F..N68R,40.649352,-73.976129,111,
F..N68R,40.649525,-73.976040,112,
F..N68R,40.649708,-73.975964,113,
F..N68R,40.649902,-73.975901,114,
F..N68R,40.650106,-73.975851,115,
F..N68R,40.650320,-73.975814,116,
F..N68R,40.650546,-73.975789,117,
F..N68R,40.650782,-73.975776,118,
F..N68R,40.650865,-73.975780,119,
F..N68R,40.650950,-73.975785,120,
F..N68R,40.651038,-73.975790,121,
F..N68R,40.651128,-73.975797,122,
F..N68R,40.651221,-73.975806,123,
F..N68R,40.651317,-73.975815,124,
F..N68R,40.651415,-73.975825,125,
F..N68R,40.651516,-73.975837,126,
F..N68R,40.651619,-73.975850,127,
F..N68R,40.651724,-73.975863,128,
F..N68R,40.651833,-73.975878,129,
F..N68R,40.651943,-73.975894,130,
F..N68R,40.652057,-73.975911,131,
F..N68R,40.652173,-73.975930,132,
F..N68R,40.652292,-73.975951,133,
F..N68R,40.654895,-73.976441,134,
F..N68R,40.655008,-73.976464,135,
F..N68R,40.655117,-73.976491,136,
F..N68R,40.655222,-73.976525,137,
F..N68R,40.655324,-73.976565,138,
F..N68R,40.655422,-73.976611,139,
F..N68R,40.655517,-73.976664,140,
F..N68R,40.655609,-73.976722,141,
F..N68R,40.655696,-73.976787,142,
F..N68R,40.655781,-73.976858,143,
F..N68R,40.655862,-73.976935,144,
F..N68R,40.655939,-73.977018,145,
F..N68R,40.656013,-73.977108,146,
F..N68R,40.656084,-73.977203,147,
F..N68R,40.656151,-73.977305,148,
F..N68R,40.656215,-73.977414,149,
F..N68R,40.657523,-73.979648,150,
F..N68R,40.657608,-73.979786,151,
F..N68R,40.657695,-73.979912,152,
F..N68R,40.657784,-73.980024,153,
F..N68R,40.657876,-73.980122,154,
F..N68R,40.657970,-73.980208,155,
F..N68R,40.658066,-73.980281,156,
F..N68R,40.658165,-73.980340,157,
F..N68R,40.658266,-73.980386,158,
F..N68R,40.658369,-73.980420,159,
F..N68R,40.658475,-73.980440,160,
F..N68R,40.658583,-73.980446,161,
F..N68R,40.658693,-73.980440,162,
F..N68R,40.658806,-73.980420,163,
F..N68R,40.658921,-73.980388,164,
F..N68R,40.659039,-73.980342,165,
F..N68R,40.659124,-73.980298,166,
F..N68R,40.659210,-73.980252,167,
F..N68R,40.659296,-73.980204,168,
F..N68R,40.659382,-73.980155,169,
F..N68R,40.659469,-73.980104,170,
F..N68R,40.659557,-73.980051,171,
F..N68R,40.659645,-73.979996,172,
F..N68R,40.659733,-73.979940,173,
F..N68R,40.659822,-73.979881,174,
F..N68R,40.659912,-73.979821,175,
F..N68R,40.660002,-73.979760,176,
F..N68R,40.660092,-73.979696,177,
F..N68R,40.660183,-73.979631,178,
F..N68R,40.660274,-73.979564,179,
F..N68R,40.660365,-73.979493,180,
F..N68R,40.663046,-73.977329,181,
F..N68R,40.663205,-73.977197,182,
F..N68R,40.663364,-73.977094,183,
F..N68R,40.663519,-73.977015,184,
F..N68R,40.663671,-73.976959,185,
F..N68R,40.663820,-73.976928,186,
F..N68R,40.663966,-73.976921,187,
F..N68R,40.664108,-73.976938,188,
F..N68R,40.664247,-73.976978,189,
F..N68R,40.664383,-73.977043,190,
F..N68R,40.664515,-73.977132,191,
F..N68R,40.664645,-73.977245,192,
F..N68R,40.664771,-73.977382,193,
F..N68R,40.664893,-73.977544,194,
F..N68R,40.665013,-73.977729,195,
F..N68R,40.665130,-73.977941,196,
F..N68R,40.666271,-73.980305,197,
F..N68R,40.667436,-73.982712,198,
F..N68R,40.667459,-73.982761,199,
F..N68R,40.667482,-73.982809,200,
F..N68R,40.667505,-73.982856,201,
F..N68R,40.667527,-73.982902,202,
F..N68R,40.667549,-73.982948,203,
F..N68R,40.667571,-73.982993,204,
F..N68R,40.667593,-73.983037,205,
F..N68R,40.667615,-73.983081,206,
F..N68R,40.667636,-73.983123,207,
F..N68R,40.667657,-73.983166,208,
F..N68R,40.667678,-73.983207,209,
F..N68R,40.667699,-73.983248,210,
F..N68R,40.667720,-73.983287,211,
F..N68R,40.667740,-73.983327,212,
F..N68R,40.667760,-73.983365,213,
F..N68R,40.668766,-73.985354,214,
F..N68R,40.668808,-73.985451,215,
F..N68R,40.668847,-73.985549,216,
F..N68R,40.668884,-73.985647,217,
F..N68R,40.668919,-73.985745,218,
F..N68R,40.668952,-73.985843,219,
F..N68R,40.668982,-73.985942,220,
F..N68R,40.669011,-73.986041,221,
F..N68R,40.669037,-73.986139,222,
F..N68R,40.669061,-73.986238,223,
F..N68R,40.669083,-73.986338,224,
F..N68R,40.669102,-73.986437,225,
F..N68R,40.669120,-73.986537,226,
F..N68R,40.669135,-73.986636,227,
F..N68R,40.669148,-73.986736,228,
F..N68R,40.669160,-73.986836,229,
F..N68R,40.669177,-73.986944,230,
F..N68R,40.669197,-73.987053,231,
F..N68R,40.669218,-73.987162,232,
F..N68R,40.669242,-73.987271,233,
F..N68R,40.669268,-73.987380,234,
F..N68R,40.669295,-73.987489,235,
F..N68R,40.669325,-73.987598,236,
F..N68R,40.669357,-73.987708,237,
F..N68R,40.669391,-73.987817,238,
F..N68R,40.669427,-73.987926,239,
F..N68R,40.669466,-73.988035,240,
F..N68R,40.669506,-73.988144,241,
F..N68R,40.669548,-73.988253,242,
F..N68R,40.669593,-73.988362,243,
F..N68R,40.669639,-73.988470,244,
F..N68R,40.670272,-73.989779,245,
F..N68R,40.671773,-73.992891,246,
F..N68R,40.671791,-73.992925,247,
F..N68R,40.671808,-73.992958,248,
F..N68R,40.671826,-73.992991,249,
F..N68R,40.671843,-73.993023,250,
F..N68R,40.671860,-73.993056,251,
F..N68R,40.671877,-73.993087,252,
F..N68R,40.671894,-73.993119,253,
F..N68R,40.671910,-73.993149,254,
F..N68R,40.671927,-73.993180,255,
F..N68R,40.671943,-73.993210,256,
F..N68R,40.671959,-73.993240,257,
F..N68R,40.671976,-73.993269,258,
F..N68R,40.671992,-73.993298,259,
F..N68R,40.672007,-73.993326,260,
F..N68R,40.672023,-73.993354,261,
F..N68R,40.673105,-73.995224,262,
F..N68R,40.673136,-73.995278,263,
F..N68R,40.673167,-73.995331,264,
F..N68R,40.673198,-73.995383,265,
F..N68R,40.673229,-73.995434,266,
F..N68R,40.673260,-73.995485,267,
F..N68R,40.673292,-73.995536,268,
F..N68R,40.673323,-73.995585,269,
F..N68R,40.673355,-73.995634,270,
F..N68R,40.673387,-73.995683,271,
F..N68R,40.673418,-73.995730,272,
F..N68R,40.673450,-73.995777,273,
F..N68R,40.673482,-73.995824,274,
F..N68R,40.673514,-73.995870,275,
F..N68R,40.673547,-73.995915,276,
F..N68R,40.673580,-73.995959,277,
F..N68R,40.673631,-73.996031,278,
F..N68R,40.673684,-73.996103,279,
F..N68R,40.673738,-73.996176,280,
F..N68R,40.673793,-73.996248,281,
F..N68R,40.673849,-73.996320,282,
F..N68R,40.673906,-73.996391,283,
F..N68R,40.673964,-73.996462,284,
F..N68R,40.674024,-73.996533,285,
F..N68R,40.674085,-73.996604,286,
F..N68R,40.674147,-73.996675,287,
F..N68R,40.674210,-73.996745,288,
F..N68R,40.674274,-73.996815,289,
F..N68R,40.674340,-73.996884,290,
F..N68R,40.674406,-73.996954,291,
F..N68R,40.674474,-73.997022,292,
F..N68R,40.674547,-73.997086,293,
F..N68R,40.674622,-73.997146,294,
F..N68R,40.674699,-73.997200,295,
F..N68R,40.674778,-73.997250,296,
F..N68R,40.674859,-73.997294,297,
F..N68R,40.674941,-73.997333,298,
F..N68R,40.675025,-73.997367,299,
F..N68R,40.675111,-73.997396,300,
F..N68R,40.675199,-73.997419,301,
F..N68R,40.675288,-73.997438,302,
F..N68R,40.675379,-73.997451,303,
F..N68R,40.675472,-73.997459,304,
F..N68R,40.675567,-73.997462,305,
F..N68R,40.675663,-73.997460,306,
F..N68R,40.675760,-73.997454,307,
F..N68R,40.675805,-73.997447,308,
F..N68R,40.675850,-73.997437,309,
F..N68R,40.675896,-73.997427,310,
F..N68R,40.675941,-73.997415,311,
F..N68R,40.675986,-73.997403,312,
F..N68R,40.676031,-73.997389,313,
F..N68R,40.676076,-73.997375,314,
F..N68R,40.676122,-73.997359,315,
F..N68R,40.676167,-73.997343,316,
F..N68R,40.676212,-73.997325,317,
F..N68R,40.676257,-73.997306,318,
F..N68R,40.676302,-73.997287,319,
F..N68R,40.676348,-73.997266,320,
F..N68R,40.676393,-73.997245,321,
F..N68R,40.676438,-73.997223,322,
F..N68R,40.678436,-73.996262,323,
F..N68R,40.678593,-73.996182,324,
F..N68R,40.678744,-73.996100,325,
F..N68R,40.678890,-73.996019,326,
F..N68R,40.679032,-73.995937,327,
F..N68R,40.679169,-73.995856,328,
F..N68R,40.679303,-73.995775,329,
F..N68R,40.679431,-73.995694,330,
F..N68R,40.679556,-73.995612,331,
F..N68R,40.679676,-73.995532,332,
F..N68R,40.679791,-73.995451,333,
F..N68R,40.679902,-73.995370,334,
F..N68R,40.680009,-73.995289,335,
F..N68R,40.680111,-73.995209,336,
F..N68R,40.680209,-73.995128,337,
F..N68R,40.680303,-73.995048,338,
F..N68R,40.680903,-73.994454,339,
F..N68R,40.680967,-73.994403,340,
F..N68R,40.681033,-73.994353,341,
F..N68R,40.681099,-73.994302,342,
F..N68R,40.681166,-73.994252,343,
F..N68R,40.681234,-73.994202,344,
F..N68R,40.681302,-73.994151,345,
F..N68R,40.681371,-73.994101,346,
F..N68R,40.681441,-73.994051,347,
F..N68R,40.681511,-73.994001,348,
F..N68R,40.681583,-73.993951,349,
F..N68R,40.681655,-73.993901,350,
F..N68R,40.681727,-73.993851,351,
F..N68R,40.681800,-73.993801,352,
F..N68R,40.681874,-73.993751,353,
F..N68R,40.681949,-73.993701,354,
F..N68R,40.686145,-73.990862,355,
F..N68R,40.688929,-73.988937,356,
F..N68R,40.690701,-73.987738,357,
F..N68R,40.690945,-73.987582,358,
F..N68R,40.690993,-73.987556,359,
F..N68R,40.691041,-73.987532,360,
F..N68R,40.691089,-73.987509,361,
F..N68R,40.691138,-73.987488,362,
F..N68R,40.691187,-73.987469,363,
F..N68R,40.691236,-73.987452,364,
F..N68R,40.691286,-73.987437,365,
F..N68R,40.691336,-73.987423,366,
F..N68R,40.691386,-73.987412,367,
F..N68R,40.691437,-73.987402,368,
F..N68R,40.691488,-73.987394,369,
F..N68R,40.691539,-73.987387,370,
F..N68R,40.691591,-73.987383,371,
F..N68R,40.691643,-73.987380,372,
F..N68R,40.691695,-73.987379,373,
F..N68R,40.692332,-73.987343,374,
F..N68R,40.692338,-73.987342,375,
F..N68R,40.692346,-73.987343,376,
F..N68R,40.693682,-73.987277,377,
F..N68R,40.693715,-73.987276,378,
F..N68R,40.693748,-73.987273,379,
F..N68R,40.693782,-73.987271,380,
F..N68R,40.693816,-73.987268,381,
F..N68R,40.693850,-73.987265,382,
F..N68R,40.693884,-73.987262,383,
F..N68R,40.693919,-73.987259,384,
F..N68R,40.693953,-73.987255,385,
F..N68R,40.693988,-73.987252,386,
F..N68R,40.694024,-73.987248,387,
F..N68R,40.694059,-73.987244,388,
F..N68R,40.694095,-73.987240,389,
F..N68R,40.694131,-73.987235,390,
F..N68R,40.694167,-73.987231,391,
F..N68R,40.694204,-73.987226,392,
F..N68R,40.694334,-73.987211,393,
F..N68R,40.694364,-73.987206,394,
F..N68R,40.694394,-73.987202,395,
F..N68R,40.694424,-73.987198,396,
F..N68R,40.694455,-73.987194,397,
F..N68R,40.694487,-73.987191,398,
F..N68R,40.694519,-73.987187,399,
F..N68R,40.694551,-73.987184,400,
F..N68R,40.694585,-73.987182,401,
F..N68R,40.694618,-73.987179,402,
F..N68R,40.694652,-73.987177,403,
F..N68R,40.694687,-73.987175,404,
F..N68R,40.694722,-73.987173,405,
F..N68R,40.694758,-73.987172,406,
F..N68R,40.694794,-73.987171,407,
F..N68R,40.694832,-73.987170,408,
F..N68R,40.697395,-73.987036,409,
F..N68R,40.699743,-73.986885,410,
F..N68R,40.704099,-73.986587,411,
F..N68R,40.704345,-73.986579,412,
F..N68R,40.704591,-73.986585,413,
F..N68R,40.704836,-73.986604,414,
F..N68R,40.705079,-73.986636,415,
F..N68R,40.705322,-73.986682,416,
F..N68R,40.705563,-73.986741,417,
F..N68R,40.705803,-73.986813,418,
F..N68R,40.706042,-73.986898,419,
F..N68R,40.706280,-73.986997,420,
F..N68R,40.706517,-73.987109,421,
F..N68R,40.706752,-73.987234,422,
F..N68R,40.706987,-73.987372,423,
F..N68R,40.707220,-73.987524,424,
F..N68R,40.707452,-73.987689,425,
F..N68R,40.707683,-73.987867,426,
F..N68R,40.708766,-73.988681,427,
F..N68R,40.708915,-73.988791,428,
F..N68R,40.709071,-73.988899,429,
F..N68R,40.709232,-73.989002,430,
F..N68R,40.709397,-73.989100,431,
F..N68R,40.709566,-73.989193,432,
F..N68R,40.709740,-73.989281,433,
F..N68R,40.709918,-73.989365,434,
F..N68R,40.710101,-73.989444,435,
F..N68R,40.710288,-73.989518,436,
F..N68R,40.710479,-73.989587,437,
F..N68R,40.710675,-73.989652,438,
F..N68R,40.710875,-73.989712,439,
F..N68R,40.711079,-73.989767,440,
F..N68R,40.711288,-73.989817,441,
F..N68R,40.711503,-73.989866,442,
F..N68R,40.712816,-73.990070,443,
F..N68R,40.712885,-73.990080,444,
F..N68R,40.712953,-73.990091,445,
F..N68R,40.713020,-73.990101,446,
F..N68R,40.713086,-73.990110,447,
F..N68R,40.713150,-73.990119,448,
F..N68R,40.713212,-73.990127,449,
F..N68R,40.713274,-73.990134,450,
F..N68R,40.713334,-73.990141,451,
F..N68R,40.713392,-73.990148,452,
F..N68R,40.713450,-73.990154,453,
F..N68R,40.713506,-73.990159,454,
F..N68R,40.713560,-73.990164,455,
F..N68R,40.713613,-73.990168,456,
F..N68R,40.713665,-73.990171,457,
F..N68R,40.713715,-73.990173,458,
F..N68R,40.713758,-73.990177,459,
F..N68R,40.713802,-73.990181,460,
F..N68R,40.713846,-73.990184,461,
F..N68R,40.713889,-73.990187,462,
F..N68R,40.713931,-73.990188,463,
F..N68R,40.713973,-73.990189,464,
F..N68R,40.714014,-73.990190,465,
F..N68R,40.714055,-73.990190,466,
F..N68R,40.714096,-73.990189,467,
F..N68R,40.714136,-73.990188,468,
F..N68R,40.714176,-73.990186,469,
F..N68R,40.714215,-73.990183,470,
F..N68R,40.714253,-73.990180,471,
F..N68R,40.714291,-73.990176,472,
F..N68R,40.714330,-73.990171,473,
F..N68R,40.714390,-73.990161,474,
F..N68R,40.714448,-73.990152,475,
F..N68R,40.714506,-73.990141,476,
F..N68R,40.714566,-73.990127,477,
F..N68R,40.714625,-73.990112,478,
F..N68R,40.714685,-73.990095,479,
F..N68R,40.714746,-73.990076,480,
F..N68R,40.714807,-73.990055,481,
F..N68R,40.714868,-73.990033,482,
F..N68R,40.714930,-73.990008,483,
F..N68R,40.714992,-73.989981,484,
F..N68R,40.715055,-73.989953,485,
F..N68R,40.715118,-73.989922,486,
F..N68R,40.715182,-73.989890,487,
F..N68R,40.715245,-73.989854,488,
F..N68R,40.718611,-73.988114,489,
F..N68R,40.720922,-73.986929,490,
F..N68R,40.721101,-73.986848,491,
F..N68R,40.721272,-73.986786,492,
F..N68R,40.721436,-73.986746,493,
F..N68R,40.721592,-73.986727,494,
F..N68R,40.721741,-73.986729,495,
F..N68R,40.721881,-73.986752,496,
F..N68R,40.722014,-73.986797,497,
F..N68R,40.722138,-73.986863,498,
F..N68R,40.722255,-73.986950,499,
F..N68R,40.722365,-73.987058,500,
F..N68R,40.722466,-73.987188,501,
F..N68R,40.722559,-73.987339,502,
F..N68R,40.722645,-73.987511,503,
F..N68R,40.722723,-73.987704,504,
F..N68R,40.722792,-73.987919,505,
F..N68R,40.723402,-73.989938,506,
F..N68R,40.724185,-73.992550,507,
F..N68R,40.725297,-73.996204,508,
F..N68R,40.725437,-73.996641,509,
F..N68R,40.725475,-73.996750,510,
F..N68R,40.725513,-73.996858,511,
F..N68R,40.725552,-73.996964,512,
F..N68R,40.725591,-73.997069,513,
F..N68R,40.725631,-73.997172,514,
F..N68R,40.725670,-73.997273,515,
F..N68R,40.725711,-73.997373,516,
F..N68R,40.725751,-73.997471,517,
F..N68R,40.725792,-73.997568,518,
F..N68R,40.725834,-73.997663,519,
F..N68R,40.725876,-73.997756,520,
F..N68R,40.725918,-73.997848,521,
F..N68R,40.725961,-73.997938,522,
F..N68R,40.726004,-73.998027,523,
F..N68R,40.726047,-73.998114,524,
F..N68R,40.727913,-74.001901,525,
F..N68R,40.727970,-74.002019,526,
F..N68R,40.728032,-74.002126,527,
F..N68R,40.728099,-74.002220,528,
F..N68R,40.728170,-74.002301,529,
F..N68R,40.728247,-74.002371,530,
F..N68R,40.728328,-74.002428,531,
F..N68R,40.728414,-74.002473,532,
F..N68R,40.728505,-74.002506,533,
F..N68R,40.728601,-74.002526,534,
F..N68R,40.728702,-74.002535,535,
F..N68R,40.728808,-74.002531,536,
F..N68R,40.728918,-74.002515,537,
F..N68R,40.729034,-74.002486,538,
F..N68R,40.729154,-74.002446,539,
F..N68R,40.729279,-74.002395,540,
F..N68R,40.730820,-74.001552,541,
F..N68R,40.730845,-74.001539,542,
F..N68R,40.730871,-74.001525,543,
F..N68R,40.730897,-74.001511,544,
F..N68R,40.730922,-74.001497,545,
F..N68R,40.730948,-74.001482,546,
F..N68R,40.730975,-74.001467,547,
F..N68R,40.731001,-74.001451,548,
F..N68R,40.731027,-74.001435,549,
F..N68R,40.731054,-74.001419,550,
F..N68R,40.731080,-74.001402,551,
F..N68R,40.731107,-74.001385,552,
F..N68R,40.731134,-74.001367,553,
F..N68R,40.731161,-74.001349,554,
F..N68R,40.731189,-74.001331,555,
F..N68R,40.731216,-74.001312,556,
F..N68R,40.732312,-74.000515,557,
F..N68R,40.732338,-74.000495,558,
F..N68R,40.732362,-74.000477,559,
F..N68R,40.733324,-73.999777,560,
F..N68R,40.738228,-73.996209,561,
F..N68R,40.742878,-73.992821,562,
F..N68R,40.749719,-73.987823,563,
F..N68R,40.754222,-73.984569,564,
F..N68R,40.758663,-73.981329,565,
F..N68R,40.760893,-73.979701,566,
F..N68R,40.763972,-73.977450,567,
F..N68R,40.766457,-73.975637,568,
F..N68R,40.766660,-73.975434,569,
F..N68R,40.766834,-73.975214,570,
F..N68R,40.766982,-73.974983,571,
F..N68R,40.767106,-73.974740,572,
F..N68R,40.767205,-73.974487,573,
F..N68R,40.767280,-73.974222,574,
F..N68R,40.767329,-73.973945,575,
F..N68R,40.767353,-73.973658,576,
F..N68R,40.767352,-73.973359,577,
F..N68R,40.767327,-73.973049,578,
F..N68R,40.767276,-73.972727,579,
F..N68R,40.767201,-73.972394,580,
F..N68R,40.767100,-73.972050,581,
F..N68R,40.766975,-73.971695,582,
F..N68R,40.766827,-73.971330,583,
F..N68R,40.764629,-73.966113,584,
F..N68R,40.763973,-73.964558,585,
F..N68R,40.761088,-73.957707,586,
F..N68R,40.761071,-73.957666,587,
F..N68R,40.761053,-73.957625,588,
F..N68R,40.761036,-73.957585,589,
F..N68R,40.761019,-73.957545,590,
F..N68R,40.761003,-73.957506,591,
F..N68R,40.760986,-73.957468,592,
F..N68R,40.760970,-73.957431,593,
F..N68R,40.760954,-73.957394,594,
F..N68R,40.760938,-73.957357,595,
F..N68R,40.760922,-73.957322,596,
F..N68R,40.760907,-73.957287,597,
F..N68R,40.760892,-73.957253,598,
F..N68R,40.760877,-73.957219,599,
F..N68R,40.760862,-73.957186,600,
F..N68R,40.760847,-73.957154,601,
F..N68R,40.759145,-73.953260,602,
F..N68R,40.756723,-73.947784,603,
F..N68R,40.756703,-73.947738,604,
F..N68R,40.756682,-73.947691,605,
F..N68R,40.756661,-73.947645,606,
F..N68R,40.756640,-73.947600,607,
F..N68R,40.756618,-73.947554,608,
F..N68R,40.756597,-73.947509,609,
F..N68R,40.756575,-73.947464,610,
F..N68R,40.756553,-73.947419,611,
F..N68R,40.756531,-73.947374,612,
F..N68R,40.756508,-73.947329,613,
F..N68R,40.756485,-73.947285,614,
F..N68R,40.756462,-73.947240,615,
F..N68R,40.756439,-73.947196,616,
F..N68R,40.756416,-73.947153,617,
F..N68R,40.756392,-73.947109,618,
F..N68R,40.754203,-73.942836,619,
F..N68R,40.753681,-73.941824,620,
F..N68R,40.753653,-73.941768,621,
F..N68R,40.753624,-73.941712,622,
F..N68R,40.753594,-73.941656,623,
F..N68R,40.753565,-73.941600,624,
F..N68R,40.753535,-73.941544,625,
F..N68R,40.753506,-73.941488,626,
F..N68R,40.753476,-73.941432,627,
F..N68R,40.753446,-73.941376,628,
F..N68R,40.753416,-73.941320,629,
F..N68R,40.753386,-73.941265,630,
F..N68R,40.753355,-73.941209,631,
F..N68R,40.753325,-73.941154,632,
F..N68R,40.753294,-73.941099,633,
F..N68R,40.753264,-73.941043,634,
F..N68R,40.753234,-73.940988,635,
F..N68R,40.750946,-73.936690,636,
F..N68R,40.750871,-73.936548,637,
F..N68R,40.750809,-73.936405,638,
F..N68R,40.750759,-73.936262,639,
F..N68R,40.750722,-73.936119,640,
F..N68R,40.750697,-73.935975,641,
F..N68R,40.750684,-73.935832,642,
F..N68R,40.750684,-73.935688,643,
F..N68R,40.750696,-73.935544,644,
F..N68R,40.750720,-73.935400,645,
F..N68R,40.750757,-73.935255,646,
F..N68R,40.750806,-73.935111,647,
F..N68R,40.750867,-73.934966,648,
F..N68R,40.750941,-73.934821,649,
F..N68R,40.751027,-73.934676,650,
F..N68R,40.751125,-73.934532,651,
F..N68R,40.751258,-73.934331,652,
F..N68R,40.751380,-73.934122,653,
F..N68R,40.751491,-73.933905,654,
F..N68R,40.751591,-73.933682,655,
F..N68R,40.751680,-73.933451,656,
F..N68R,40.751758,-73.933212,657,
F..N68R,40.751824,-73.932966,658,
F..N68R,40.751880,-73.932713,659,
F..N68R,40.751924,-73.932452,660,
F..N68R,40.751957,-73.932184,661,
F..N68R,40.751979,-73.931908,662,
F..N68R,40.751990,-73.931627,663,
F..N68R,40.752039,-73.928781,664,
F..N68R,40.752074,-73.926563,665,
F..N68R,40.752078,-73.926450,666,
F..N68R,40.752083,-73.926339,667,
F..N68R,40.752090,-73.926229,668,
F..N68R,40.752098,-73.926120,669,
F..N68R,40.752108,-73.926011,670,
F..N68R,40.752119,-73.925903,671,
F..N68R,40.752132,-73.925796,672,
F..N68R,40.752146,-73.925690,673,
F..N68R,40.752162,-73.925585,674,
F..N68R,40.752179,-73.925480,675,
F..N68R,40.752197,-73.925376,676,
F..N68R,40.752217,-73.925273,677,
F..N68R,40.752239,-73.925171,678,
F..N68R,40.752262,-73.925070,679,
F..N68R,40.752285,-73.924968,680,
F..N68R,40.753651,-73.918734,681,
F..N68R,40.753697,-73.918511,682,
F..N68R,40.753737,-73.918288,683,
F..N68R,40.753771,-73.918064,684,
F..N68R,40.753799,-73.917840,685,
F..N68R,40.753821,-73.917614,686,
F..N68R,40.753837,-73.917388,687,
F..N68R,40.753847,-73.917160,688,
F..N68R,40.753852,-73.916932,689,
F..N68R,40.753850,-73.916702,690,
F..N68R,40.753843,-73.916472,691,
F..N68R,40.753830,-73.916241,692,
F..N68R,40.753811,-73.916009,693,
F..N68R,40.753786,-73.915776,694,
F..N68R,40.753755,-73.915542,695,
F..N68R,40.753719,-73.915309,696,
F..N68R,40.753079,-73.911537,697,
F..N68R,40.753066,-73.911420,698,
F..N68R,40.753054,-73.911304,699,
F..N68R,40.753054,-73.911304,700,
F..N68R,40.753044,-73.911187,701,
F..N68R,40.753035,-73.911072,702,
F..N68R,40.753027,-73.910957,703,
F..N68R,40.753022,-73.910844,704,
F..N68R,40.753017,-73.910730,705,
F..N68R,40.753015,-73.910618,706,
F..N68R,40.753014,-73.910506,707,
F..N68R,40.753014,-73.910395,708,
F..N68R,40.753017,-73.910285,709,
F..N68R,40.753020,-73.910175,710,
F..N68R,40.753026,-73.910066,711,
F..N68R,40.753033,-73.909958,712,
F..N68R,40.753041,-73.909852,713,
F..N68R,40.753208,-73.908257,714,
F..N68R,40.753220,-73.908092,715,
F..N68R,40.753226,-73.907928,716,
F..N68R,40.753228,-73.907767,717,
F..N68R,40.753225,-73.907609,718,
F..N68R,40.753218,-73.907452,719,
F..N68R,40.753205,-73.907298,720,
F..N68R,40.753188,-73.907145,721,
F..N68R,40.753167,-73.906995,722,
F..N68R,40.753140,-73.906847,723,
F..N68R,40.753109,-73.906702,724,
F..N68R,40.753074,-73.906558,725,
F..N68R,40.753033,-73.906417,726,
F..N68R,40.752988,-73.906278,727,
F..N68R,40.752938,-73.906141,728,
F..N68R,40.752885,-73.906006,729,
F..N68R,40.749669,-73.898453,730,
F..N68R,40.746644,-73.891338,731,
F..N68R,40.744006,-73.885149,732,
F..N68R,40.743987,-73.885104,733,
F..N68R,40.743967,-73.885059,734,
F..N68R,40.743948,-73.885015,735,
F..N68R,40.743928,-73.884971,736,
F..N68R,40.743909,-73.884928,737,
F..N68R,40.743890,-73.884885,738,
F..N68R,40.743871,-73.884843,739,
F..N68R,40.743851,-73.884801,740,
F..N68R,40.743832,-73.884760,741,
F..N68R,40.743813,-73.884719,742,
F..N68R,40.743794,-73.884679,743,
F..N68R,40.743775,-73.884639,744,
F..N68R,40.743756,-73.884600,745,
F..N68R,40.743737,-73.884561,746,
F..N68R,40.743718,-73.884523,747,
F..N68R,40.742933,-73.882917,748,
F..N68R,40.742897,-73.882846,749,
F..N68R,40.742862,-73.882775,750,
F..N68R,40.742827,-73.882706,751,
F..N68R,40.742792,-73.882639,752,
F..N68R,40.742759,-73.882574,753,
F..N68R,40.742726,-73.882510,754,
F..N68R,40.742693,-73.882448,755,
F..N68R,40.742661,-73.882388,756,
F..N68R,40.742630,-73.882330,757,
F..N68R,40.742599,-73.882273,758,
F..N68R,40.742569,-73.882218,759,
F..N68R,40.742539,-73.882165,760,
F..N68R,40.742510,-73.882114,761,
F..N68R,40.742482,-73.882064,762,
F..N68R,40.742454,-73.882017,763,
F..N68R,40.742415,-73.881945,764,
F..N68R,40.742376,-73.881874,765,
F..N68R,40.742337,-73.881803,766,
F..N68R,40.742296,-73.881732,767,
F..N68R,40.742256,-73.881662,768,
F..N68R,40.742215,-73.881592,769,
F..N68R,40.742173,-73.881523,770,
F..N68R,40.742131,-73.881453,771,
F..N68R,40.742088,-73.881384,772,
F..N68R,40.742045,-73.881316,773,
F..N68R,40.742001,-73.881247,774,
F..N68R,40.741957,-73.881179,775,
F..N68R,40.741913,-73.881112,776,
F..N68R,40.741868,-73.881044,777,
F..N68R,40.741822,-73.880977,778,
F..N68R,40.740665,-73.879422,779,
F..N68R,40.740614,-73.879357,780,
F..N68R,40.740561,-73.879295,781,
F..N68R,40.740506,-73.879235,782,
F..N68R,40.740449,-73.879175,783,
F..N68R,40.740389,-73.879117,784,
F..N68R,40.740326,-73.879060,785,
F..N68R,40.740261,-73.879004,786,
F..N68R,40.740194,-73.878950,787,
F..N68R,40.740124,-73.878897,788,
F..N68R,40.740052,-73.878845,789,
F..N68R,40.739977,-73.878794,790,
F..N68R,40.739900,-73.878744,791,
F..N68R,40.739821,-73.878696,792,
F..N68R,40.739739,-73.878649,793,
F..N68R,40.739655,-73.878602,794,
F..N68R,40.737015,-73.877223,795,
F..N68R,40.736710,-73.877055,796,
F..N68R,40.736514,-73.876951,797,
F..N68R,40.736327,-73.876834,798,
F..N68R,40.736148,-73.876705,799,
F..N68R,40.735976,-73.876562,800,
F..N68R,40.735812,-73.876405,801,
F..N68R,40.735655,-73.876236,802,
F..N68R,40.735507,-73.876054,803,
F..N68R,40.735365,-73.875859,804,
F..N68R,40.735232,-73.875650,805,
F..N68R,40.735106,-73.875429,806,
F..N68R,40.734988,-73.875194,807,
F..N68R,40.734877,-73.874947,808,
F..N68R,40.734775,-73.874686,809,
F..N68R,40.734679,-73.874412,810,
F..N68R,40.734593,-73.874126,811,
F..N68R,40.733648,-73.870923,812,
F..N68R,40.733614,-73.870805,813,
F..N68R,40.733579,-73.870688,814,
F..N68R,40.733544,-73.870571,815,
F..N68R,40.733509,-73.870454,816,
F..N68R,40.733473,-73.870339,817,
F..N68R,40.733437,-73.870224,818,
F..N68R,40.733401,-73.870111,819,
F..N68R,40.733365,-73.869998,820,
F..N68R,40.733328,-73.869885,821,
F..N68R,40.733292,-73.869774,822,
F..N68R,40.733255,-73.869663,823,
F..N68R,40.733218,-73.869554,824,
F..N68R,40.733181,-73.869445,825,
F..N68R,40.733144,-73.869336,826,
F..N68R,40.733106,-73.869229,827,
F..N68R,40.733041,-73.869062,828,
F..N68R,40.732975,-73.868898,829,
F..N68R,40.732909,-73.868737,830,
F..N68R,40.732842,-73.868579,831,
F..N68R,40.732774,-73.868425,832,
F..N68R,40.732706,-73.868274,833,
F..N68R,40.732638,-73.868127,834,
F..N68R,40.732568,-73.867984,835,
F..N68R,40.732499,-73.867843,836,
F..N68R,40.732429,-73.867707,837,
F..N68R,40.732358,-73.867573,838,
F..N68R,40.732287,-73.867444,839,
F..N68R,40.732215,-73.867317,840,
F..N68R,40.732143,-73.867194,841,
F..N68R,40.732070,-73.867073,842,
F..N68R,40.731991,-73.866945,843,
F..N68R,40.731914,-73.866812,844,
F..N68R,40.731838,-73.866676,845,
F..N68R,40.731763,-73.866535,846,
F..N68R,40.731688,-73.866390,847,
F..N68R,40.731614,-73.866241,848,
F..N68R,40.731541,-73.866087,849,
F..N68R,40.731469,-73.865930,850,
F..N68R,40.731397,-73.865768,851,
F..N68R,40.731327,-73.865602,852,
F..N68R,40.731257,-73.865431,853,
F..N68R,40.731187,-73.865257,854,
F..N68R,40.731119,-73.865078,855,
F..N68R,40.731051,-73.864895,856,
F..N68R,40.730985,-73.864710,857,
F..N68R,40.729846,-73.861604,858,
F..N68R,40.727216,-73.854378,859,
F..N68R,40.727179,-73.854282,860,
F..N68R,40.727142,-73.854184,861,
F..N68R,40.727103,-73.854085,862,
F..N68R,40.727062,-73.853983,863,
F..N68R,40.727021,-73.853879,864,
F..N68R,40.726977,-73.853773,865,
F..N68R,40.726933,-73.853665,866,
F..N68R,40.726887,-73.853554,867,
F..N68R,40.726839,-73.853442,868,
F..N68R,40.726790,-73.853327,869,
F..N68R,40.726740,-73.853210,870,
F..N68R,40.726688,-73.853091,871,
F..N68R,40.726635,-73.852969,872,
F..N68R,40.726580,-73.852846,873,
F..N68R,40.726523,-73.852719,874,
F..N68R,40.726443,-73.852538,875,
F..N68R,40.726358,-73.852359,876,
F..N68R,40.726271,-73.852185,877,
F..N68R,40.726181,-73.852015,878,
F..N68R,40.726090,-73.851849,879,
F..N68R,40.725995,-73.851688,880,
F..N68R,40.725899,-73.851530,881,
F..N68R,40.725800,-73.851377,882,
F..N68R,40.725699,-73.851228,883,
F..N68R,40.725596,-73.851083,884,
F..N68R,40.725490,-73.850942,885,
F..N68R,40.725382,-73.850805,886,
F..N68R,40.725272,-73.850673,887,
F..N68R,40.725159,-73.850544,888,
F..N68R,40.725045,-73.850418,889,
F..N68R,40.724889,-73.850252,890,
F..N68R,40.724735,-73.850084,891,
F..N68R,40.724584,-73.849912,892,
F..N68R,40.724436,-73.849736,893,
F..N68R,40.724292,-73.849556,894,
F..N68R,40.724151,-73.849372,895,
F..N68R,40.724013,-73.849184,896,
F..N68R,40.723878,-73.848993,897,
F..N68R,40.723747,-73.848797,898,
F..N68R,40.723618,-73.848598,899,
F..N68R,40.723493,-73.848394,900,
F..N68R,40.723371,-73.848187,901,
F..N68R,40.723253,-73.847975,902,
F..N68R,40.723137,-73.847760,903,
F..N68R,40.723026,-73.847541,904,
F..N68R,40.721691,-73.844521,905,
F..N68R,40.720314,-73.841421,906,
F..N68R,40.720274,-73.841329,907,
F..N68R,40.720234,-73.841237,908,
F..N68R,40.720194,-73.841146,909,
F..N68R,40.720153,-73.841055,910,
F..N68R,40.720112,-73.840965,911,
F..N68R,40.720070,-73.840875,912,
F..N68R,40.720028,-73.840786,913,
F..N68R,40.719986,-73.840697,914,
F..N68R,40.719943,-73.840608,915,
F..N68R,40.719900,-73.840520,916,
F..N68R,40.719857,-73.840432,917,
F..N68R,40.719813,-73.840345,918,
F..N68R,40.719769,-73.840258,919,
F..N68R,40.719725,-73.840171,920,
F..N68R,40.719680,-73.840085,921,
F..N68R,40.718331,-73.837324,922,
F..N68R,40.717531,-73.835753,923,
F..N68R,40.717453,-73.835607,924,
F..N68R,40.717374,-73.835462,925,
F..N68R,40.717294,-73.835318,926,
F..N68R,40.717213,-73.835176,927,
F..N68R,40.717130,-73.835035,928,
F..N68R,40.717046,-73.834895,929,
F..N68R,40.716961,-73.834756,930,
F..N68R,40.716875,-73.834618,931,
F..N68R,40.716787,-73.834482,932,
F..N68R,40.716698,-73.834347,933,
F..N68R,40.716608,-73.834213,934,
F..N68R,40.716517,-73.834081,935,
F..N68R,40.716425,-73.833950,936,
F..N68R,40.716331,-73.833820,937,
F..N68R,40.716237,-73.833689,938,
F..N68R,40.716050,-73.833446,939,
F..N68R,40.715936,-73.833291,940,
F..N68R,40.715821,-73.833138,941,
F..N68R,40.715708,-73.832983,942,
F..N68R,40.715596,-73.832827,943,
F..N68R,40.715485,-73.832669,944,
F..N68R,40.715375,-73.832510,945,
F..N68R,40.715267,-73.832349,946,
F..N68R,40.715159,-73.832187,947,
F..N68R,40.715053,-73.832023,948,
F..N68R,40.714948,-73.831858,949,
F..N68R,40.714844,-73.831691,950,
F..N68R,40.714741,-73.831523,951,
F..N68R,40.714639,-73.831353,952,
F..N68R,40.714539,-73.831182,953,
F..N68R,40.714441,-73.831008,954,
F..N68R,40.713129,-73.828344,955,
F..N68R,40.713093,-73.828269,956,
F..N68R,40.713058,-73.828191,957,
F..N68R,40.713023,-73.828113,958,
F..N68R,40.712988,-73.828033,959,
F..N68R,40.712953,-73.827953,960,
F..N68R,40.712918,-73.827871,961,
F..N68R,40.712884,-73.827788,962,
F..N68R,40.712850,-73.827704,963,
F..N68R,40.712816,-73.827619,964,
F..N68R,40.712782,-73.827532,965,
F..N68R,40.712749,-73.827445,966,
F..N68R,40.712716,-73.827356,967,
F..N68R,40.712682,-73.827267,968,
F..N68R,40.712650,-73.827176,969,
F..N68R,40.712617,-73.827083,970,
F..N68R,40.710847,-73.822473,971,
F..N68R,40.710787,-73.822318,972,
F..N68R,40.710724,-73.822167,973,
F..N68R,40.710658,-73.822024,974,
F..N68R,40.710588,-73.821887,975,
F..N68R,40.710516,-73.821757,976,
F..N68R,40.710440,-73.821634,977,
F..N68R,40.710362,-73.821518,978,
F..N68R,40.710280,-73.821408,979,
F..N68R,40.710195,-73.821305,980,
F..N68R,40.710107,-73.821210,981,
F..N68R,40.710015,-73.821121,982,
F..N68R,40.709921,-73.821039,983,
F..N68R,40.709823,-73.820963,984,
F..N68R,40.709723,-73.820895,985,
F..N68R,40.709619,-73.820832,986,
F..N68R,40.709179,-73.820574,987,
F..N68R,40.707304,-73.819479,988,
F..N68R,40.705560,-73.818380,989,
F..N68R,40.705321,-73.818196,990,
F..N68R,40.705107,-73.817996,991,
F..N68R,40.704916,-73.817786,992,
F..N68R,40.704748,-73.817565,993,
F..N68R,40.704603,-73.817333,994,
F..N68R,40.704481,-73.817090,995,
F..N68R,40.704382,-73.816836,996,
F..N68R,40.704306,-73.816571,997,
F..N68R,40.704252,-73.816296,998,
F..N68R,40.704221,-73.816009,999,
F..N68R,40.704214,-73.815712,1000,
F..N68R,40.704229,-73.815403,1001,
F..N68R,40.704267,-73.815084,1002,
F..N68R,40.704327,-73.814754,1003,
F..N68R,40.704413,-73.814414,1004,
F..N68R,40.705460,-73.810708,1005,
F..N68R,40.707564,-73.803326,1006,
F..N68R,40.709755,-73.795611,1007,
F..N68R,40.709770,-73.795556,1008,
F..N68R,40.709786,-73.795499,1009,
F..N68R,40.709802,-73.795443,1010,
F..N68R,40.709819,-73.795386,1011,
F..N68R,40.709836,-73.795329,1012,
F..N68R,40.709854,-73.795272,1013,
F..N68R,40.709872,-73.795215,1014,
F..N68R,40.709890,-73.795157,1015,
F..N68R,40.709909,-73.795099,1016,
F..N68R,40.709929,-73.795042,1017,
F..N68R,40.709949,-73.794983,1018,
F..N68R,40.709970,-73.794925,1019,
F..N68R,40.709991,-73.794867,1020,
F..N68R,40.710012,-73.794808,1021,
F..N68R,40.710034,-73.794749,1022,
F..N68R,40.710470,-73.793604,1023,
F..N68R,40.711493,-73.790828,1024,
F..N68R,40.711555,-73.790661,1025,
F..N68R,40.711613,-73.790491,1026,
F..N68R,40.711666,-73.790317,1027,
F..N68R,40.711716,-73.790140,1028,
F..N68R,40.711762,-73.789961,1029,
F..N68R,40.711803,-73.789778,1030,
F..N68R,40.711841,-73.789591,1031,
F..N68R,40.711874,-73.789402,1032,
F..N68R,40.711904,-73.789209,1033,
F..N68R,40.711929,-73.789014,1034,
F..N68R,40.711950,-73.788815,1035,
F..N68R,40.711967,-73.788612,1036,
F..N68R,40.711980,-73.788407,1037,
F..N68R,40.711989,-73.788199,1038,
F..N68R,40.711994,-73.787990,1039,
F..N68R,40.712102,-73.786515,1040,
F..N68R,40.712110,-73.786429,1041,
F..N68R,40.712119,-73.786343,1042,
F..N68R,40.712130,-73.786257,1043,
F..N68R,40.712141,-73.786172,1044,
F..N68R,40.712152,-73.786087,1045,
F..N68R,40.712164,-73.786003,1046,
F..N68R,40.712177,-73.785919,1047,
F..N68R,40.712191,-73.785835,1048,
F..N68R,40.712205,-73.785753,1049,
F..N68R,40.712220,-73.785670,1050,
F..N68R,40.712236,-73.785588,1051,
F..N68R,40.712252,-73.785507,1052,
F..N68R,40.712269,-73.785426,1053,
F..N68R,40.712287,-73.785346,1054,
F..N68R,40.712305,-73.785267,1055,
F..N68R,40.712646,-73.783817,1056,