FS.N01R,40.661614,-73.962246,0,
FS.N01R,40.661724,-73.962258,1,
FS.N01R,40.661837,-73.962265,2,
FS.N01R,40.661951,-73.962267,3,
FS.N01R,40.662068,-73.962262,4,
FS.N01R,40.662187,-73.962251,5,
FS.N01R,40.662308,-73.962233,6,
FS.N01R,40.662431,-73.962209,7,
FS.N01R,40.662556,-73.962179,8,
FS.N01R,40.662683,-73.962143,9,
FS.N01R,40.662811,-73.962100,10,
FS.N01R,40.662942,-73.962051,11,
FS.N01R,40.663075,-73.961996,12,
FS.N01R,40.663210,-73.961935,13,
FS.N01R,40.663347,-73.961867,14,
FS.N01R,40.663485,-73.961791,15,
FS.N01R,40.664126,-73.961509,16,
FS.N01R,40.665142,-73.961140,17,
FS.N01R,40.670343,-73.959245,18,
FS.N01R,40.674772,-73.957624,19,
FS.N01R,40.679434,-73.955943,20,
FS.N01R,40.679470,-73.955932,21,
FS.N01R,40.679507,-73.955922,22,
FS.N01R,40.679543,-73.955913,23,
FS.N01R,40.679580,-73.955904,24,
FS.N01R,40.679617,-73.955896,25,
FS.N01R,40.679654,-73.955888,26,
FS.N01R,40.679691,-73.955881,27,
FS.N01R,40.679728,-73.955875,28,
FS.N01R,40.679765,-73.955869,29,
FS.N01R,40.679802,-73.955864,30,
FS.N01R,40.679839,-73.955860,31,
FS.N01R,40.679876,-73.955856,32,
FS.N01R,40.679914,-73.955853,33,
FS.N01R,40.679951,-73.955851,34,
FS.N01R,40.679989,-73.955849,35,
FS.N01R,40.680596,-73.955827,36,