G..N13R,40.644041,-73.979678,0,
G..N13R,40.645397,-73.979931,1,
G..N13R,40.645613,-73.979966,2,
G..N13R,40.645822,-73.979985,3,
G..N13R,40.646022,-73.979986,4,
G..N13R,40.646215,-73.979969,5,
G..N13R,40.646400,-73.979936,6,
G..N13R,40.646577,-73.979886,7,
G..N13R,40.646746,-73.979818,8,
G..N13R,40.646907,-73.979733,9,
G..N13R,40.647060,-73.979632,10,
G..N13R,40.647205,-73.979513,11,
G..N13R,40.647342,-73.979376,12,
G..N13R,40.647471,-73.979223,13,
G..N13R,40.647593,-73.979052,14,
G..N13R,40.647706,-73.978865,15,
G..N13R,40.647813,-73.978660,16,
G..N13R,40.648349,-73.977306,17,
G..N13R,40.648437,-73.977113,18,
G..N13R,40.648536,-73.976933,19,
G..N13R,40.648646,-73.976767,20,
G..N13R,40.648766,-73.976613,21,
G..N13R,40.648897,-73.976473,22,
G..N13R,40.649038,-73.976345,23,
G..N13R,40.649190,-73.976231,24,
G..N13R,40.649352,-73.976129,25,
G..N13R,40.649525,-73.976040,26,
G..N13R,40.649708,-73.975964,27,
G..N13R,40.649902,-73.975901,28,
G..N13R,40.650106,-73.975851,29,
G..N13R,40.650320,-73.975814,30,
G..N13R,40.650546,-73.975789,31,
G..N13R,40.650782,-73.975776,32,
G..N13R,40.650865,-73.975780,33,
G..N13R,40.650950,-73.975785,34,
G..N13R,40.651038,-73.975790,35,
G..N13R,40.651128,-73.975797,36,
G..N13R,40.651221,-73.975806,37,
G..N13R,40.651317,-73.975815,38,
G..N13R,40.651415,-73.975825,39,
G..N13R,40.651516,-73.975837,40,
G..N13R,40.651619,-73.975850,41,
G..N13R,40.651724,-73.975863,42,
G..N13R,40.651833,-73.975878,43,
G..N13R,40.651943,-73.975894,44,
G..N13R,40.652057,-73.975911,45,
G..N13R,40.652173,-73.975930,46,
G..N13R,40.652292,-73.975951,47,
G..N13R,40.654895,-73.976441,48,
G..N13R,40.655008,-73.976464,49,
G..N13R,40.655117,-73.976491,50,
G..N13R,40.655222,-73.976525,51,
G..N13R,40.655324,-73.976565,52,
G..N13R,40.655422,-73.976611,53,
G..N13R,40.655517,-73.976664,54,
G..N13R,40.655609,-73.976722,55,
G..N13R,40.655696,-73.976787,56,
G..N13R,40.655781,-73.976858,57,
G..N13R,40.655862,-73.976935,58,
G..N13R,40.655939,-73.977018,59,
G..N13R,40.656013,-73.977108,60,
G..N13R,40.656084,-73.977203,61,
G..N13R,40.656151,-73.977305,62,
G..N13R,40.656215,-73.977414,63,
G..N13R,40.657523,-73.979648,64,
G..N13R,40.657608,-73.979786,65,
G..N13R,40.657695,-73.979912,66,
G..N13R,40.657784,-73.980024,67,
G..N13R,40.657876,-73.980122,68,
G..N13R,40.657970,-73.980208,69,
G..N13R,40.658066,-73.980281,70,
G..N13R,40.658165,-73.980340,71,
G..N13R,40.658266,-73.980386,72,
G..N13R,40.658369,-73.980420,73,
G..N13R,40.658475,-73.980440,74,
G..N13R,40.658583,-73.980446,75,
G..N13R,40.658693,-73.980440,76,
G..N13R,40.658806,-73.980420,77,
G..N13R,40.658921,-73.980388,78,
G..N13R,40.659039,-73.980342,79,
G..N13R,40.659124,-73.980298,80,
G..N13R,40.659210,-73.980252,81,
G..N13R,40.659296,-73.980204,82,
G..N13R,40.659382,-73.980155,83,
G..N13R,40.659469,-73.980104,84,
G..N13R,40.659557,-73.980051,85,
G..N13R,40.659645,-73.979996,86,
G..N13R,40.659733,-73.979940,87,
G..N13R,40.659822,-73.979881,88,
G..N13R,40.659912,-73.979821,89,
G..N13R,40.660002,-73.979760,90,
G..N13R,40.660092,-73.979696,91,
G..N13R,40.660183,-73.979631,92,
G..N13R,40.660274,-73.979564,93,
G..N13R,40.660365,-73.979493,94,
G..N13R,40.663046,-73.977329,95,
G..N13R,40.663205,-73.977197,96,
G..N13R,40.663364,-73.977094,97,
G..N13R,40.663519,-73.977015,98,
G..N13R,40.663671,-73.976959,99,
G..N13R,40.663820,-73.976928,100,
G..N13R,40.663966,-73.976921,101,
G..N13R,40.664108,-73.976938,102,
G..N13R,40.664247,-73.976978,103,
G..N13R,40.664383,-73.977043,104,
G..N13R,40.664515,-73.977132,105,
G..N13R,40.664645,-73.977245,106,
G..N13R,40.664771,-73.977382,107,
G..N13R,40.664893,-73.977544,108,
G..N13R,40.665013,-73.977729,109,
G..N13R,40.665130,-73.977941,110,
G..N13R,40.666271,-73.980305,111,
G..N13R,40.667436,-73.982712,112,
G..N13R,40.667459,-73.982761,113,
G..N13R,40.667482,-73.982809,114,
G..N13R,40.667505,-73.982856,115,
G..N13R,40.667527,-73.982902,116,
G..N13R,40.667549,-73.982948,117,
G..N13R,40.667571,-73.982993,118,
G..N13R,40.667593,-73.983037,119,
G..N13R,40.667615,-73.983081,120,
G..N13R,40.667636,-73.983123,121,
G..N13R,40.667657,-73.983166,122,
G..N13R,40.667678,-73.983207,123,
G..N13R,40.667699,-73.983248,124,
G..N13R,40.667720,-73.983287,125,
G..N13R,40.667740,-73.983327,126,
G..N13R,40.667760,-73.983365,127,
G..N13R,40.668766,-73.985354,128,
G..N13R,40.668808,-73.985451,129,
G..N13R,40.668847,-73.985549,130,
G..N13R,40.668884,-73.985647,131,
G..N13R,40.668919,-73.985745,132,
G..N13R,40.668952,-73.985843,133,
G..N13R,40.668982,-73.985942,134,
G..N13R,40.669011,-73.986041,135,
G..N13R,40.669037,-73.986139,136,
G..N13R,40.669061,-73.986238,137,
G..N13R,40.669083,-73.986338,138,
G..N13R,40.669102,-73.986437,139,
G..N13R,40.669120,-73.986537,140,
G..N13R,40.669135,-73.986636,141,
G..N13R,40.669148,-73.986736,142,
G..N13R,40.669160,-73.986836,143,
G..N13R,40.669177,-73.986944,144,
G..N13R,40.669197,-73.987053,145,
G..N13R,40.669218,-73.987162,146,
G..N13R,40.669242,-73.987271,147,
G..N13R,40.669268,-73.987380,148,
G..N13R,40.669295,-73.987489,149,
G..N13R,40.669325,-73.987598,150,
G..N13R,40.669357,-73.987708,151,
G..N13R,40.669391,-73.987817,152,
G..N13R,40.669427,-73.987926,153,
G..N13R,40.669466,-73.988035,154,
G..N13R,40.669506,-73.988144,155,
G..N13R,40.669548,-73.988253,156,
G..N13R,40.669593,-73.988362,157,
G..N13R,40.669639,-73.988470,158,
G..N13R,40.670272,-73.989779,159,
G..N13R,40.671773,-73.992891,160,
G..N13R,40.671791,-73.992925,161,
G..N13R,40.671808,-73.992958,162,
G..N13R,40.671826,-73.992991,163,
G..N13R,40.671843,-73.993023,164,
G..N13R,40.671860,-73.993056,165,
G..N13R,40.671877,-73.993087,166,
G..N13R,40.671894,-73.993119,167,
G..N13R,40.671910,-73.993149,168,
G..N13R,40.671927,-73.993180,169,
G..N13R,40.671943,-73.993210,170,
G..N13R,40.671959,-73.993240,171,
G..N13R,40.671976,-73.993269,172,
G..N13R,40.671992,-73.993298,173,
G..N13R,40.672007,-73.993326,174,
G..N13R,40.672023,-73.993354,175,
G..N13R,40.673105,-73.995224,176,
G..N13R,40.673136,-73.995278,177,
G..N13R,40.673167,-73.995331,178,
G..N13R,40.673198,-73.995383,179,
G..N13R,40.673229,-73.995434,180,
G..N13R,40.673260,-73.995485,181,
G..N13R,40.673292,-73.995536,182,
G..N13R,40.673323,-73.995585,183,
G..N13R,40.673355,-73.995634,184,
G..N13R,40.673387,-73.995683,185,
G..N13R,40.673418,-73.995730,186,
G..N13R,40.673450,-73.995777,187,
G..N13R,40.673482,-73.995824,188,
G..N13R,40.673514,-73.995870,189,
G..N13R,40.673547,-73.995915,190,
G..N13R,40.673580,-73.995959,191,
G..N13R,40.673631,-73.996031,192,
G..N13R,40.673684,-73.996103,193,
G..N13R,40.673738,-73.996176,194,
G..N13R,40.673793,-73.996248,195,
G..N13R,40.673849,-73.996320,196,
G..N13R,40.673906,-73.996391,197,
G..N13R,40.673964,-73.996462,198,
G..N13R,40.674024,-73.996533,199,
G..N13R,40.674085,-73.996604,200,
G..N13R,40.674147,-73.996675,201,
G..N13R,40.674210,-73.996745,202,
G..N13R,40.674274,-73.996815,203,
G..N13R,40.674340,-73.996884,204,
G..N13R,40.674406,-73.996954,205,
G..N13R,40.674474,-73.997022,206,
G..N13R,40.674547,-73.997086,207,
G..N13R,40.674622,-73.997146,208,
G..N13R,40.674699,-73.997200,209,
G..N13R,40.674778,-73.997250,210,
G..N13R,40.674859,-73.997294,211,
G..N13R,40.674941,-73.997333,212,
G..N13R,40.675025,-73.997367,213,
G..N13R,40.675111,-73.997396,214,
G..N13R,40.675199,-73.997419,215,
G..N13R,40.675288,-73.997438,216,
G..N13R,40.675379,-73.997451,217,
G..N13R,40.675472,-73.997459,218,
G..N13R,40.675567,-73.997462,219,
G..N13R,40.675663,-73.997460,220,
G..N13R,40.675760,-73.997454,221,
G..N13R,40.675805,-73.997447,222,
G..N13R,40.675850,-73.997437,223,
G..N13R,40.675896,-73.997427,224,
G..N13R,40.675941,-73.997415,225,
G..N13R,40.675986,-73.997403,226,
G..N13R,40.676031,-73.997389,227,
G..N13R,40.676076,-73.997375,228,
G..N13R,40.676122,-73.997359,229,
G..N13R,40.676167,-73.997343,230,
G..N13R,40.676212,-73.997325,231,
G..N13R,40.676257,-73.997306,232,
G..N13R,40.676302,-73.997287,233,
G..N13R,40.676348,-73.997266,234,
G..N13R,40.676393,-73.997245,235,
G..N13R,40.676438,-73.997223,236,
G..N13R,40.678436,-73.996262,237,
G..N13R,40.678593,-73.996182,238,
G..N13R,40.678744,-73.996100,239,
G..N13R,40.678890,-73.996019,240,
G..N13R,40.679032,-73.995937,241,
G..N13R,40.679169,-73.995856,242,
G..N13R,40.679303,-73.995775,243,
G..N13R,40.679431,-73.995694,244,
G..N13R,40.679556,-73.995612,245,
G..N13R,40.679676,-73.995532,246,
G..N13R,40.679791,-73.995451,247,
G..N13R,40.679902,-73.995370,248,
G..N13R,40.680009,-73.995289,249,
G..N13R,40.680111,-73.995209,250,
G..N13R,40.680209,-73.995128,251,
G..N13R,40.680303,-73.995048,252,
G..N13R,40.680903,-73.994454,253,
G..N13R,40.680967,-73.994403,254,
G..N13R,40.681033,-73.994353,255,
G..N13R,40.681099,-73.994302,256,
G..N13R,40.681166,-73.994252,257,
G..N13R,40.681234,-73.994202,258,
G..N13R,40.681302,-73.994151,259,
G..N13R,40.681371,-73.994101,260,
G..N13R,40.681441,-73.994051,261,
G..N13R,40.681511,-73.994001,262,
G..N13R,40.681583,-73.993951,263,
G..N13R,40.681655,-73.993901,264,
G..N13R,40.681727,-73.993851,265,
G..N13R,40.681800,-73.993801,266,
G..N13R,40.681874,-73.993751,267,
G..N13R,40.681949,-73.993701,268,
G..N13R,40.686145,-73.990862,269,
G..N13R,40.688929,-73.988937,270,
G..N13R,40.689030,-73.988861,271,
G..N13R,40.689120,-73.988780,272,
G..N13R,40.689201,-73.988696,273,
G..N13R,40.689272,-73.988607,274,
G..N13R,40.689333,-73.988514,275,
G..N13R,40.689384,-73.988418,276,
G..N13R,40.689426,-73.988318,277,
G..N13R,40.689458,-73.988213,278,
G..N13R,40.689480,-73.988105,279,
G..N13R,40.689492,-73.987993,280,
G..N13R,40.689495,-73.987877,281,
G..N13R,40.689488,-73.987757,282,
G..N13R,40.689471,-73.987633,283,
G..N13R,40.689444,-73.987506,284,
G..N13R,40.689409,-73.987376,285,
G..N13R,40.688484,-73.985001,286,
G..N13R,40.688112,-73.984050,287,
G..N13R,40.688084,-73.983976,288,
G..N13R,40.688056,-73.983901,289,
G..N13R,40.688029,-73.983827,290,
G..N13R,40.688002,-73.983752,291,
G..N13R,40.687975,-73.983678,292,
G..N13R,40.687948,-73.983603,293,
G..N13R,40.687922,-73.983528,294,
G..N13R,40.687896,-73.983454,295,
G..N13R,40.687870,-73.983379,296,
G..N13R,40.687845,-73.983304,297,
G..N13R,40.687820,-73.983229,298,
G..N13R,40.687795,-73.983155,299,
G..N13R,40.687771,-73.983080,300,
G..N13R,40.687747,-73.983005,301,
G..N13R,40.687723,-73.982930,302,
G..N13R,40.687700,-73.982859,303,
G..N13R,40.687676,-73.982789,304,
G..N13R,40.687653,-73.982718,305,
G..N13R,40.687629,-73.982648,306,
G..N13R,40.687604,-73.982578,307,
G..N13R,40.687580,-73.982508,308,
G..N13R,40.687555,-73.982438,309,
G..N13R,40.687531,-73.982368,310,
G..N13R,40.687505,-73.982299,311,
G..N13R,40.687480,-73.982229,312,
G..N13R,40.687455,-73.982160,313,
G..N13R,40.687429,-73.982091,314,
G..N13R,40.687403,-73.982022,315,
G..N13R,40.687376,-73.981953,316,
G..N13R,40.687350,-73.981883,317,
G..N13R,40.687144,-73.981306,318,
G..N13R,40.687129,-73.981266,319,
G..N13R,40.687114,-73.981227,320,
G..N13R,40.687100,-73.981188,321,
G..N13R,40.687086,-73.981149,322,
G..N13R,40.687073,-73.981110,323,
G..N13R,40.687060,-73.981072,324,
G..N13R,40.687048,-73.981034,325,
G..N13R,40.687036,-73.980996,326,
G..N13R,40.687025,-73.980958,327,
G..N13R,40.687014,-73.980921,328,
G..N13R,40.687004,-73.980884,329,
G..N13R,40.686995,-73.980847,330,
G..N13R,40.686986,-73.980810,331,
G..N13R,40.686977,-73.980774,332,
G..N13R,40.686969,-73.980738,333,
G..N13R,40.686851,-73.980336,334,
G..N13R,40.686823,-73.980236,335,
G..N13R,40.686800,-73.980134,336,
G..N13R,40.686779,-73.980030,337,
G..N13R,40.686762,-73.979924,338,
G..N13R,40.686747,-73.979816,339,
G..N13R,40.686735,-73.979706,340,
G..N13R,40.686726,-73.979594,341,
G..N13R,40.686720,-73.979480,342,
G..N13R,40.686718,-73.979363,343,
G..N13R,40.686718,-73.979245,344,
G..N13R,40.686721,-73.979124,345,
G..N13R,40.686726,-73.979002,346,
G..N13R,40.686735,-73.978877,347,
G..N13R,40.686747,-73.978751,348,
G..N13R,40.686762,-73.978621,349,
G..N13R,40.686971,-73.976828,350,
G..N13R,40.687119,-73.975375,351,
G..N13R,40.688089,-73.966839,352,
G..N13R,40.688873,-73.960070,353,
G..N13R,40.689627,-73.953522,354,
G..N13R,40.690051,-73.949836,355,
G..N13R,40.690103,-73.949621,356,
G..N13R,40.690164,-73.949423,357,
G..N13R,40.690234,-73.949242,358,
G..N13R,40.690311,-73.949079,359,
G..N13R,40.690397,-73.948934,360,
G..N13R,40.690491,-73.948805,361,
G..N13R,40.690593,-73.948695,362,
G..N13R,40.690703,-73.948602,363,
G..N13R,40.690821,-73.948526,364,
G..N13R,40.690947,-73.948468,365,
G..N13R,40.691081,-73.948427,366,
G..N13R,40.691224,-73.948404,367,
G..N13R,40.691374,-73.948399,368,
G..N13R,40.691533,-73.948411,369,
G..N13R,40.691698,-73.948440,370,
G..N13R,40.692468,-73.948617,371,
G..N13R,40.692511,-73.948627,372,
G..N13R,40.692554,-73.948638,373,
G..N13R,40.692597,-73.948648,374,
G..N13R,40.692640,-73.948658,375,
G..N13R,40.692683,-73.948667,376,
G..N13R,40.692726,-73.948677,377,
G..N13R,40.692769,-73.948686,378,
G..N13R,40.692812,-73.948696,379,
G..N13R,40.692855,-73.948705,380,
G..N13R,40.692898,-73.948714,381,
G..N13R,40.692941,-73.948722,382,
G..N13R,40.692984,-73.948731,383,
G..N13R,40.693027,-73.948740,384,
G..N13R,40.693070,-73.948748,385,
G..N13R,40.693113,-73.948756,386,
G..N13R,40.694568,-73.949046,387,
G..N13R,40.700377,-73.950234,388,
G..N13R,40.700416,-73.950241,389,
G..N13R,40.700455,-73.950247,390,
G..N13R,40.700497,-73.950253,391,
G..N13R,40.700539,-73.950258,392,
G..N13R,40.700583,-73.950263,393,
G..N13R,40.700628,-73.950267,394,
G..N13R,40.700674,-73.950271,395,
G..N13R,40.700722,-73.950275,396,
G..N13R,40.700771,-73.950278,397,
G..N13R,40.700821,-73.950280,398,
G..N13R,40.700873,-73.950283,399,
G..N13R,40.700926,-73.950284,400,
G..N13R,40.700980,-73.950286,401,
G..N13R,40.701035,-73.950287,402,
G..N13R,40.701092,-73.950286,403,
G..N13R,40.704918,-73.950197,404,
G..N13R,40.704979,-73.950195,405,
G..N13R,40.705043,-73.950193,406,
G..N13R,40.705109,-73.950193,407,
G..N13R,40.705177,-73.950194,408,
G..N13R,40.705248,-73.950197,409,
G..N13R,40.705321,-73.950202,410,
G..N13R,40.705397,-73.950207,411,
G..N13R,40.705475,-73.950215,412,
G..N13R,40.705556,-73.950224,413,
G..N13R,40.705639,-73.950234,414,
G..N13R,40.705725,-73.950246,415,
G..N13R,40.705813,-73.950260,416,
G..N13R,40.705903,-73.950275,417,
G..N13R,40.705996,-73.950291,418,
G..N13R,40.706092,-73.950308,419,
G..N13R,40.712792,-73.951418,420,
G..N13R,40.718117,-73.952286,421,
G..N13R,40.718209,-73.952295,422,
G..N13R,40.718300,-73.952301,423,
G..N13R,40.718391,-73.952301,424,
G..N13R,40.718481,-73.952296,425,
G..N13R,40.718570,-73.952285,426,
G..N13R,40.718658,-73.952269,427,
G..N13R,40.718746,-73.952248,428,
G..N13R,40.718834,-73.952221,429,
G..N13R,40.718920,-73.952188,430,
G..N13R,40.719006,-73.952150,431,
G..N13R,40.719091,-73.952107,432,
G..N13R,40.719176,-73.952058,433,
G..N13R,40.719260,-73.952004,434,
G..N13R,40.719343,-73.951944,435,
G..N13R,40.719427,-73.951877,436,
G..N13R,40.720844,-73.950490,437,
G..N13R,40.720948,-73.950385,438,
G..N13R,40.721052,-73.950291,439,
G..N13R,40.721157,-73.950207,440,
G..N13R,40.721262,-73.950134,441,
G..N13R,40.721367,-73.950072,442,
G..N13R,40.721473,-73.950020,443,
G..N13R,40.721580,-73.949979,444,
G..N13R,40.721686,-73.949949,445,
G..N13R,40.721794,-73.949929,446,
G..N13R,40.721902,-73.949920,447,
G..N13R,40.722010,-73.949922,448,
G..N13R,40.722118,-73.949934,449,
G..N13R,40.722227,-73.949957,450,
G..N13R,40.722337,-73.949991,451,
G..N13R,40.722448,-73.950036,452,
G..N13R,40.724635,-73.951277,453,
G..N13R,40.728773,-73.953642,454,
G..N13R,40.728900,-73.953712,455,
G..N13R,40.729031,-73.953779,456,
G..N13R,40.729165,-73.953844,457,
G..N13R,40.729301,-73.953906,458,
G..N13R,40.729439,-73.953964,459,
G..N13R,40.729580,-73.954020,460,
G..N13R,40.729724,-73.954073,461,
G..N13R,40.729870,-73.954122,462,
G..N13R,40.730019,-73.954169,463,
G..N13R,40.730171,-73.954213,464,
G..N13R,40.730325,-73.954254,465,
G..N13R,40.730481,-73.954292,466,
G..N13R,40.730640,-73.954326,467,
G..N13R,40.730802,-73.954358,468,
G..N13R,40.730967,-73.954385,469,
G..N13R,40.731352,-73.954449,470,
G..N13R,40.736961,-73.955369,471,
G..N13R,40.737066,-73.955385,472,
G..N13R,40.737172,-73.955401,473,
G..N13R,40.737279,-73.955415,474,
G..N13R,40.737385,-73.955427,475,
G..N13R,40.737492,-73.955437,476,
G..N13R,40.737598,-73.955445,477,
G..N13R,40.737705,-73.955450,478,
G..N13R,40.737811,-73.955453,479,
G..N13R,40.737918,-73.955454,480,
G..N13R,40.738024,-73.955453,481,
G..N13R,40.738131,-73.955450,482,
G..N13R,40.738237,-73.955445,483,
G..N13R,40.738343,-73.955437,484,
G..N13R,40.738450,-73.955427,485,
G..N13R,40.738556,-73.955415,486,
G..N13R,40.739836,-73.955280,487,
G..N13R,40.740037,-73.955231,488,
G..N13R,40.740232,-73.955171,489,
G..N13R,40.740420,-73.955098,490,
G..N13R,40.740602,-73.955014,491,
G..N13R,40.740778,-73.954918,492,
G..N13R,40.740948,-73.954810,493,
G..N13R,40.741111,-73.954690,494,
G..N13R,40.741268,-73.954559,495,
G..N13R,40.741418,-73.954415,496,
G..N13R,40.741563,-73.954260,497,
G..N13R,40.741701,-73.954093,498,
G..N13R,40.741832,-73.953914,499,
G..N13R,40.741958,-73.953724,500,
G..N13R,40.742077,-73.953521,501,
G..N13R,40.742194,-73.953310,502,
G..N13R,40.744065,-73.949724,503,
G..N13R,40.744129,-73.949600,504,
G..N13R,40.744194,-73.949477,505,
G..N13R,40.744256,-73.949354,506,
G..N13R,40.744318,-73.949232,507,
G..N13R,40.744378,-73.949110,508,
G..N13R,40.744438,-73.948990,509,
G..N13R,40.744496,-73.948870,510,
G..N13R,40.744552,-73.948750,511,
G..N13R,40.744608,-73.948632,512,
G..N13R,40.744662,-73.948514,513,
G..N13R,40.744715,-73.948396,514,
G..N13R,40.744766,-73.948280,515,
G..N13R,40.744817,-73.948164,516,
G..N13R,40.744866,-73.948049,517,
G..N13R,40.744914,-73.947934,518,
G..N13R,40.746554,-73.943832,519,