H..N21R,40.580903,-73.835592,0,
H..N21R,40.581351,-73.833990,1,
H..N21R,40.581356,-73.833970,2,
H..N21R,40.581362,-73.833951,3,
H..N21R,40.581367,-73.833931,4,
H..N21R,40.581372,-73.833911,5,
H..N21R,40.581377,-73.833891,6,
H..N21R,40.581382,-73.833870,7,
H..N21R,40.581387,-73.833850,8,
H..N21R,40.581392,-73.833830,9,
H..N21R,40.581397,-73.833809,10,
H..N21R,40.581402,-73.833789,11,
H..N21R,40.581407,-73.833768,12,
H..N21R,40.581412,-73.833747,13,
H..N21R,40.581417,-73.833726,14,
H..N21R,40.581421,-73.833705,15,
H..N21R,40.581426,-73.833684,16,
H..N21R,40.581463,-73.833511,17,
H..N21R,40.581467,-73.833494,18,
H..N21R,40.581470,-73.833476,19,
H..N21R,40.581474,-73.833458,20,
H..N21R,40.581478,-73.833441,21,
H..N21R,40.581482,-73.833423,22,
H..N21R,40.581487,-73.833406,23,
H..N21R,40.581491,-73.833388,24,
H..N21R,40.581495,-73.833370,25,
H..N21R,40.581500,-73.833352,26,
H..N21R,40.581504,-73.833335,27,
H..N21R,40.581509,-73.833317,28,
H..N21R,40.581514,-73.833299,29,
H..N21R,40.581519,-73.833281,30,
H..N21R,40.581524,-73.833263,31,
H..N21R,40.581529,-73.833245,32,
H..N21R,40.582272,-73.830580,33,
H..N21R,40.582287,-73.830528,34,
H..N21R,40.582302,-73.830477,35,
H..N21R,40.582317,-73.830425,36,
H..N21R,40.582332,-73.830374,37,
H..N21R,40.582347,-73.830323,38,
H..N21R,40.582362,-73.830271,39,
H..N21R,40.582378,-73.830220,40,
H..N21R,40.582394,-73.830170,41,
H..N21R,40.582410,-73.830119,42,
H..N21R,40.582426,-73.830068,43,
H..N21R,40.582442,-73.830018,44,
H..N21R,40.582459,-73.829967,45,
H..N21R,40.582475,-73.829917,46,
H..N21R,40.582492,-73.829867,47,
H..N21R,40.582509,-73.829817,48,
H..N21R,40.582622,-73.829499,49,
H..N21R,40.582642,-73.829444,50,
H..N21R,40.582662,-73.829390,51,
H..N21R,40.582681,-73.829336,52,
H..N21R,40.582699,-73.829283,53,
H..N21R,40.582718,-73.829230,54,
H..N21R,40.582735,-73.829178,55,
H..N21R,40.582753,-73.829126,56,
H..N21R,40.582769,-73.829074,57,
H..N21R,40.582786,-73.829024,58,
H..N21R,40.582802,-73.828973,59,
H..N21R,40.582817,-73.828923,60,
H..N21R,40.582832,-73.828874,61,
H..N21R,40.582846,-73.828825,62,
H..N21R,40.582860,-73.828777,63,
H..N21R,40.582874,-73.828730,64,
H..N21R,40.583209,-73.827559,65,
H..N21R,40.584540,-73.822788,66,
H..N21R,40.584572,-73.822680,67,
H..N21R,40.584604,-73.822574,68,
H..N21R,40.584635,-73.822469,69,
H..N21R,40.584667,-73.822366,70,
H..N21R,40.584699,-73.822265,71,
H..N21R,40.584731,-73.822164,72,
H..N21R,40.584762,-73.822066,73,
H..N21R,40.584794,-73.821969,74,
H..N21R,40.584825,-73.821873,75,
H..N21R,40.584857,-73.821779,76,
H..N21R,40.584888,-73.821686,77,
H..N21R,40.584920,-73.821595,78,
H..N21R,40.584951,-73.821506,79,
H..N21R,40.584983,-73.821418,80,
H..N21R,40.585014,-73.821330,81,
H..N21R,40.585307,-73.820558,82,
H..N21R,40.588034,-73.813641,83,
H..N21R,40.588627,-73.812143,84,
H..N21R,40.588685,-73.812007,85,
H..N21R,40.588745,-73.811874,86,
H..N21R,40.588807,-73.811744,87,
H..N21R,40.588871,-73.811617,88,
H..N21R,40.588938,-73.811492,89,
H..N21R,40.589008,-73.811371,90,
H..N21R,40.589079,-73.811252,91,
H..N21R,40.589153,-73.811135,92,
H..N21R,40.589230,-73.811021,93,
H..N21R,40.589309,-73.810910,94,
H..N21R,40.589390,-73.810802,95,
H..N21R,40.589474,-73.810697,96,
H..N21R,40.589560,-73.810594,97,
H..N21R,40.589649,-73.810493,98,
H..N21R,40.589741,-73.810395,99,
H..N21R,40.589962,-73.810192,100,
H..N21R,40.590184,-73.810006,101,
H..N21R,40.590407,-73.809841,102,
H..N21R,40.590630,-73.809695,103,
H..N21R,40.590854,-73.809570,104,
H..N21R,40.591079,-73.809464,105,
H..N21R,40.591304,-73.809379,106,
H..N21R,40.591530,-73.809314,107,
H..N21R,40.591756,-73.809269,108,
H..N21R,40.591984,-73.809244,109,
H..N21R,40.592211,-73.809239,110,
H..N21R,40.592440,-73.809254,111,
H..N21R,40.592668,-73.809290,112,
H..N21R,40.592898,-73.809345,113,
H..N21R,40.593127,-73.809421,114,
H..N21R,40.607677,-73.815653,115,
H..N21R,40.607698,-73.815661,116,
H..N21R,40.607719,-73.815670,117,
H..N21R,40.607740,-73.815678,118,
H..N21R,40.607760,-73.815687,119,
H..N21R,40.607781,-73.815696,120,
H..N21R,40.607801,-73.815704,121,
H..N21R,40.607822,-73.815713,122,
H..N21R,40.607842,-73.815721,123,
H..N21R,40.607862,-73.815730,124,
H..N21R,40.607883,-73.815738,125,
H..N21R,40.607903,-73.815746,126,
H..N21R,40.607923,-73.815754,127,
H..N21R,40.607942,-73.815762,128,
H..N21R,40.607962,-73.815770,129,
H..N21R,40.607982,-73.815778,130,
H..N21R,40.608060,-73.815808,131,
H..N21R,40.608140,-73.815838,132,
H..N21R,40.608220,-73.815867,133,
H..N21R,40.608300,-73.815896,134,
H..N21R,40.608382,-73.815925,135,