L..N01R,40.646654,-73.901850,0,
L..N01R,40.650573,-73.899485,1,
L..N01R,40.652568,-73.898278,2,
L..N01R,40.652675,-73.898222,3,
L..N01R,40.652781,-73.898172,4,
L..N01R,40.652889,-73.898128,5,
L..N01R,40.652997,-73.898091,6,
L..N01R,40.653106,-73.898059,7,
L..N01R,40.653217,-73.898033,8,
L..N01R,40.653328,-73.898014,9,
L..N01R,40.653440,-73.898000,10,
L..N01R,40.653553,-73.897992,11,
L..N01R,40.653668,-73.897991,12,
L..N01R,40.653783,-73.897995,13,
L..N01R,40.653899,-73.898006,14,
L..N01R,40.654016,-73.898023,15,
L..N01R,40.654134,-73.898045,16,
L..N01R,40.654252,-73.898074,17,
L..N01R,40.658733,-73.899232,18,
L..N01R,40.664038,-73.900571,19,
L..N01R,40.669367,-73.901975,20,
L..N01R,40.670703,-73.902310,21,
L..N01R,40.670726,-73.902314,22,
L..N01R,40.670751,-73.902319,23,
L..N01R,40.670775,-73.902326,24,
L..N01R,40.670800,-73.902333,25,
L..N01R,40.670825,-73.902340,26,
L..N01R,40.670850,-73.902349,27,
L..N01R,40.670875,-73.902358,28,
L..N01R,40.670901,-73.902368,29,
L..N01R,40.670927,-73.902379,30,
L..N01R,40.670952,-73.902390,31,
L..N01R,40.670979,-73.902402,32,
L..N01R,40.671005,-73.902415,33,
L..N01R,40.671031,-73.902429,34,
L..N01R,40.671058,-73.902443,35,
L..N01R,40.671085,-73.902458,36,
L..N01R,40.671106,-73.902470,37,
L..N01R,40.671127,-73.902481,38,
L..N01R,40.671149,-73.902492,39,
L..N01R,40.671171,-73.902503,40,
L..N01R,40.671194,-73.902513,41,
L..N01R,40.671218,-73.902523,42,
L..N01R,40.671242,-73.902533,43,
L..N01R,40.671266,-73.902543,44,
L..N01R,40.671292,-73.902552,45,
L..N01R,40.671317,-73.902561,46,
L..N01R,40.671344,-73.902569,47,
L..N01R,40.671371,-73.902577,48,
L..N01R,40.671398,-73.902585,49,
L..N01R,40.671426,-73.902593,50,
L..N01R,40.671455,-73.902599,51,
L..N01R,40.674099,-73.903274,52,
L..N01R,40.674137,-73.903283,53,
L..N01R,40.674175,-73.903290,54,
L..N01R,40.674212,-73.903297,55,
L..N01R,40.674249,-73.903302,56,
L..N01R,40.674286,-73.903306,57,
L..N01R,40.674323,-73.903309,58,
L..N01R,40.674359,-73.903311,59,
L..N01R,40.674395,-73.903311,60,
L..N01R,40.674431,-73.903311,61,
L..N01R,40.674467,-73.903309,62,
L..N01R,40.674502,-73.903306,63,
L..N01R,40.674537,-73.903302,64,
L..N01R,40.674572,-73.903297,65,
L..N01R,40.674607,-73.903290,66,
L..N01R,40.674641,-73.903283,67,
L..N01R,40.675345,-73.903097,68,
L..N01R,40.676067,-73.902906,69,
L..N01R,40.676085,-73.902901,70,
L..N01R,40.676102,-73.902897,71,
L..N01R,40.676120,-73.902893,72,
L..N01R,40.676138,-73.902889,73,
L..N01R,40.676156,-73.902886,74,
L..N01R,40.676173,-73.902882,75,
L..N01R,40.676191,-73.902879,76,
L..N01R,40.676209,-73.902877,77,
L..N01R,40.676227,-73.902874,78,
L..N01R,40.676245,-73.902872,79,
L..N01R,40.676262,-73.902870,80,
L..N01R,40.676280,-73.902868,81,
L..N01R,40.676298,-73.902867,82,
L..N01R,40.676316,-73.902866,83,
L..N01R,40.676334,-73.902865,84,
L..N01R,40.677009,-73.902810,85,
L..N01R,40.677058,-73.902807,86,
L..N01R,40.677106,-73.902805,87,
L..N01R,40.677154,-73.902803,88,
L..N01R,40.677202,-73.902803,89,
L..N01R,40.677249,-73.902805,90,
L..N01R,40.677296,-73.902807,91,
L..N01R,40.677343,-73.902811,92,
L..N01R,40.677389,-73.902816,93,
L..N01R,40.677435,-73.902822,94,
L..N01R,40.677480,-73.902829,95,
L..N01R,40.677525,-73.902838,96,
L..N01R,40.677570,-73.902848,97,
L..N01R,40.677614,-73.902859,98,
L..N01R,40.677658,-73.902871,99,
L..N01R,40.677701,-73.902886,100,
L..N01R,40.678856,-73.903240,101,
L..N01R,40.680764,-73.903846,102,
L..N01R,40.680842,-73.903881,103,
L..N01R,40.680919,-73.903918,104,
L..N01R,40.680995,-73.903957,105,
L..N01R,40.681070,-73.903998,106,
L..N01R,40.681144,-73.904040,107,
L..N01R,40.681216,-73.904084,108,
L..N01R,40.681288,-73.904130,109,
L..N01R,40.681358,-73.904178,110,
L..N01R,40.681427,-73.904228,111,
L..N01R,40.681495,-73.904279,112,
L..N01R,40.681562,-73.904333,113,
L..N01R,40.681627,-73.904388,114,
L..N01R,40.681692,-73.904445,115,
L..N01R,40.681755,-73.904503,116,
L..N01R,40.681817,-73.904564,117,
L..N01R,40.681858,-73.904605,118,
L..N01R,40.681901,-73.904647,119,
L..N01R,40.681949,-73.904690,120,
L..N01R,40.682000,-73.904733,121,
L..N01R,40.682056,-73.904777,122,
L..N01R,40.682115,-73.904821,123,
L..N01R,40.682179,-73.904866,124,
L..N01R,40.682246,-73.904912,125,
L..N01R,40.682318,-73.904958,126,
L..N01R,40.682393,-73.905005,127,
L..N01R,40.682472,-73.905053,128,
L..N01R,40.682555,-73.905101,129,
L..N01R,40.682643,-73.905150,130,
L..N01R,40.682734,-73.905199,131,
L..N01R,40.682829,-73.905249,132,
L..N01R,40.682948,-73.905316,133,
L..N01R,40.683067,-73.905377,134,
L..N01R,40.683187,-73.905434,135,
L..N01R,40.683307,-73.905486,136,
L..N01R,40.683429,-73.905534,137,
L..N01R,40.683552,-73.905577,138,
L..N01R,40.683676,-73.905616,139,
L..N01R,40.683801,-73.905651,140,
L..N01R,40.683927,-73.905680,141,
L..N01R,40.684054,-73.905706,142,
L..N01R,40.684182,-73.905727,143,
L..N01R,40.684311,-73.905743,144,
L..N01R,40.684441,-73.905755,145,
L..N01R,40.684573,-73.905762,146,
L..N01R,40.684707,-73.905764,147,
L..N01R,40.685684,-73.905647,148,
L..N01R,40.685878,-73.905611,149,
L..N01R,40.686067,-73.905574,150,
L..N01R,40.686248,-73.905533,151,
L..N01R,40.686422,-73.905488,152,
L..N01R,40.686590,-73.905441,153,
L..N01R,40.686750,-73.905391,154,
L..N01R,40.686903,-73.905337,155,
L..N01R,40.687049,-73.905280,156,
L..N01R,40.687188,-73.905220,157,
L..N01R,40.687321,-73.905157,158,
L..N01R,40.687446,-73.905091,159,
L..N01R,40.687564,-73.905021,160,
L..N01R,40.687675,-73.904949,161,
L..N01R,40.687779,-73.904873,162,
L..N01R,40.687875,-73.904794,163,
L..N01R,40.688764,-73.904046,164,
L..N01R,40.689721,-73.903233,165,
L..N01R,40.689768,-73.903193,166,
L..N01R,40.689815,-73.903152,167,
L..N01R,40.689863,-73.903110,168,
L..N01R,40.689911,-73.903067,169,
L..N01R,40.689960,-73.903023,170,
L..N01R,40.690010,-73.902977,171,
L..N01R,40.690060,-73.902931,172,
L..N01R,40.690110,-73.902883,173,
L..N01R,40.690162,-73.902834,174,
L..N01R,40.690214,-73.902784,175,
L..N01R,40.690266,-73.902733,176,
L..N01R,40.690319,-73.902680,177,
L..N01R,40.690373,-73.902627,178,
L..N01R,40.690427,-73.902572,179,
L..N01R,40.690482,-73.902516,180,
L..N01R,40.690576,-73.902420,181,
L..N01R,40.690671,-73.902326,182,
L..N01R,40.690766,-73.902232,183,
L..N01R,40.690860,-73.902140,184,
L..N01R,40.690955,-73.902048,185,
L..N01R,40.691049,-73.901958,186,
L..N01R,40.691144,-73.901868,187,
L..N01R,40.691238,-73.901780,188,
L..N01R,40.691332,-73.901693,189,
L..N01R,40.691427,-73.901606,190,
L..N01R,40.691521,-73.901521,191,
L..N01R,40.691615,-73.901437,192,
L..N01R,40.691708,-73.901354,193,
L..N01R,40.691802,-73.901272,194,
L..N01R,40.691895,-73.901191,195,
L..N01R,40.692066,-73.901083,196,
L..N01R,40.692234,-73.900993,197,
L..N01R,40.692397,-73.900921,198,
L..N01R,40.692557,-73.900868,199,
L..N01R,40.692712,-73.900833,200,
L..N01R,40.692864,-73.900817,201,
L..N01R,40.693012,-73.900819,202,
L..N01R,40.693155,-73.900840,203,
L..N01R,40.693295,-73.900879,204,
L..N01R,40.693431,-73.900937,205,
L..N01R,40.693564,-73.901013,206,
L..N01R,40.693692,-73.901108,207,
L..N01R,40.693816,-73.901221,208,
L..N01R,40.693937,-73.901353,209,
L..N01R,40.694054,-73.901504,210,
L..N01R,40.694559,-73.902304,211,
L..N01R,40.694585,-73.902342,212,
L..N01R,40.694610,-73.902381,213,
L..N01R,40.694637,-73.902421,214,
L..N01R,40.694663,-73.902462,215,
L..N01R,40.694690,-73.902504,216,
L..N01R,40.694717,-73.902547,217,
L..N01R,40.694745,-73.902591,218,
L..N01R,40.694773,-73.902637,219,
L..N01R,40.694801,-73.902683,220,
L..N01R,40.694830,-73.902730,221,
L..N01R,40.694859,-73.902779,222,
L..N01R,40.694889,-73.902828,223,
L..N01R,40.694918,-73.902879,224,
L..N01R,40.694949,-73.902930,225,
L..N01R,40.694979,-73.902984,226,
L..N01R,40.695602,-73.904084,227,
L..N01R,40.699814,-73.911586,228,
L..N01R,40.701432,-73.914513,229,
L..N01R,40.701485,-73.914610,230,
L..N01R,40.701538,-73.914707,231,
L..N01R,40.701592,-73.914803,232,
L..N01R,40.701646,-73.914900,233,
L..N01R,40.701700,-73.914997,234,
L..N01R,40.701756,-73.915093,235,
L..N01R,40.701811,-73.915190,236,
L..N01R,40.701867,-73.915286,237,
L..N01R,40.701924,-73.915383,238,
L..N01R,40.701980,-73.915479,239,
L..N01R,40.702038,-73.915576,240,
L..N01R,40.702096,-73.915672,241,
L..N01R,40.702154,-73.915768,242,
L..N01R,40.702213,-73.915865,243,
L..N01R,40.702272,-73.915962,244,
L..N01R,40.703811,-73.918425,245,
L..N01R,40.706607,-73.922913,246,
L..N01R,40.707150,-73.923782,247,
L..N01R,40.707200,-73.923874,248,
L..N01R,40.707246,-73.923966,249,
L..N01R,40.707287,-73.924059,250,
L..N01R,40.707324,-73.924153,251,
L..N01R,40.707357,-73.924248,252,
L..N01R,40.707385,-73.924343,253,
L..N01R,40.707409,-73.924439,254,
L..N01R,40.707428,-73.924535,255,
L..N01R,40.707443,-73.924633,256,
L..N01R,40.707453,-73.924731,257,
L..N01R,40.707459,-73.924829,258,
L..N01R,40.707460,-73.924929,259,
L..N01R,40.707457,-73.925029,260,
L..N01R,40.707449,-73.925130,261,
L..N01R,40.707436,-73.925230,262,
L..N01R,40.706152,-73.933147,263,
L..N01R,40.706094,-73.933513,264,
L..N01R,40.706084,-73.933579,265,
L..N01R,40.706075,-73.933645,266,
L..N01R,40.706067,-73.933712,267,
L..N01R,40.706059,-73.933780,268,
L..N01R,40.706053,-73.933848,269,
L..N01R,40.706047,-73.933918,270,
L..N01R,40.706042,-73.933988,271,
L..N01R,40.706038,-73.934059,272,
L..N01R,40.706035,-73.934130,273,
L..N01R,40.706033,-73.934203,274,
L..N01R,40.706032,-73.934276,275,
L..N01R,40.706031,-73.934350,276,
L..N01R,40.706032,-73.934424,277,
L..N01R,40.706033,-73.934500,278,
L..N01R,40.706036,-73.934576,279,
L..N01R,40.706038,-73.934646,280,
L..N01R,40.706040,-73.934715,281,
L..N01R,40.706041,-73.934785,282,
L..N01R,40.706042,-73.934856,283,
L..N01R,40.706041,-73.934926,284,
L..N01R,40.706039,-73.934997,285,
L..N01R,40.706037,-73.935068,286,
L..N01R,40.706033,-73.935139,287,
L..N01R,40.706029,-73.935210,288,
L..N01R,40.706023,-73.935281,289,
L..N01R,40.706017,-73.935353,290,
L..N01R,40.706009,-73.935424,291,
L..N01R,40.706001,-73.935496,292,
L..N01R,40.705991,-73.935569,293,
L..N01R,40.705981,-73.935640,294,
L..N01R,40.705534,-73.937953,295,
L..N01R,40.705505,-73.938143,296,
L..N01R,40.705488,-73.938322,297,
L..N01R,40.705485,-73.938491,298,
L..N01R,40.705495,-73.938648,299,
L..N01R,40.705518,-73.938794,300,
L..N01R,40.705554,-73.938929,301,
L..N01R,40.705604,-73.939053,302,
L..N01R,40.705667,-73.939166,303,
L..N01R,40.705743,-73.939268,304,
L..N01R,40.705833,-73.939358,305,
L..N01R,40.705936,-73.939437,306,
L..N01R,40.706052,-73.939505,307,
L..N01R,40.706181,-73.939562,308,
L..N01R,40.706324,-73.939608,309,
L..N01R,40.706480,-73.939643,310,
L..N01R,40.707739,-73.939850,311,
L..N01R,40.711087,-73.940407,312,
L..N01R,40.711140,-73.940415,313,
L..N01R,40.711193,-73.940424,314,
L..N01R,40.711246,-73.940434,315,
L..N01R,40.711300,-73.940446,316,
L..N01R,40.711355,-73.940459,317,
L..N01R,40.711410,-73.940474,318,
L..N01R,40.711465,-73.940490,319,
L..N01R,40.711521,-73.940508,320,
L..N01R,40.711577,-73.940527,321,
L..N01R,40.711634,-73.940547,322,
L..N01R,40.711691,-73.940569,323,
L..N01R,40.711749,-73.940593,324,
L..N01R,40.711807,-73.940617,325,
L..N01R,40.711866,-73.940643,326,
L..N01R,40.711926,-73.940670,327,
L..N01R,40.714383,-73.941905,328,
L..N01R,40.714429,-73.941928,329,
L..N01R,40.714472,-73.941954,330,
L..N01R,40.714511,-73.941983,331,
L..N01R,40.714547,-73.942015,332,
L..N01R,40.714579,-73.942050,333,
L..N01R,40.714607,-73.942089,334,
L..N01R,40.714632,-73.942131,335,
L..N01R,40.714653,-73.942176,336,
L..N01R,40.714671,-73.942224,337,
L..N01R,40.714685,-73.942276,338,
L..N01R,40.714695,-73.942331,339,
L..N01R,40.714702,-73.942389,340,
L..N01R,40.714705,-73.942450,341,
L..N01R,40.714704,-73.942515,342,
L..N01R,40.714700,-73.942584,343,
L..N01R,40.714565,-73.944053,344,
L..N01R,40.714136,-73.948550,345,
L..N01R,40.714124,-73.948667,346,
L..N01R,40.714113,-73.948784,347,
L..N01R,40.714103,-73.948900,348,
L..N01R,40.714094,-73.949017,349,
L..N01R,40.714086,-73.949133,350,
L..N01R,40.714079,-73.949248,351,
L..N01R,40.714073,-73.949363,352,
L..N01R,40.714068,-73.949478,353,
L..N01R,40.714064,-73.949593,354,
L..N01R,40.714061,-73.949708,355,
L..N01R,40.714059,-73.949822,356,
L..N01R,40.714058,-73.949935,357,
L..N01R,40.714058,-73.950049,358,
L..N01R,40.714060,-73.950162,359,
L..N01R,40.714063,-73.950275,360,
L..N01R,40.714065,-73.951068,361,
L..N01R,40.714065,-73.951146,362,
L..N01R,40.714068,-73.951222,363,
L..N01R,40.714074,-73.951298,364,
L..N01R,40.714083,-73.951373,365,
L..N01R,40.714094,-73.951447,366,
L..N01R,40.714108,-73.951520,367,
L..N01R,40.714125,-73.951592,368,
L..N01R,40.714145,-73.951664,369,
L..N01R,40.714168,-73.951734,370,
L..N01R,40.714193,-73.951803,371,
L..N01R,40.714221,-73.951872,372,
L..N01R,40.714252,-73.951940,373,
L..N01R,40.714286,-73.952006,374,
L..N01R,40.714323,-73.952072,375,
L..N01R,40.714362,-73.952137,376,
L..N01R,40.717304,-73.956872,377,
L..N01R,40.726957,-73.972376,378,
L..N01R,40.726990,-73.972429,379,
L..N01R,40.727022,-73.972484,380,
L..N01R,40.727055,-73.972540,381,
L..N01R,40.727089,-73.972599,382,
L..N01R,40.727122,-73.972660,383,
L..N01R,40.727156,-73.972723,384,
L..N01R,40.727190,-73.972788,385,
L..N01R,40.727224,-73.972855,386,
L..N01R,40.727259,-73.972924,387,
L..N01R,40.727293,-73.972994,388,
L..N01R,40.727328,-73.973067,389,
L..N01R,40.727364,-73.973142,390,
L..N01R,40.727399,-73.973219,391,
L..N01R,40.727435,-73.973298,392,
L..N01R,40.727471,-73.973379,393,
L..N01R,40.730953,-73.981628,394,
L..N01R,40.732849,-73.986122,395,
L..N01R,40.734789,-73.990730,396,
L..N01R,40.737335,-73.996786,397,
L..N01R,40.739777,-74.002578,398,