M..N20R,40.711396,-73.889601,0,
M..N20R,40.711330,-73.889632,1,
M..N20R,40.711264,-73.889662,2,
M..N20R,40.711201,-73.889690,3,
M..N20R,40.711139,-73.889717,4,
M..N20R,40.711079,-73.889743,5,
M..N20R,40.711022,-73.889767,6,
M..N20R,40.710966,-73.889789,7,
M..N20R,40.710912,-73.889810,8,
M..N20R,40.710861,-73.889830,9,
M..N20R,40.710811,-73.889848,10,
M..N20R,40.710763,-73.889864,11,
M..N20R,40.710717,-73.889879,12,
M..N20R,40.710673,-73.889892,13,
M..N20R,40.710631,-73.889904,14,
M..N20R,40.710591,-73.889915,15,
M..N20R,40.710579,-73.889918,16,
M..N20R,40.710567,-73.889920,17,
M..N20R,40.710555,-73.889923,18,
M..N20R,40.710544,-73.889926,19,
M..N20R,40.710532,-73.889928,20,
M..N20R,40.710520,-73.889930,21,
M..N20R,40.710508,-73.889933,22,
M..N20R,40.710496,-73.889935,23,
M..N20R,40.710484,-73.889937,24,
M..N20R,40.710472,-73.889940,25,
M..N20R,40.710460,-73.889942,26,
M..N20R,40.710449,-73.889944,27,
M..N20R,40.710437,-73.889946,28,
M..N20R,40.710425,-73.889948,29,
M..N20R,40.710413,-73.889950,30,
M..N20R,40.710401,-73.889952,31,
M..N20R,40.710389,-73.889954,32,
M..N20R,40.710376,-73.889956,33,
M..N20R,40.710364,-73.889959,34,
M..N20R,40.710352,-73.889961,35,
M..N20R,40.710340,-73.889964,36,
M..N20R,40.710328,-73.889967,37,
M..N20R,40.710316,-73.889969,38,
M..N20R,40.710304,-73.889972,39,
M..N20R,40.710292,-73.889975,40,
M..N20R,40.710280,-73.889978,41,
M..N20R,40.710268,-73.889982,42,
M..N20R,40.710257,-73.889985,43,
M..N20R,40.710245,-73.889988,44,
M..N20R,40.710233,-73.889992,45,
M..N20R,40.709900,-73.890083,46,
M..N20R,40.709866,-73.890093,47,
M..N20R,40.709831,-73.890103,48,
M..N20R,40.709797,-73.890115,49,
M..N20R,40.709763,-73.890127,50,
M..N20R,40.709729,-73.890141,51,
M..N20R,40.709695,-73.890156,52,
M..N20R,40.709661,-73.890172,53,
M..N20R,40.709627,-73.890190,54,
M..N20R,40.709594,-73.890208,55,
M..N20R,40.709560,-73.890228,56,
M..N20R,40.709527,-73.890249,57,
M..N20R,40.709493,-73.890271,58,
M..N20R,40.709460,-73.890295,59,
M..N20R,40.709427,-73.890319,60,
M..N20R,40.709394,-73.890345,61,
M..N20R,40.707479,-73.892109,62,
M..N20R,40.707419,-73.892172,63,
M..N20R,40.707361,-73.892237,64,
M..N20R,40.707306,-73.892304,65,
M..N20R,40.707254,-73.892373,66,
M..N20R,40.707203,-73.892444,67,
M..N20R,40.707155,-73.892517,68,
M..N20R,40.707110,-73.892592,69,
M..N20R,40.707067,-73.892670,70,
M..N20R,40.707026,-73.892750,71,
M..N20R,40.706988,-73.892831,72,
M..N20R,40.706952,-73.892915,73,
M..N20R,40.706919,-73.893001,74,
M..N20R,40.706888,-73.893089,75,
M..N20R,40.706859,-73.893180,76,
M..N20R,40.706833,-73.893272,77,
M..N20R,40.706186,-73.895877,78,
M..N20R,40.704423,-73.903077,79,
M..N20R,40.703548,-73.906656,80,
M..N20R,40.703536,-73.906702,81,
M..N20R,40.703523,-73.906748,82,
M..N20R,40.703510,-73.906792,83,
M..N20R,40.703495,-73.906834,84,
M..N20R,40.703478,-73.906876,85,
M..N20R,40.703461,-73.906916,86,
M..N20R,40.703443,-73.906956,87,
M..N20R,40.703423,-73.906994,88,
M..N20R,40.703402,-73.907031,89,
M..N20R,40.703381,-73.907067,90,
M..N20R,40.703358,-73.907101,91,
M..N20R,40.703334,-73.907135,92,
M..N20R,40.703309,-73.907167,93,
M..N20R,40.703282,-73.907198,94,
M..N20R,40.703255,-73.907228,95,
M..N20R,40.702762,-73.907740,96,
M..N20R,40.699825,-73.910743,97,
M..N20R,40.699792,-73.910780,98,
M..N20R,40.699761,-73.910819,99,
M..N20R,40.699732,-73.910858,100,
M..N20R,40.699705,-73.910898,101,
M..N20R,40.699680,-73.910940,102,
M..N20R,40.699656,-73.910983,103,
M..N20R,40.699634,-73.911027,104,
M..N20R,40.699614,-73.911072,105,
M..N20R,40.699596,-73.911118,106,
M..N20R,40.699580,-73.911165,107,
M..N20R,40.699565,-73.911213,108,
M..N20R,40.699553,-73.911262,109,
M..N20R,40.699542,-73.911313,110,
M..N20R,40.699533,-73.911364,111,
M..N20R,40.699526,-73.911417,112,
M..N20R,40.699430,-73.912385,113,
M..N20R,40.698664,-73.919711,114,
M..N20R,40.697857,-73.927397,115,
M..N20R,40.697229,-73.933022,116,
M..N20R,40.697223,-73.933060,117,
M..N20R,40.697217,-73.933096,118,
M..N20R,40.697209,-73.933131,119,
M..N20R,40.697201,-73.933166,120,
M..N20R,40.697191,-73.933199,121,
M..N20R,40.697181,-73.933231,122,
M..N20R,40.697169,-73.933262,123,
M..N20R,40.697157,-73.933292,124,
M..N20R,40.697143,-73.933321,125,
M..N20R,40.697129,-73.933348,126,
M..N20R,40.697113,-73.933375,127,
M..N20R,40.697097,-73.933401,128,
M..N20R,40.697080,-73.933425,129,
M..N20R,40.697061,-73.933449,130,
M..N20R,40.697042,-73.933471,131,
M..N20R,40.696684,-73.933808,132,
M..N20R,40.696649,-73.933853,133,
M..N20R,40.696619,-73.933900,134,
M..N20R,40.696593,-73.933949,135,
M..N20R,40.696572,-73.933999,136,
M..N20R,40.696556,-73.934052,137,
M..N20R,40.696544,-73.934106,138,
M..N20R,40.696538,-73.934162,139,
M..N20R,40.696536,-73.934220,140,
M..N20R,40.696538,-73.934280,141,
M..N20R,40.696546,-73.934342,142,
M..N20R,40.696558,-73.934405,143,
M..N20R,40.696575,-73.934471,144,
M..N20R,40.696597,-73.934538,145,
M..N20R,40.696623,-73.934607,146,
M..N20R,40.696654,-73.934679,147,
M..N20R,40.697207,-73.935657,148,
M..N20R,40.700260,-73.941126,149,
M..N20R,40.700727,-73.941937,150,
M..N20R,40.700751,-73.941977,151,
M..N20R,40.700775,-73.942018,152,
M..N20R,40.700799,-73.942058,153,
M..N20R,40.700824,-73.942099,154,
M..N20R,40.700848,-73.942139,155,
M..N20R,40.700873,-73.942179,156,
M..N20R,40.700898,-73.942219,157,
M..N20R,40.700922,-73.942259,158,
M..N20R,40.700948,-73.942299,159,
M..N20R,40.700973,-73.942339,160,
M..N20R,40.700998,-73.942379,161,
M..N20R,40.701024,-73.942418,162,
M..N20R,40.701049,-73.942458,163,
M..N20R,40.701075,-73.942497,164,
M..N20R,40.701101,-73.942537,165,
M..N20R,40.701127,-73.942575,166,
M..N20R,40.701153,-73.942614,167,
M..N20R,40.701178,-73.942652,168,
M..N20R,40.701203,-73.942691,169,
M..N20R,40.701229,-73.942730,170,
M..N20R,40.701254,-73.942770,171,
M..N20R,40.701279,-73.942809,172,
M..N20R,40.701303,-73.942849,173,
M..N20R,40.701328,-73.942889,174,
M..N20R,40.701352,-73.942929,175,
M..N20R,40.701377,-73.942969,176,
M..N20R,40.701401,-73.943010,177,
M..N20R,40.701425,-73.943051,178,
M..N20R,40.701448,-73.943092,179,
M..N20R,40.701472,-73.943133,180,
M..N20R,40.703869,-73.947408,181,
M..N20R,40.706102,-73.951411,182,
M..N20R,40.706126,-73.951455,183,
M..N20R,40.706149,-73.951499,184,
M..N20R,40.706172,-73.951543,185,
M..N20R,40.706194,-73.951587,186,
M..N20R,40.706216,-73.951632,187,
M..N20R,40.706237,-73.951676,188,
M..N20R,40.706258,-73.951721,189,
M..N20R,40.706278,-73.951765,190,
M..N20R,40.706298,-73.951810,191,
M..N20R,40.706317,-73.951855,192,
M..N20R,40.706336,-73.951900,193,
M..N20R,40.706354,-73.951945,194,
M..N20R,40.706372,-73.951990,195,
M..N20R,40.706389,-73.952036,196,
M..N20R,40.706406,-73.952081,197,
M..N20R,40.706870,-73.953431,198,
M..N20R,40.708359,-73.957757,199,
M..N20R,40.708850,-73.959184,200,
M..N20R,40.708861,-73.959210,201,
M..N20R,40.708871,-73.959236,202,
M..N20R,40.708882,-73.959260,203,
M..N20R,40.708894,-73.959285,204,
M..N20R,40.708905,-73.959308,205,
M..N20R,40.708917,-73.959331,206,
M..N20R,40.708929,-73.959353,207,
M..N20R,40.708941,-73.959375,208,
M..N20R,40.708954,-73.959396,209,
M..N20R,40.708966,-73.959416,210,
M..N20R,40.708979,-73.959435,211,
M..N20R,40.708992,-73.959454,212,
M..N20R,40.709006,-73.959472,213,
M..N20R,40.709019,-73.959490,214,
M..N20R,40.709033,-73.959507,215,
M..N20R,40.710006,-73.960708,216,
M..N20R,40.710027,-73.960736,217,
M..N20R,40.710047,-73.960764,218,
M..N20R,40.710066,-73.960793,219,
M..N20R,40.710085,-73.960823,220,
M..N20R,40.710103,-73.960853,221,
M..N20R,40.710121,-73.960884,222,
M..N20R,40.710138,-73.960915,223,
M..N20R,40.710154,-73.960947,224,
M..N20R,40.710170,-73.960979,225,
M..N20R,40.710185,-73.961012,226,
M..N20R,40.710199,-73.961046,227,
M..N20R,40.710213,-73.961080,228,
M..N20R,40.710226,-73.961115,229,
M..N20R,40.710239,-73.961150,230,
M..N20R,40.710251,-73.961186,231,
M..N20R,40.715626,-73.978898,232,
M..N20R,40.717289,-73.984387,233,
M..N20R,40.717304,-73.984437,234,
M..N20R,40.717319,-73.984487,235,
M..N20R,40.717335,-73.984537,236,
M..N20R,40.717352,-73.984587,237,
M..N20R,40.717368,-73.984638,238,
M..N20R,40.717385,-73.984689,239,
M..N20R,40.717403,-73.984739,240,
M..N20R,40.717421,-73.984791,241,
M..N20R,40.717439,-73.984842,242,
M..N20R,40.717458,-73.984893,243,
M..N20R,40.717478,-73.984945,244,
M..N20R,40.717497,-73.984997,245,
M..N20R,40.717517,-73.985049,246,
M..N20R,40.717538,-73.985101,247,
M..N20R,40.717559,-73.985153,248,
M..N20R,40.717615,-73.985293,249,
M..N20R,40.717631,-73.985332,250,
M..N20R,40.717647,-73.985373,251,
M..N20R,40.717663,-73.985414,252,
M..N20R,40.717679,-73.985456,253,
M..N20R,40.717695,-73.985499,254,
M..N20R,40.717711,-73.985543,255,
M..N20R,40.717728,-73.985588,256,
M..N20R,40.717744,-73.985634,257,
M..N20R,40.717761,-73.985681,258,
M..N20R,40.717777,-73.985729,259,
M..N20R,40.717794,-73.985778,260,
M..N20R,40.717811,-73.985827,261,
M..N20R,40.717827,-73.985878,262,
M..N20R,40.717844,-73.985929,263,
M..N20R,40.717861,-73.985982,264,
M..N20R,40.718315,-73.987437,265,
M..N20R,40.719363,-73.990892,266,
M..N20R,40.719426,-73.991062,267,
M..N20R,40.719498,-73.991220,268,
M..N20R,40.719577,-73.991365,269,
M..N20R,40.719664,-73.991495,270,
M..N20R,40.719759,-73.991612,271,
M..N20R,40.719862,-73.991715,272,
M..N20R,40.719973,-73.991804,273,
M..N20R,40.720091,-73.991879,274,
M..N20R,40.720217,-73.991940,275,
M..N20R,40.720351,-73.991987,276,
M..N20R,40.720493,-73.992021,277,
M..N20R,40.720643,-73.992040,278,
M..N20R,40.720800,-73.992046,279,
M..N20R,40.720965,-73.992038,280,
M..N20R,40.721138,-73.992015,281,
M..N20R,40.722080,-73.991861,282,
M..N20R,40.722918,-73.991709,283,
M..N20R,40.723036,-73.991693,284,
M..N20R,40.723147,-73.991687,285,
M..N20R,40.723253,-73.991691,286,
M..N20R,40.723355,-73.991706,287,
M..N20R,40.723453,-73.991731,288,
M..N20R,40.723546,-73.991767,289,
M..N20R,40.723635,-73.991812,290,
M..N20R,40.723720,-73.991868,291,
M..N20R,40.723800,-73.991935,292,
M..N20R,40.723875,-73.992011,293,
M..N20R,40.723946,-73.992098,294,
M..N20R,40.724013,-73.992196,295,
M..N20R,40.724075,-73.992304,296,
M..N20R,40.724133,-73.992422,297,
M..N20R,40.724185,-73.992550,298,
M..N20R,40.725297,-73.996204,299,
M..N20R,40.725437,-73.996641,300,
M..N20R,40.725475,-73.996750,301,
M..N20R,40.725513,-73.996858,302,
M..N20R,40.725552,-73.996964,303,
M..N20R,40.725591,-73.997069,304,
M..N20R,40.725631,-73.997172,305,
M..N20R,40.725670,-73.997273,306,
M..N20R,40.725711,-73.997373,307,
M..N20R,40.725751,-73.997471,308,
M..N20R,40.725792,-73.997568,309,
M..N20R,40.725834,-73.997663,310,
M..N20R,40.725876,-73.997756,311,
M..N20R,40.725918,-73.997848,312,
M..N20R,40.725961,-73.997938,313,
M..N20R,40.726004,-73.998027,314,
M..N20R,40.726047,-73.998114,315,
M..N20R,40.727913,-74.001901,316,
M..N20R,40.727970,-74.002019,317,
M..N20R,40.728032,-74.002126,318,
M..N20R,40.728099,-74.002220,319,
M..N20R,40.728170,-74.002301,320,
M..N20R,40.728247,-74.002371,321,
M..N20R,40.728328,-74.002428,322,
M..N20R,40.728414,-74.002473,323,
M..N20R,40.728505,-74.002506,324,
M..N20R,40.728601,-74.002526,325,
M..N20R,40.728702,-74.002535,326,
M..N20R,40.728808,-74.002531,327,
M..N20R,40.728918,-74.002515,328,
M..N20R,40.729034,-74.002486,329,
M..N20R,40.729154,-74.002446,330,
M..N20R,40.729279,-74.002395,331,
M..N20R,40.730820,-74.001552,332,
M..N20R,40.730845,-74.001539,333,
M..N20R,40.730871,-74.001525,334,
M..N20R,40.730897,-74.001511,335,
M..N20R,40.730922,-74.001497,336,
M..N20R,40.730948,-74.001482,337,
M..N20R,40.730975,-74.001467,338,
M..N20R,40.731001,-74.001451,339,
M..N20R,40.731027,-74.001435,340,
M..N20R,40.731054,-74.001419,341,
M..N20R,40.731080,-74.001402,342,
M..N20R,40.731107,-74.001385,343,
M..N20R,40.731134,-74.001367,344,
M..N20R,40.731161,-74.001349,345,
M..N20R,40.731189,-74.001331,346,
M..N20R,40.731216,-74.001312,347,
M..N20R,40.732312,-74.000515,348,
M..N20R,40.732338,-74.000495,349,
M..N20R,40.732362,-74.000477,350,
M..N20R,40.733324,-73.999777,351,
M..N20R,40.738228,-73.996209,352,
M..N20R,40.742878,-73.992821,353,
M..N20R,40.749719,-73.987823,354,
M..N20R,40.754222,-73.984569,355,
M..N20R,40.758663,-73.981329,356,
M..N20R,40.760893,-73.979701,357,
M..N20R,40.760985,-73.979622,358,
M..N20R,40.761066,-73.979537,359,
M..N20R,40.761138,-73.979448,360,
M..N20R,40.761201,-73.979354,361,
M..N20R,40.761254,-73.979255,362,
M..N20R,40.761297,-73.979152,363,
M..N20R,40.761331,-73.979044,364,
M..N20R,40.761356,-73.978931,365,
M..N20R,40.761371,-73.978814,366,
M..N20R,40.761377,-73.978692,367,
M..N20R,40.761373,-73.978566,368,
M..N20R,40.761360,-73.978435,369,
M..N20R,40.761338,-73.978299,370,
M..N20R,40.761306,-73.978159,371,
M..N20R,40.761264,-73.978014,372,
M..N20R,40.760789,-73.976697,373,
M..N20R,40.760167,-73.975224,374,
M..N20R,40.757552,-73.969055,375,
M..N20R,40.754872,-73.962705,376,
M..N20R,40.754839,-73.962630,377,
M..N20R,40.754803,-73.962555,378,
M..N20R,40.754767,-73.962481,379,
M..N20R,40.754730,-73.962407,380,
M..N20R,40.754693,-73.962335,381,
M..N20R,40.754655,-73.962264,382,
M..N20R,40.754617,-73.962194,383,
M..N20R,40.754577,-73.962124,384,
M..N20R,40.754538,-73.962056,385,
M..N20R,40.754497,-73.961989,386,
M..N20R,40.754456,-73.961923,387,
M..N20R,40.754414,-73.961857,388,
M..N20R,40.754372,-73.961793,389,
M..N20R,40.754329,-73.961729,390,
M..N20R,40.754285,-73.961669,391,
M..N20R,40.751182,-73.957251,392,
M..N20R,40.750975,-73.956916,393,
M..N20R,40.750778,-73.956583,394,
M..N20R,40.750591,-73.956251,395,
M..N20R,40.750413,-73.955920,396,
M..N20R,40.750244,-73.955590,397,
M..N20R,40.750085,-73.955261,398,
M..N20R,40.749935,-73.954933,399,
M..N20R,40.749795,-73.954605,400,
M..N20R,40.749664,-73.954279,401,
M..N20R,40.749543,-73.953954,402,
M..N20R,40.749430,-73.953629,403,
M..N20R,40.749328,-73.953305,404,
M..N20R,40.749234,-73.952983,405,
M..N20R,40.749151,-73.952661,406,
M..N20R,40.749075,-73.952344,407,
M..N20R,40.747846,-73.946000,408,
M..N20R,40.747357,-73.943479,409,
M..N20R,40.747329,-73.943338,410,
M..N20R,40.747306,-73.943199,411,
M..N20R,40.747287,-73.943063,412,
M..N20R,40.747273,-73.942927,413,
M..N20R,40.747264,-73.942794,414,
M..N20R,40.747259,-73.942663,415,
M..N20R,40.747258,-73.942533,416,
M..N20R,40.747263,-73.942405,417,
M..N20R,40.747272,-73.942279,418,
M..N20R,40.747285,-73.942155,419,
M..N20R,40.747303,-73.942033,420,
M..N20R,40.747326,-73.941913,421,
M..N20R,40.747353,-73.941794,422,
M..N20R,40.747385,-73.941678,423,
M..N20R,40.747421,-73.941563,424,
M..N20R,40.748061,-73.939780,425,
M..N20R,40.748973,-73.937243,426,
M..N20R,40.748999,-73.937170,427,
M..N20R,40.749025,-73.937099,428,
M..N20R,40.749054,-73.937030,429,
M..N20R,40.749083,-73.936963,430,
M..N20R,40.749114,-73.936897,431,
M..N20R,40.749146,-73.936834,432,
M..N20R,40.749180,-73.936772,433,
M..N20R,40.749215,-73.936712,434,
M..N20R,40.749251,-73.936655,435,
M..N20R,40.749288,-73.936599,436,
M..N20R,40.749327,-73.936544,437,
M..N20R,40.749367,-73.936492,438,
M..N20R,40.749408,-73.936442,439,
M..N20R,40.749451,-73.936394,440,
M..N20R,40.749495,-73.936347,441,
M..N20R,40.750660,-73.935094,442,
M..N20R,40.750826,-73.934913,443,
M..N20R,40.750981,-73.934726,444,
M..N20R,40.751125,-73.934532,445,
M..N20R,40.751258,-73.934331,446,
M..N20R,40.751380,-73.934122,447,
M..N20R,40.751491,-73.933905,448,
M..N20R,40.751591,-73.933682,449,
M..N20R,40.751680,-73.933451,450,
M..N20R,40.751758,-73.933212,451,
M..N20R,40.751824,-73.932966,452,
M..N20R,40.751880,-73.932713,453,
M..N20R,40.751924,-73.932452,454,
M..N20R,40.751957,-73.932184,455,
M..N20R,40.751979,-73.931908,456,
M..N20R,40.751990,-73.931627,457,
M..N20R,40.752039,-73.928781,458,
M..N20R,40.752074,-73.926563,459,
M..N20R,40.752078,-73.926450,460,
M..N20R,40.752083,-73.926339,461,
M..N20R,40.752090,-73.926229,462,
M..N20R,40.752098,-73.926120,463,
M..N20R,40.752108,-73.926011,464,
M..N20R,40.752119,-73.925903,465,
M..N20R,40.752132,-73.925796,466,
M..N20R,40.752146,-73.925690,467,
M..N20R,40.752162,-73.925585,468,
M..N20R,40.752179,-73.925480,469,
M..N20R,40.752197,-73.925376,470,
M..N20R,40.752217,-73.925273,471,
M..N20R,40.752239,-73.925171,472,
M..N20R,40.752262,-73.925070,473,
M..N20R,40.752285,-73.924968,474,
M..N20R,40.752311,-73.924861,475,
M..N20R,40.752340,-73.924757,476,
M..N20R,40.752373,-73.924657,477,
M..N20R,40.752411,-73.924560,478,
M..N20R,40.752452,-73.924467,479,
M..N20R,40.752497,-73.924377,480,
M..N20R,40.752545,-73.924291,481,
M..N20R,40.752598,-73.924208,482,
M..N20R,40.752654,-73.924129,483,
M..N20R,40.752714,-73.924054,484,
M..N20R,40.752778,-73.923982,485,
M..N20R,40.752846,-73.923913,486,
M..N20R,40.752918,-73.923848,487,
M..N20R,40.752994,-73.923787,488,
M..N20R,40.753072,-73.923728,489,
M..N20R,40.755854,-73.921565,490,
M..N20R,40.755867,-73.921555,491,
M..N20R,40.755879,-73.921546,492,
M..N20R,40.755893,-73.921535,493,
M..N20R,40.755906,-73.921525,494,
M..N20R,40.755920,-73.921515,495,
M..N20R,40.755934,-73.921504,496,
M..N20R,40.755948,-73.921493,497,
M..N20R,40.755962,-73.921481,498,
M..N20R,40.755977,-73.921470,499,
M..N20R,40.755992,-73.921458,500,
M..N20R,40.756007,-73.921446,501,
M..N20R,40.756023,-73.921433,502,
M..N20R,40.756039,-73.921421,503,
M..N20R,40.756055,-73.921408,504,
M..N20R,40.756071,-73.921395,505,
M..N20R,40.756879,-73.920740,506,
M..N20R,40.757972,-73.919850,507,
M..N20R,40.758107,-73.919713,508,
M..N20R,40.758213,-73.919568,509,
M..N20R,40.758303,-73.919417,510,
M..N20R,40.758378,-73.919262,511,
M..N20R,40.758437,-73.919101,512,
M..N20R,40.758481,-73.918936,513,
M..N20R,40.758510,-73.918765,514,
M..N20R,40.758523,-73.918590,515,
M..N20R,40.758520,-73.918409,516,
M..N20R,40.758502,-73.918224,517,
M..N20R,40.758469,-73.918033,518,
M..N20R,40.758420,-73.917838,519,
M..N20R,40.758356,-73.917638,520,
M..N20R,40.758276,-73.917432,521,
M..N20R,40.758182,-73.917222,522,
M..N20R,40.757023,-73.914834,523,
M..N20R,40.757005,-73.914798,524,
M..N20R,40.756987,-73.914762,525,
M..N20R,40.756969,-73.914726,526,
M..N20R,40.756951,-73.914691,527,
M..N20R,40.756933,-73.914655,528,
M..N20R,40.756915,-73.914619,529,
M..N20R,40.756898,-73.914583,530,
M..N20R,40.756880,-73.914547,531,
M..N20R,40.756863,-73.914511,532,
M..N20R,40.756846,-73.914475,533,
M..N20R,40.756829,-73.914439,534,
M..N20R,40.756812,-73.914404,535,
M..N20R,40.756795,-73.914368,536,
M..N20R,40.756779,-73.914332,537,
M..N20R,40.756762,-73.914295,538,
M..N20R,40.756312,-73.913333,539,
M..N20R,40.754245,-73.908935,540,
M..N20R,40.753221,-73.906786,541,
M..N20R,40.752885,-73.906006,542,
M..N20R,40.749669,-73.898453,543,
M..N20R,40.746644,-73.891338,544,
M..N20R,40.744006,-73.885149,545,
M..N20R,40.743987,-73.885104,546,
M..N20R,40.743967,-73.885059,547,
M..N20R,40.743948,-73.885015,548,
M..N20R,40.743928,-73.884971,549,
M..N20R,40.743909,-73.884928,550,
M..N20R,40.743890,-73.884885,551,
M..N20R,40.743871,-73.884843,552,
M..N20R,40.743851,-73.884801,553,
M..N20R,40.743832,-73.884760,554,
M..N20R,40.743813,-73.884719,555,
M..N20R,40.743794,-73.884679,556,
M..N20R,40.743775,-73.884639,557,
M..N20R,40.743756,-73.884600,558,
M..N20R,40.743737,-73.884561,559,
M..N20R,40.743718,-73.884523,560,
M..N20R,40.742933,-73.882917,561,
M..N20R,40.742897,-73.882846,562,
M..N20R,40.742862,-73.882775,563,
M..N20R,40.742827,-73.882706,564,
M..N20R,40.742792,-73.882639,565,
M..N20R,40.742759,-73.882574,566,
M..N20R,40.742726,-73.882510,567,
M..N20R,40.742693,-73.882448,568,
M..N20R,40.742661,-73.882388,569,
M..N20R,40.742630,-73.882330,570,
M..N20R,40.742599,-73.882273,571,
M..N20R,40.742569,-73.882218,572,
M..N20R,40.742539,-73.882165,573,
M..N20R,40.742510,-73.882114,574,
M..N20R,40.742482,-73.882064,575,
M..N20R,40.742454,-73.882017,576,
M..N20R,40.742415,-73.881945,577,
M..N20R,40.742376,-73.881874,578,
M..N20R,40.742337,-73.881803,579,
M..N20R,40.742296,-73.881732,580,
M..N20R,40.742256,-73.881662,581,
M..N20R,40.742215,-73.881592,582,
M..N20R,40.742173,-73.881523,583,
M..N20R,40.742131,-73.881453,584,
M..N20R,40.742088,-73.881384,585,
M..N20R,40.742045,-73.881316,586,
M..N20R,40.742001,-73.881247,587,
M..N20R,40.741957,-73.881179,588,
M..N20R,40.741913,-73.881112,589,
M..N20R,40.741868,-73.881044,590,
M..N20R,40.741822,-73.880977,591,
M..N20R,40.740665,-73.879422,592,
M..N20R,40.740614,-73.879357,593,
M..N20R,40.740561,-73.879295,594,
M..N20R,40.740506,-73.879235,595,
M..N20R,40.740449,-73.879175,596,
M..N20R,40.740389,-73.879117,597,
M..N20R,40.740326,-73.879060,598,
M..N20R,40.740261,-73.879004,599,
M..N20R,40.740194,-73.878950,600,
M..N20R,40.740124,-73.878897,601,
M..N20R,40.740052,-73.878845,602,
M..N20R,40.739977,-73.878794,603,
M..N20R,40.739900,-73.878744,604,
M..N20R,40.739821,-73.878696,605,
M..N20R,40.739739,-73.878649,606,
M..N20R,40.739655,-73.878602,607,
M..N20R,40.737015,-73.877223,608,
M..N20R,40.736710,-73.877055,609,
M..N20R,40.736514,-73.876951,610,
M..N20R,40.736327,-73.876834,611,
M..N20R,40.736148,-73.876705,612,
M..N20R,40.735976,-73.876562,613,
M..N20R,40.735812,-73.876405,614,
M..N20R,40.735655,-73.876236,615,
M..N20R,40.735507,-73.876054,616,
M..N20R,40.735365,-73.875859,617,
M..N20R,40.735232,-73.875650,618,
M..N20R,40.735106,-73.875429,619,
M..N20R,40.734988,-73.875194,620,
M..N20R,40.734877,-73.874947,621,
M..N20R,40.734775,-73.874686,622,
M..N20R,40.734679,-73.874412,623,
M..N20R,40.734593,-73.874126,624,
M..N20R,40.733648,-73.870923,625,
M..N20R,40.733614,-73.870805,626,
M..N20R,40.733579,-73.870688,627,
M..N20R,40.733544,-73.870571,628,
M..N20R,40.733509,-73.870454,629,
M..N20R,40.733473,-73.870339,630,
M..N20R,40.733437,-73.870224,631,
M..N20R,40.733401,-73.870111,632,
M..N20R,40.733365,-73.869998,633,
M..N20R,40.733328,-73.869885,634,
M..N20R,40.733292,-73.869774,635,
M..N20R,40.733255,-73.869663,636,
M..N20R,40.733218,-73.869554,637,
M..N20R,40.733181,-73.869445,638,
M..N20R,40.733144,-73.869336,639,
M..N20R,40.733106,-73.869229,640,
M..N20R,40.733041,-73.869062,641,
M..N20R,40.732975,-73.868898,642,
M..N20R,40.732909,-73.868737,643,
M..N20R,40.732842,-73.868579,644,
M..N20R,40.732774,-73.868425,645,
M..N20R,40.732706,-73.868274,646,
M..N20R,40.732638,-73.868127,647,
M..N20R,40.732568,-73.867984,648,
M..N20R,40.732499,-73.867843,649,
M..N20R,40.732429,-73.867707,650,
M..N20R,40.732358,-73.867573,651,
M..N20R,40.732287,-73.867444,652,
M..N20R,40.732215,-73.867317,653,
M..N20R,40.732143,-73.867194,654,
M..N20R,40.732070,-73.867073,655,
M..N20R,40.731991,-73.866945,656,
M..N20R,40.731914,-73.866812,657,
M..N20R,40.731838,-73.866676,658,
M..N20R,40.731763,-73.866535,659,
M..N20R,40.731688,-73.866390,660,
M..N20R,40.731614,-73.866241,661,
M..N20R,40.731541,-73.866087,662,
M..N20R,40.731469,-73.865930,663,
M..N20R,40.731397,-73.865768,664,
M..N20R,40.731327,-73.865602,665,
M..N20R,40.731257,-73.865431,666,
M..N20R,40.731187,-73.865257,667,
M..N20R,40.731119,-73.865078,668,
M..N20R,40.731051,-73.864895,669,
M..N20R,40.730985,-73.864710,670,
M..N20R,40.729846,-73.861604,671,
M..N20R,40.727216,-73.854378,672,
M..N20R,40.727179,-73.854282,673,
M..N20R,40.727142,-73.854184,674,
M..N20R,40.727103,-73.854085,675,
M..N20R,40.727062,-73.853983,676,
M..N20R,40.727021,-73.853879,677,
M..N20R,40.726977,-73.853773,678,
M..N20R,40.726933,-73.853665,679,
M..N20R,40.726887,-73.853554,680,
M..N20R,40.726839,-73.853442,681,
M..N20R,40.726790,-73.853327,682,
M..N20R,40.726740,-73.853210,683,
M..N20R,40.726688,-73.853091,684,
M..N20R,40.726635,-73.852969,685,
M..N20R,40.726580,-73.852846,686,
M..N20R,40.726523,-73.852719,687,
M..N20R,40.726443,-73.852538,688,
M..N20R,40.726358,-73.852359,689,
M..N20R,40.726271,-73.852185,690,
M..N20R,40.726181,-73.852015,691,
M..N20R,40.726090,-73.851849,692,
M..N20R,40.725995,-73.851688,693,
M..N20R,40.725899,-73.851530,694,
M..N20R,40.725800,-73.851377,695,
M..N20R,40.725699,-73.851228,696,
M..N20R,40.725596,-73.851083,697,
M..N20R,40.725490,-73.850942,698,
M..N20R,40.725382,-73.850805,699,
M..N20R,40.725382,-73.850805,700,
M..N20R,40.725272,-73.850673,701,
M..N20R,40.725159,-73.850544,702,
M..N20R,40.725045,-73.850418,703,
M..N20R,40.724889,-73.850252,704,
M..N20R,40.724735,-73.850084,705,
M..N20R,40.724584,-73.849912,706,
M..N20R,40.724436,-73.849736,707,
M..N20R,40.724292,-73.849556,708,
M..N20R,40.724151,-73.849372,709,
M..N20R,40.724013,-73.849184,710,
M..N20R,40.723878,-73.848993,711,
M..N20R,40.723747,-73.848797,712,
M..N20R,40.723618,-73.848598,713,
M..N20R,40.723493,-73.848394,714,
M..N20R,40.723371,-73.848187,715,
M..N20R,40.723253,-73.847975,716,
M..N20R,40.723137,-73.847760,717,
M..N20R,40.723026,-73.847541,718,
M..N20R,40.721691,-73.844521,719,