N..N23R,40.577422,-73.981233,0,
N..N23R,40.578309,-73.981401,1,
N..N23R,40.578339,-73.981405,2,
N..N23R,40.578370,-73.981409,3,
N..N23R,40.578400,-73.981412,4,
N..N23R,40.578429,-73.981414,5,
N..N23R,40.578459,-73.981415,6,
N..N23R,40.578488,-73.981416,7,
N..N23R,40.578518,-73.981415,8,
N..N23R,40.578546,-73.981414,9,
N..N23R,40.578575,-73.981413,10,
N..N23R,40.578604,-73.981410,11,
N..N23R,40.578632,-73.981407,12,
N..N23R,40.578660,-73.981403,13,
N..N23R,40.578688,-73.981398,14,
N..N23R,40.578716,-73.981392,15,
N..N23R,40.578743,-73.981386,16,
N..N23R,40.578767,-73.981382,17,
N..N23R,40.578792,-73.981379,18,
N..N23R,40.578816,-73.981376,19,
N..N23R,40.578841,-73.981373,20,
N..N23R,40.578866,-73.981371,21,
N..N23R,40.578891,-73.981370,22,
N..N23R,40.578916,-73.981368,23,
N..N23R,40.578942,-73.981368,24,
N..N23R,40.578968,-73.981367,25,
N..N23R,40.578993,-73.981367,26,
N..N23R,40.579020,-73.981368,27,
N..N23R,40.579046,-73.981369,28,
N..N23R,40.579072,-73.981370,29,
N..N23R,40.579099,-73.981372,30,
N..N23R,40.579126,-73.981373,31,
N..N23R,40.580445,-73.981460,32,
N..N23R,40.580478,-73.981460,33,
N..N23R,40.580511,-73.981460,34,
N..N23R,40.580544,-73.981458,35,
N..N23R,40.580576,-73.981456,36,
N..N23R,40.580609,-73.981453,37,
N..N23R,40.580641,-73.981448,38,
N..N23R,40.580672,-73.981443,39,
N..N23R,40.580704,-73.981437,40,
N..N23R,40.580735,-73.981429,41,
N..N23R,40.580765,-73.981421,42,
N..N23R,40.580796,-73.981412,43,
N..N23R,40.580826,-73.981401,44,
N..N23R,40.580855,-73.981390,45,
N..N23R,40.580885,-73.981377,46,
N..N23R,40.580914,-73.981364,47,
N..N23R,40.581268,-73.981208,48,
N..N23R,40.581303,-73.981190,49,
N..N23R,40.581337,-73.981173,50,
N..N23R,40.581370,-73.981156,51,
N..N23R,40.581402,-73.981140,52,
N..N23R,40.581434,-73.981123,53,
N..N23R,40.581465,-73.981107,54,
N..N23R,40.581495,-73.981091,55,
N..N23R,40.581525,-73.981075,56,
N..N23R,40.581553,-73.981059,57,
N..N23R,40.581581,-73.981044,58,
N..N23R,40.581608,-73.981028,59,
N..N23R,40.581635,-73.981013,60,
N..N23R,40.581660,-73.980998,61,
N..N23R,40.581685,-73.980983,62,
N..N23R,40.581709,-73.980968,63,
N..N23R,40.581736,-73.980950,64,
N..N23R,40.581762,-73.980933,65,
N..N23R,40.581789,-73.980917,66,
N..N23R,40.581815,-73.980901,67,
N..N23R,40.581841,-73.980885,68,
N..N23R,40.581868,-73.980870,69,
N..N23R,40.581894,-73.980855,70,
N..N23R,40.581920,-73.980841,71,
N..N23R,40.581946,-73.980827,72,
N..N23R,40.581972,-73.980814,73,
N..N23R,40.581998,-73.980801,74,
N..N23R,40.582024,-73.980789,75,
N..N23R,40.582050,-73.980777,76,
N..N23R,40.582075,-73.980766,77,
N..N23R,40.582101,-73.980756,78,
N..N23R,40.583547,-73.980134,79,
N..N23R,40.583571,-73.980124,80,
N..N23R,40.583595,-73.980114,81,
N..N23R,40.583619,-73.980104,82,
N..N23R,40.583643,-73.980095,83,
N..N23R,40.583668,-73.980085,84,
N..N23R,40.583693,-73.980075,85,
N..N23R,40.583718,-73.980066,86,
N..N23R,40.583743,-73.980056,87,
N..N23R,40.583768,-73.980047,88,
N..N23R,40.583793,-73.980038,89,
N..N23R,40.583818,-73.980028,90,
N..N23R,40.583844,-73.980019,91,
N..N23R,40.583870,-73.980010,92,
N..N23R,40.583896,-73.980001,93,
N..N23R,40.583922,-73.979992,94,
N..N23R,40.587474,-73.978868,95,
N..N23R,40.587495,-73.978861,96,
N..N23R,40.587517,-73.978854,97,
N..N23R,40.587538,-73.978848,98,
N..N23R,40.587559,-73.978841,99,
N..N23R,40.587580,-73.978835,100,
N..N23R,40.587601,-73.978829,101,
N..N23R,40.587622,-73.978823,102,
N..N23R,40.587642,-73.978817,103,
N..N23R,40.587663,-73.978812,104,
N..N23R,40.587683,-73.978806,105,
N..N23R,40.587703,-73.978801,106,
N..N23R,40.587723,-73.978796,107,
N..N23R,40.587743,-73.978791,108,
N..N23R,40.587763,-73.978786,109,
N..N23R,40.587783,-73.978782,110,
N..N23R,40.588129,-73.978697,111,
N..N23R,40.588163,-73.978690,112,
N..N23R,40.588196,-73.978682,113,
N..N23R,40.588229,-73.978674,114,
N..N23R,40.588263,-73.978665,115,
N..N23R,40.588295,-73.978656,116,
N..N23R,40.588328,-73.978647,117,
N..N23R,40.588361,-73.978638,118,
N..N23R,40.588393,-73.978628,119,
N..N23R,40.588425,-73.978618,120,
N..N23R,40.588457,-73.978607,121,
N..N23R,40.588489,-73.978597,122,
N..N23R,40.588521,-73.978585,123,
N..N23R,40.588553,-73.978574,124,
N..N23R,40.588584,-73.978562,125,
N..N23R,40.588616,-73.978551,126,
N..N23R,40.589237,-73.978329,127,
N..N23R,40.589592,-73.978235,128,
N..N23R,40.589744,-73.978190,129,
N..N23R,40.589895,-73.978151,130,
N..N23R,40.590044,-73.978117,131,
N..N23R,40.590190,-73.978087,132,
N..N23R,40.590335,-73.978061,133,
N..N23R,40.590478,-73.978039,134,
N..N23R,40.590619,-73.978022,135,
N..N23R,40.590758,-73.978009,136,
N..N23R,40.590896,-73.978000,137,
N..N23R,40.591031,-73.977995,138,
N..N23R,40.591164,-73.977995,139,
N..N23R,40.591296,-73.977999,140,
N..N23R,40.591425,-73.978007,141,
N..N23R,40.591553,-73.978019,142,
N..N23R,40.591679,-73.978036,143,
N..N23R,40.592721,-73.978230,144,
N..N23R,40.597473,-73.979137,145,
N..N23R,40.603923,-73.980353,146,
N..N23R,40.611815,-73.981848,147,
N..N23R,40.613511,-73.982195,148,
N..N23R,40.613669,-73.982235,149,
N..N23R,40.613824,-73.982275,150,
N..N23R,40.613974,-73.982316,151,
N..N23R,40.614120,-73.982359,152,
N..N23R,40.614262,-73.982404,153,
N..N23R,40.614400,-73.982450,154,
N..N23R,40.614534,-73.982498,155,
N..N23R,40.614663,-73.982547,156,
N..N23R,40.614789,-73.982597,157,
N..N23R,40.614910,-73.982649,158,
N..N23R,40.615027,-73.982703,159,
N..N23R,40.615140,-73.982758,160,
N..N23R,40.615249,-73.982814,161,
N..N23R,40.615354,-73.982872,162,
N..N23R,40.615455,-73.982933,163,
N..N23R,40.615584,-73.983015,164,
N..N23R,40.615710,-73.983101,165,
N..N23R,40.615833,-73.983191,166,
N..N23R,40.615954,-73.983285,167,
N..N23R,40.616074,-73.983383,168,
N..N23R,40.616191,-73.983485,169,
N..N23R,40.616305,-73.983592,170,
N..N23R,40.616418,-73.983703,171,
N..N23R,40.616529,-73.983818,172,
N..N23R,40.616637,-73.983937,173,
N..N23R,40.616743,-73.984061,174,
N..N23R,40.616847,-73.984189,175,
N..N23R,40.616949,-73.984320,176,
N..N23R,40.617049,-73.984457,177,
N..N23R,40.617146,-73.984597,178,
N..N23R,40.617410,-73.985026,179,
N..N23R,40.620671,-73.990414,180,
N..N23R,40.623531,-73.995150,181,
N..N23R,40.623573,-73.995218,182,
N..N23R,40.623616,-73.995284,183,
N..N23R,40.623661,-73.995350,184,
N..N23R,40.623709,-73.995414,185,
N..N23R,40.623759,-73.995477,186,
N..N23R,40.623812,-73.995540,187,
N..N23R,40.623867,-73.995601,188,
N..N23R,40.623924,-73.995661,189,
N..N23R,40.623984,-73.995720,190,
N..N23R,40.624046,-73.995778,191,
N..N23R,40.624110,-73.995835,192,
N..N23R,40.624177,-73.995890,193,
N..N23R,40.624246,-73.995945,194,
N..N23R,40.624317,-73.995999,195,
N..N23R,40.624391,-73.996052,196,
N..N23R,40.624842,-73.996353,197,
N..N23R,40.625619,-73.996865,198,
N..N23R,40.625759,-73.996967,199,
N..N23R,40.625895,-73.997068,200,
N..N23R,40.626026,-73.997170,201,
N..N23R,40.626152,-73.997273,202,
N..N23R,40.626274,-73.997378,203,
N..N23R,40.626391,-73.997483,204,
N..N23R,40.626503,-73.997590,205,
N..N23R,40.626610,-73.997698,206,
N..N23R,40.626713,-73.997807,207,
N..N23R,40.626811,-73.997917,208,
N..N23R,40.626904,-73.998029,209,
N..N23R,40.626992,-73.998141,210,
N..N23R,40.627076,-73.998255,211,
N..N23R,40.627155,-73.998370,212,
N..N23R,40.627228,-73.998487,213,
N..N23R,40.631386,-74.005351,214,
N..N23R,40.633390,-74.008653,215,
N..N23R,40.633418,-74.008699,216,
N..N23R,40.633446,-74.008746,217,
N..N23R,40.633474,-74.008793,218,
N..N23R,40.633502,-74.008839,219,
N..N23R,40.633530,-74.008886,220,
N..N23R,40.633558,-74.008933,221,
N..N23R,40.633585,-74.008980,222,
N..N23R,40.633613,-74.009028,223,
N..N23R,40.633640,-74.009075,224,
N..N23R,40.633668,-74.009122,225,
N..N23R,40.633695,-74.009170,226,
N..N23R,40.633722,-74.009217,227,
N..N23R,40.633749,-74.009265,228,
N..N23R,40.633776,-74.009313,229,
N..N23R,40.633803,-74.009361,230,
N..N23R,40.634653,-74.010907,231,
N..N23R,40.634688,-74.010969,232,
N..N23R,40.634721,-74.011030,233,
N..N23R,40.634754,-74.011090,234,
N..N23R,40.634786,-74.011149,235,
N..N23R,40.634816,-74.011206,236,
N..N23R,40.634846,-74.011263,237,
N..N23R,40.634874,-74.011318,238,
N..N23R,40.634902,-74.011372,239,
N..N23R,40.634928,-74.011425,240,
N..N23R,40.634953,-74.011477,241,
N..N23R,40.634977,-74.011527,242,
N..N23R,40.635001,-74.011577,243,
N..N23R,40.635023,-74.011626,244,
N..N23R,40.635044,-74.011673,245,
N..N23R,40.635064,-74.011719,246,
N..N23R,40.635100,-74.011805,247,
N..N23R,40.635135,-74.011891,248,
N..N23R,40.635170,-74.011980,249,
N..N23R,40.635204,-74.012069,250,
N..N23R,40.635237,-74.012161,251,
N..N23R,40.635270,-74.012254,252,
N..N23R,40.635302,-74.012348,253,
N..N23R,40.635334,-74.012444,254,
N..N23R,40.635365,-74.012542,255,
N..N23R,40.635395,-74.012641,256,
N..N23R,40.635425,-74.012742,257,
N..N23R,40.635454,-74.012845,258,
N..N23R,40.635482,-74.012949,259,
N..N23R,40.635510,-74.013055,260,
N..N23R,40.635538,-74.013161,261,
N..N23R,40.636319,-74.016190,262,
N..N23R,40.636331,-74.016238,263,
N..N23R,40.636343,-74.016285,264,
N..N23R,40.636354,-74.016332,265,
N..N23R,40.636366,-74.016379,266,
N..N23R,40.636378,-74.016425,267,
N..N23R,40.636391,-74.016471,268,
N..N23R,40.636403,-74.016516,269,
N..N23R,40.636415,-74.016561,270,
N..N23R,40.636428,-74.016606,271,
N..N23R,40.636440,-74.016650,272,
N..N23R,40.636453,-74.016694,273,
N..N23R,40.636465,-74.016737,274,
N..N23R,40.636478,-74.016780,275,
N..N23R,40.636491,-74.016822,276,
N..N23R,40.636504,-74.016864,277,
N..N23R,40.637265,-74.019487,278,
N..N23R,40.637301,-74.019604,279,
N..N23R,40.637339,-74.019716,280,
N..N23R,40.637378,-74.019825,281,
N..N23R,40.637418,-74.019929,282,
N..N23R,40.637459,-74.020029,283,
N..N23R,40.637502,-74.020124,284,
N..N23R,40.637546,-74.020216,285,
N..N23R,40.637591,-74.020303,286,
N..N23R,40.637637,-74.020386,287,
N..N23R,40.637684,-74.020465,288,
N..N23R,40.637733,-74.020539,289,
N..N23R,40.637783,-74.020610,290,
N..N23R,40.637834,-74.020676,291,
N..N23R,40.637886,-74.020737,292,
N..N23R,40.637940,-74.020795,293,
N..N23R,40.637978,-74.020837,294,
N..N23R,40.638018,-74.020872,295,
N..N23R,40.638059,-74.020900,296,
N..N23R,40.638101,-74.020921,297,
N..N23R,40.638145,-74.020936,298,
N..N23R,40.638189,-74.020943,299,
N..N23R,40.638235,-74.020944,300,
N..N23R,40.638283,-74.020938,301,
N..N23R,40.638331,-74.020925,302,
N..N23R,40.638381,-74.020905,303,
N..N23R,40.638433,-74.020879,304,
N..N23R,40.638485,-74.020845,305,
N..N23R,40.638539,-74.020805,306,
N..N23R,40.638594,-74.020758,307,
N..N23R,40.638650,-74.020704,308,
N..N23R,40.641362,-74.017881,309,
N..N23R,40.645069,-74.014034,310,
N..N23R,40.648939,-74.010006,311,
N..N23R,40.653563,-74.005194,312,
N..N23R,40.655144,-74.003549,313,
N..N23R,40.660397,-73.998091,314,
N..N23R,40.665414,-73.992872,315,
N..N23R,40.665448,-73.992838,316,
N..N23R,40.665483,-73.992804,317,
N..N23R,40.665517,-73.992772,318,
N..N23R,40.665552,-73.992739,319,
N..N23R,40.665586,-73.992707,320,
N..N23R,40.665620,-73.992675,321,
N..N23R,40.665655,-73.992644,322,
N..N23R,40.665689,-73.992612,323,
N..N23R,40.665724,-73.992582,324,
N..N23R,40.665758,-73.992551,325,
N..N23R,40.665792,-73.992521,326,
N..N23R,40.665827,-73.992491,327,
N..N23R,40.665861,-73.992462,328,
N..N23R,40.665896,-73.992433,329,
N..N23R,40.665930,-73.992403,330,
N..N23R,40.670847,-73.988302,331,
N..N23R,40.675775,-73.984193,332,
N..N23R,40.675831,-73.984147,333,
N..N23R,40.675887,-73.984102,334,
N..N23R,40.675942,-73.984059,335,
N..N23R,40.675997,-73.984016,336,
N..N23R,40.676050,-73.983975,337,
N..N23R,40.676104,-73.983934,338,
N..N23R,40.676156,-73.983895,339,
N..N23R,40.676208,-73.983857,340,
N..N23R,40.676259,-73.983820,341,
N..N23R,40.676309,-73.983785,342,
N..N23R,40.676359,-73.983750,343,
N..N23R,40.676408,-73.983717,344,
N..N23R,40.676457,-73.983684,345,
N..N23R,40.676505,-73.983653,346,
N..N23R,40.676552,-73.983623,347,
N..N23R,40.677316,-73.983110,348,
N..N23R,40.683666,-73.978810,349,
N..N23R,40.684598,-73.978198,350,
N..N23R,40.684641,-73.978169,351,
N..N23R,40.684683,-73.978143,352,
N..N23R,40.684726,-73.978118,353,
N..N23R,40.684769,-73.978096,354,
N..N23R,40.684811,-73.978075,355,
N..N23R,40.684854,-73.978057,356,
N..N23R,40.684897,-73.978040,357,
N..N23R,40.684939,-73.978026,358,
N..N23R,40.684982,-73.978014,359,
N..N23R,40.685024,-73.978003,360,
N..N23R,40.685067,-73.977995,361,
N..N23R,40.685110,-73.977988,362,
N..N23R,40.685152,-73.977984,363,
N..N23R,40.685195,-73.977981,364,
N..N23R,40.685237,-73.977980,365,
N..N23R,40.687446,-73.978304,366,
N..N23R,40.687496,-73.978312,367,
N..N23R,40.687545,-73.978323,368,
N..N23R,40.687594,-73.978338,369,
N..N23R,40.687640,-73.978357,370,
N..N23R,40.687686,-73.978380,371,
N..N23R,40.687730,-73.978406,372,
N..N23R,40.687773,-73.978436,373,
N..N23R,40.687815,-73.978469,374,
N..N23R,40.687855,-73.978506,375,
N..N23R,40.687894,-73.978547,376,
N..N23R,40.687931,-73.978592,377,
N..N23R,40.687967,-73.978640,378,
N..N23R,40.688002,-73.978691,379,
N..N23R,40.688036,-73.978747,380,
N..N23R,40.688068,-73.978805,381,
N..N23R,40.688730,-73.980474,382,
N..N23R,40.688760,-73.980545,383,
N..N23R,40.688792,-73.980613,384,
N..N23R,40.688827,-73.980678,385,
N..N23R,40.688863,-73.980740,386,
N..N23R,40.688902,-73.980798,387,
N..N23R,40.688943,-73.980853,388,
N..N23R,40.688986,-73.980905,389,
N..N23R,40.689031,-73.980954,390,
N..N23R,40.689078,-73.980999,391,
N..N23R,40.689127,-73.981042,392,
N..N23R,40.689178,-73.981081,393,
N..N23R,40.689232,-73.981117,394,
N..N23R,40.689287,-73.981149,395,
N..N23R,40.689345,-73.981179,396,
N..N23R,40.689405,-73.981205,397,
N..N23R,40.690635,-73.981824,398,
N..N23R,40.691559,-73.982304,399,
N..N23R,40.693829,-73.983428,400,
N..N23R,40.695079,-73.984126,401,
N..N23R,40.697770,-73.985484,402,
N..N23R,40.714878,-73.995010,403,
N..N23R,40.714925,-73.995034,404,
N..N23R,40.714971,-73.995059,405,
N..N23R,40.715017,-73.995085,406,
N..N23R,40.715062,-73.995112,407,
N..N23R,40.715108,-73.995141,408,
N..N23R,40.715152,-73.995171,409,
N..N23R,40.715197,-73.995202,410,
N..N23R,40.715241,-73.995234,411,
N..N23R,40.715285,-73.995268,412,
N..N23R,40.715328,-73.995303,413,
N..N23R,40.715371,-73.995339,414,
N..N23R,40.715414,-73.995376,415,
N..N23R,40.715456,-73.995414,416,
N..N23R,40.715498,-73.995454,417,
N..N23R,40.715540,-73.995495,418,
N..N23R,40.716011,-73.995962,419,
N..N23R,40.716047,-73.995996,420,
N..N23R,40.716081,-73.996031,421,
N..N23R,40.716115,-73.996069,422,
N..N23R,40.716148,-73.996109,423,
N..N23R,40.716179,-73.996150,424,
N..N23R,40.716210,-73.996194,425,
N..N23R,40.716240,-73.996239,426,
N..N23R,40.716268,-73.996287,427,
N..N23R,40.716296,-73.996337,428,
N..N23R,40.716322,-73.996388,429,
N..N23R,40.716348,-73.996442,430,
N..N23R,40.716372,-73.996497,431,
N..N23R,40.716396,-73.996555,432,
N..N23R,40.716418,-73.996614,433,
N..N23R,40.716440,-73.996676,434,
N..N23R,40.716956,-73.998177,435,
N..N23R,40.716981,-73.998249,436,
N..N23R,40.717007,-73.998320,437,
N..N23R,40.717034,-73.998391,438,
N..N23R,40.717062,-73.998460,439,
N..N23R,40.717091,-73.998528,440,
N..N23R,40.717120,-73.998595,441,
N..N23R,40.717151,-73.998660,442,
N..N23R,40.717183,-73.998725,443,
N..N23R,40.717216,-73.998789,444,
N..N23R,40.717250,-73.998852,445,
N..N23R,40.717284,-73.998913,446,
N..N23R,40.717320,-73.998974,447,
N..N23R,40.717357,-73.999033,448,
N..N23R,40.717394,-73.999092,449,
N..N23R,40.717433,-73.999149,450,
N..N23R,40.718383,-74.000460,451,
N..N23R,40.719004,-74.001326,452,
N..N23R,40.719055,-74.001393,453,
N..N23R,40.719108,-74.001452,454,
N..N23R,40.719162,-74.001502,455,
N..N23R,40.719218,-74.001544,456,
N..N23R,40.719275,-74.001577,457,
N..N23R,40.719334,-74.001601,458,
N..N23R,40.719394,-74.001616,459,
N..N23R,40.719456,-74.001623,460,
N..N23R,40.719519,-74.001622,461,
N..N23R,40.719584,-74.001611,462,
N..N23R,40.719650,-74.001592,463,
N..N23R,40.719718,-74.001564,464,
N..N23R,40.719787,-74.001528,465,
N..N23R,40.719858,-74.001483,466,
N..N23R,40.719930,-74.001429,467,
N..N23R,40.724329,-73.997702,468,
N..N23R,40.730328,-73.992629,469,
N..N23R,40.731445,-73.991683,470,
N..N23R,40.731485,-73.991649,471,
N..N23R,40.731526,-73.991617,472,
N..N23R,40.731567,-73.991586,473,
N..N23R,40.731609,-73.991558,474,
N..N23R,40.731651,-73.991531,475,
N..N23R,40.731693,-73.991505,476,
N..N23R,40.731736,-73.991482,477,
N..N23R,40.731779,-73.991460,478,
N..N23R,40.731822,-73.991440,479,
N..N23R,40.731866,-73.991422,480,
N..N23R,40.731910,-73.991406,481,
N..N23R,40.731954,-73.991391,482,
N..N23R,40.731999,-73.991378,483,
N..N23R,40.732044,-73.991367,484,
N..N23R,40.732090,-73.991358,485,
N..N23R,40.735736,-73.990568,486,
N..N23R,40.737433,-73.990206,487,
N..N23R,40.737476,-73.990195,488,
N..N23R,40.737519,-73.990186,489,
N..N23R,40.737563,-73.990176,490,
N..N23R,40.737608,-73.990166,491,
N..N23R,40.737653,-73.990155,492,
N..N23R,40.737698,-73.990144,493,
N..N23R,40.737745,-73.990134,494,
N..N23R,40.737792,-73.990122,495,
N..N23R,40.737839,-73.990111,496,
N..N23R,40.737887,-73.990099,497,
N..N23R,40.737936,-73.990088,498,
N..N23R,40.737985,-73.990076,499,
N..N23R,40.738035,-73.990063,500,
N..N23R,40.738085,-73.990051,501,
N..N23R,40.738136,-73.990037,502,
N..N23R,40.739792,-73.989604,503,
N..N23R,40.739844,-73.989590,504,
N..N23R,40.739894,-73.989578,505,
N..N23R,40.739945,-73.989566,506,
N..N23R,40.739995,-73.989554,507,
N..N23R,40.740045,-73.989543,508,
N..N23R,40.740095,-73.989532,509,
N..N23R,40.740145,-73.989522,510,
N..N23R,40.740195,-73.989512,511,
N..N23R,40.740244,-73.989503,512,
N..N23R,40.740294,-73.989494,513,
N..N23R,40.740343,-73.989485,514,
N..N23R,40.740392,-73.989477,515,
N..N23R,40.740441,-73.989469,516,
N..N23R,40.740489,-73.989462,517,
N..N23R,40.740538,-73.989455,518,
N..N23R,40.741303,-73.989344,519,
N..N23R,40.742643,-73.989192,520,
N..N23R,40.742700,-73.989186,521,
N..N23R,40.742757,-73.989180,522,
N..N23R,40.742812,-73.989173,523,
N..N23R,40.742867,-73.989166,524,
N..N23R,40.742920,-73.989160,525,
N..N23R,40.742973,-73.989153,526,
N..N23R,40.743025,-73.989146,527,
N..N23R,40.743075,-73.989138,528,
N..N23R,40.743125,-73.989131,529,
N..N23R,40.743173,-73.989123,530,
N..N23R,40.743221,-73.989116,531,
N..N23R,40.743268,-73.989108,532,
N..N23R,40.743314,-73.989100,533,
N..N23R,40.743358,-73.989091,534,
N..N23R,40.743402,-73.989083,535,
N..N23R,40.745494,-73.988691,536,
N..N23R,40.749567,-73.987950,537,
N..N23R,40.751815,-73.987570,538,
N..N23R,40.751893,-73.987556,539,
N..N23R,40.751971,-73.987541,540,
N..N23R,40.752049,-73.987526,541,
N..N23R,40.752127,-73.987510,542,
N..N23R,40.752204,-73.987493,543,
N..N23R,40.752282,-73.987475,544,
N..N23R,40.752360,-73.987457,545,
N..N23R,40.752438,-73.987437,546,
N..N23R,40.752516,-73.987417,547,
N..N23R,40.752593,-73.987396,548,
N..N23R,40.752671,-73.987375,549,
N..N23R,40.752749,-73.987353,550,
N..N23R,40.752827,-73.987329,551,
N..N23R,40.752904,-73.987306,552,
N..N23R,40.752982,-73.987281,553,
N..N23R,40.754672,-73.986754,554,
N..N23R,40.756430,-73.986201,555,
N..N23R,40.756569,-73.986154,556,
N..N23R,40.756705,-73.986106,557,
N..N23R,40.756839,-73.986056,558,
N..N23R,40.756971,-73.986003,559,
N..N23R,40.757101,-73.985949,560,
N..N23R,40.757229,-73.985893,561,
N..N23R,40.757354,-73.985835,562,
N..N23R,40.757477,-73.985775,563,
N..N23R,40.757599,-73.985712,564,
N..N23R,40.757718,-73.985648,565,
N..N23R,40.757835,-73.985582,566,
N..N23R,40.757949,-73.985514,567,
N..N23R,40.758062,-73.985444,568,
N..N23R,40.758173,-73.985371,569,
N..N23R,40.758280,-73.985298,570,
N..N23R,40.759901,-73.984139,571,
N..N23R,40.764664,-73.980658,572,
N..N23R,40.766254,-73.979499,573,
N..N23R,40.766329,-73.979438,574,
N..N23R,40.766396,-73.979375,575,
N..N23R,40.766455,-73.979308,576,
N..N23R,40.766507,-73.979239,577,
N..N23R,40.766550,-73.979166,578,
N..N23R,40.766585,-73.979091,579,
N..N23R,40.766612,-73.979012,580,
N..N23R,40.766632,-73.978931,581,
N..N23R,40.766643,-73.978846,582,
N..N23R,40.766646,-73.978759,583,
N..N23R,40.766641,-73.978668,584,
N..N23R,40.766628,-73.978575,585,
N..N23R,40.766606,-73.978478,586,
N..N23R,40.766577,-73.978379,587,
N..N23R,40.766540,-73.978276,588,
N..N23R,40.764825,-73.974217,589,
N..N23R,40.764816,-73.974193,590,
N..N23R,40.764808,-73.974170,591,
N..N23R,40.764800,-73.974146,592,
N..N23R,40.764793,-73.974121,593,
N..N23R,40.764787,-73.974097,594,
N..N23R,40.764782,-73.974073,595,
N..N23R,40.764777,-73.974048,596,
N..N23R,40.764773,-73.974024,597,
N..N23R,40.764770,-73.973999,598,
N..N23R,40.764768,-73.973974,599,
N..N23R,40.764766,-73.973949,600,
N..N23R,40.764765,-73.973924,601,
N..N23R,40.764765,-73.973898,602,
N..N23R,40.764766,-73.973873,603,
N..N23R,40.764767,-73.973847,604,
N..N23R,40.764811,-73.973347,605,
N..N23R,40.764873,-73.972718,606,
N..N23R,40.764873,-73.972694,607,
N..N23R,40.764873,-73.972670,608,
N..N23R,40.764872,-73.972647,609,
N..N23R,40.764870,-73.972623,610,
N..N23R,40.764867,-73.972599,611,
N..N23R,40.764864,-73.972575,612,
N..N23R,40.764859,-73.972550,613,
N..N23R,40.764854,-73.972526,614,
N..N23R,40.764849,-73.972501,615,
N..N23R,40.764842,-73.972476,616,
N..N23R,40.764835,-73.972450,617,
N..N23R,40.764827,-73.972425,618,
N..N23R,40.764819,-73.972399,619,
N..N23R,40.764809,-73.972373,620,
N..N23R,40.764799,-73.972347,621,
N..N23R,40.762660,-73.967258,622,
N..N23R,40.759230,-73.959131,623,
N..N23R,40.753765,-73.946938,624,
N..N23R,40.752553,-73.944152,625,
N..N23R,40.751651,-73.942083,626,
N..N23R,40.751632,-73.942041,627,
N..N23R,40.751612,-73.941999,628,
N..N23R,40.751593,-73.941960,629,
N..N23R,40.751573,-73.941921,630,
N..N23R,40.751552,-73.941884,631,
N..N23R,40.751532,-73.941848,632,
N..N23R,40.751511,-73.941814,633,
N..N23R,40.751491,-73.941781,634,
N..N23R,40.751469,-73.941749,635,
N..N23R,40.751448,-73.941718,636,
N..N23R,40.751427,-73.941689,637,
N..N23R,40.751405,-73.941661,638,
N..N23R,40.751383,-73.941634,639,
N..N23R,40.751360,-73.941609,640,
N..N23R,40.751338,-73.941585,641,
N..N23R,40.751314,-73.941563,642,
N..N23R,40.751290,-73.941539,643,
N..N23R,40.751266,-73.941514,644,
N..N23R,40.751241,-73.941487,645,
N..N23R,40.751217,-73.941459,646,
N..N23R,40.751192,-73.941429,647,
N..N23R,40.751167,-73.941397,648,
N..N23R,40.751143,-73.941364,649,
N..N23R,40.751117,-73.941329,650,
N..N23R,40.751092,-73.941293,651,
N..N23R,40.751067,-73.941255,652,
N..N23R,40.751041,-73.941215,653,
N..N23R,40.751016,-73.941174,654,
N..N23R,40.750990,-73.941131,655,
N..N23R,40.750963,-73.941087,656,
N..N23R,40.750582,-73.940202,657,
N..N23R,40.750134,-73.939174,658,
N..N23R,40.750093,-73.939074,659,
N..N23R,40.750049,-73.938974,660,
N..N23R,40.750003,-73.938874,661,
N..N23R,40.749956,-73.938774,662,
N..N23R,40.749907,-73.938674,663,
N..N23R,40.749856,-73.938574,664,
N..N23R,40.749804,-73.938475,665,
N..N23R,40.749750,-73.938375,666,
N..N23R,40.749694,-73.938276,667,
N..N23R,40.749637,-73.938177,668,
N..N23R,40.749578,-73.938078,669,
N..N23R,40.749518,-73.937978,670,
N..N23R,40.749456,-73.937880,671,
N..N23R,40.749392,-73.937781,672,
N..N23R,40.749327,-73.937683,673,
N..N23R,40.749282,-73.937599,674,
N..N23R,40.749245,-73.937515,675,
N..N23R,40.749215,-73.937431,676,
N..N23R,40.749192,-73.937348,677,
N..N23R,40.749176,-73.937265,678,
N..N23R,40.749167,-73.937182,679,
N..N23R,40.749166,-73.937100,680,
N..N23R,40.749172,-73.937018,681,
N..N23R,40.749185,-73.936937,682,
N..N23R,40.749205,-73.936856,683,
N..N23R,40.749233,-73.936776,684,
N..N23R,40.749267,-73.936696,685,
N..N23R,40.749309,-73.936617,686,
N..N23R,40.749359,-73.936538,687,
N..N23R,40.749415,-73.936459,688,
N..N23R,40.750639,-73.935135,689,
N..N23R,40.750674,-73.935097,690,
N..N23R,40.750709,-73.935059,691,
N..N23R,40.750743,-73.935021,692,
N..N23R,40.750777,-73.934984,693,
N..N23R,40.750810,-73.934946,694,
N..N23R,40.750842,-73.934908,695,
N..N23R,40.750874,-73.934871,696,
N..N23R,40.750906,-73.934833,697,
N..N23R,40.750936,-73.934796,698,
N..N23R,40.750966,-73.934759,699,
N..N23R,40.750966,-73.934759,700,
N..N23R,40.750996,-73.934721,701,
N..N23R,40.751025,-73.934684,702,
N..N23R,40.751053,-73.934647,703,
N..N23R,40.751081,-73.934610,704,
N..N23R,40.751108,-73.934573,705,
N..N23R,40.751406,-73.934101,706,
N..N23R,40.751431,-73.934061,707,
N..N23R,40.751458,-73.934022,708,
N..N23R,40.751485,-73.933984,709,
N..N23R,40.751513,-73.933946,710,
N..N23R,40.751542,-73.933908,711,
N..N23R,40.751572,-73.933872,712,
N..N23R,40.751602,-73.933836,713,
N..N23R,40.751634,-73.933800,714,
N..N23R,40.751666,-73.933766,715,
N..N23R,40.751700,-73.933731,716,
N..N23R,40.751734,-73.933698,717,
N..N23R,40.751769,-73.933665,718,
N..N23R,40.751805,-73.933633,719,
N..N23R,40.751841,-73.933601,720,
N..N23R,40.751879,-73.933570,721,
N..N23R,40.752882,-73.932755,722,
N..N23R,40.756804,-73.929575,723,
N..N23R,40.761820,-73.925508,724,
N..N23R,40.766779,-73.921479,725,
N..N23R,40.767617,-73.920795,726,
N..N23R,40.767672,-73.920746,727,
N..N23R,40.767726,-73.920696,728,
N..N23R,40.767780,-73.920646,729,
N..N23R,40.767835,-73.920594,730,
N..N23R,40.767889,-73.920542,731,
N..N23R,40.767942,-73.920489,732,
N..N23R,40.767996,-73.920436,733,
N..N23R,40.768050,-73.920382,734,
N..N23R,40.768103,-73.920327,735,
N..N23R,40.768157,-73.920271,736,
N..N23R,40.768210,-73.920215,737,
N..N23R,40.768263,-73.920158,738,
N..N23R,40.768316,-73.920100,739,
N..N23R,40.768368,-73.920041,740,
N..N23R,40.768421,-73.919982,741,
N..N23R,40.770258,-73.917843,742,
N..N23R,40.775036,-73.912034,743,