Q..N41R,40.577422,-73.981233,0,
Q..N41R,40.576635,-73.981083,1,
Q..N41R,40.576575,-73.981069,2,
Q..N41R,40.576518,-73.981047,3,
Q..N41R,40.576463,-73.981018,4,
Q..N41R,40.576412,-73.980982,5,
Q..N41R,40.576363,-73.980938,6,
Q..N41R,40.576318,-73.980887,7,
Q..N41R,40.576275,-73.980828,8,
Q..N41R,40.576235,-73.980762,9,
Q..N41R,40.576199,-73.980689,10,
Q..N41R,40.576165,-73.980608,11,
Q..N41R,40.576134,-73.980520,12,
Q..N41R,40.576106,-73.980425,13,
Q..N41R,40.576081,-73.980322,14,
Q..N41R,40.576058,-73.980212,15,
Q..N41R,40.576039,-73.980094,16,
Q..N41R,40.575771,-73.978088,17,
Q..N41R,40.575762,-73.977991,18,
Q..N41R,40.575756,-73.977895,19,
Q..N41R,40.575753,-73.977798,20,
Q..N41R,40.575752,-73.977700,21,
Q..N41R,40.575754,-73.977603,22,
Q..N41R,40.575758,-73.977506,23,
Q..N41R,40.575765,-73.977408,24,
Q..N41R,40.575774,-73.977310,25,
Q..N41R,40.575786,-73.977212,26,
Q..N41R,40.575801,-73.977114,27,
Q..N41R,40.575818,-73.977015,28,
Q..N41R,40.575837,-73.976917,29,
Q..N41R,40.575860,-73.976818,30,
Q..N41R,40.575885,-73.976719,31,
Q..N41R,40.575912,-73.976620,32,
Q..N41R,40.576127,-73.975939,33,
Q..N41R,40.576429,-73.974984,34,
Q..N41R,40.576618,-73.974389,35,
Q..N41R,40.576639,-73.974313,36,
Q..N41R,40.576658,-73.974236,37,
Q..N41R,40.576676,-73.974159,38,
Q..N41R,40.576691,-73.974080,39,
Q..N41R,40.576705,-73.974000,40,
Q..N41R,40.576716,-73.973919,41,
Q..N41R,40.576726,-73.973837,42,
Q..N41R,40.576734,-73.973754,43,
Q..N41R,40.576739,-73.973670,44,
Q..N41R,40.576743,-73.973585,45,
Q..N41R,40.576744,-73.973498,46,
Q..N41R,40.576744,-73.973411,47,
Q..N41R,40.576742,-73.973322,48,
Q..N41R,40.576737,-73.973232,49,
Q..N41R,40.576731,-73.973141,50,
Q..N41R,40.576322,-73.968694,51,
Q..N41R,40.576321,-73.968680,52,
Q..N41R,40.576320,-73.968667,53,
Q..N41R,40.576319,-73.968653,54,
Q..N41R,40.576318,-73.968640,55,
Q..N41R,40.576317,-73.968627,56,
Q..N41R,40.576316,-73.968613,57,
Q..N41R,40.576315,-73.968600,58,
Q..N41R,40.576315,-73.968588,59,
Q..N41R,40.576314,-73.968575,60,
Q..N41R,40.576313,-73.968562,61,
Q..N41R,40.576313,-73.968550,62,
Q..N41R,40.576312,-73.968537,63,
Q..N41R,40.576312,-73.968525,64,
Q..N41R,40.576312,-73.968513,65,
Q..N41R,40.576312,-73.968501,66,
Q..N41R,40.576310,-73.968404,67,
Q..N41R,40.576308,-73.968307,68,
Q..N41R,40.576308,-73.968210,69,
Q..N41R,40.576309,-73.968113,70,
Q..N41R,40.576312,-73.968017,71,
Q..N41R,40.576316,-73.967920,72,
Q..N41R,40.576322,-73.967824,73,
Q..N41R,40.576329,-73.967728,74,
Q..N41R,40.576337,-73.967632,75,
Q..N41R,40.576347,-73.967536,76,
Q..N41R,40.576358,-73.967440,77,
Q..N41R,40.576371,-73.967345,78,
Q..N41R,40.576385,-73.967249,79,
Q..N41R,40.576401,-73.967154,80,
Q..N41R,40.576418,-73.967059,81,
Q..N41R,40.577621,-73.961376,82,
Q..N41R,40.577839,-73.960354,83,
Q..N41R,40.577855,-73.960283,84,
Q..N41R,40.577873,-73.960214,85,
Q..N41R,40.577894,-73.960148,86,
Q..N41R,40.577917,-73.960085,87,
Q..N41R,40.577942,-73.960025,88,
Q..N41R,40.577969,-73.959967,89,
Q..N41R,40.577998,-73.959912,90,
Q..N41R,40.578030,-73.959860,91,
Q..N41R,40.578064,-73.959811,92,
Q..N41R,40.578101,-73.959765,93,
Q..N41R,40.578139,-73.959721,94,
Q..N41R,40.578180,-73.959681,95,
Q..N41R,40.578223,-73.959643,96,
Q..N41R,40.578268,-73.959607,97,
Q..N41R,40.578316,-73.959575,98,
Q..N41R,40.585198,-73.954670,99,
Q..N41R,40.585310,-73.954601,100,
Q..N41R,40.585423,-73.954536,101,
Q..N41R,40.585536,-73.954477,102,
Q..N41R,40.585650,-73.954422,103,
Q..N41R,40.585763,-73.954373,104,
Q..N41R,40.585876,-73.954328,105,
Q..N41R,40.585989,-73.954289,106,
Q..N41R,40.586103,-73.954254,107,
Q..N41R,40.586216,-73.954225,108,
Q..N41R,40.586329,-73.954201,109,
Q..N41R,40.586443,-73.954181,110,
Q..N41R,40.586556,-73.954167,111,
Q..N41R,40.586670,-73.954158,112,
Q..N41R,40.586783,-73.954153,113,
Q..N41R,40.586896,-73.954155,114,
Q..N41R,40.586961,-73.954154,115,
Q..N41R,40.587025,-73.954152,116,
Q..N41R,40.587088,-73.954150,117,
Q..N41R,40.587150,-73.954148,118,
Q..N41R,40.587211,-73.954145,119,
Q..N41R,40.587271,-73.954142,120,
Q..N41R,40.587329,-73.954139,121,
Q..N41R,40.587387,-73.954135,122,
Q..N41R,40.587443,-73.954131,123,
Q..N41R,40.587498,-73.954126,124,
Q..N41R,40.587552,-73.954121,125,
Q..N41R,40.587605,-73.954116,126,
Q..N41R,40.587657,-73.954110,127,
Q..N41R,40.587708,-73.954104,128,
Q..N41R,40.587758,-73.954096,129,
Q..N41R,40.588121,-73.954066,130,
Q..N41R,40.588205,-73.954060,131,
Q..N41R,40.588288,-73.954056,132,
Q..N41R,40.588369,-73.954054,133,
Q..N41R,40.588450,-73.954052,134,
Q..N41R,40.588530,-73.954051,135,
Q..N41R,40.588610,-73.954052,136,
Q..N41R,40.588689,-73.954054,137,
Q..N41R,40.588767,-73.954057,138,
Q..N41R,40.588844,-73.954060,139,
Q..N41R,40.588921,-73.954065,140,
Q..N41R,40.588997,-73.954072,141,
Q..N41R,40.589072,-73.954079,142,
Q..N41R,40.589147,-73.954087,143,
Q..N41R,40.589221,-73.954096,144,
Q..N41R,40.589295,-73.954106,145,
Q..N41R,40.590785,-73.954319,146,
Q..N41R,40.595246,-73.955161,147,
Q..N41R,40.599300,-73.955929,148,
Q..N41R,40.607591,-73.957502,149,
Q..N41R,40.607605,-73.957505,150,
Q..N41R,40.607618,-73.957508,151,
Q..N41R,40.607632,-73.957511,152,
Q..N41R,40.607645,-73.957513,153,
Q..N41R,40.607659,-73.957516,154,
Q..N41R,40.607672,-73.957519,155,
Q..N41R,40.607685,-73.957522,156,
Q..N41R,40.607699,-73.957526,157,
Q..N41R,40.607712,-73.957529,158,
Q..N41R,40.607725,-73.957532,159,
Q..N41R,40.607738,-73.957535,160,
Q..N41R,40.607751,-73.957538,161,
Q..N41R,40.607764,-73.957541,162,
Q..N41R,40.607776,-73.957545,163,
Q..N41R,40.607789,-73.957548,164,
Q..N41R,40.607869,-73.957572,165,
Q..N41R,40.607886,-73.957577,166,
Q..N41R,40.607904,-73.957582,167,
Q..N41R,40.607922,-73.957588,168,
Q..N41R,40.607940,-73.957592,169,
Q..N41R,40.607959,-73.957597,170,
Q..N41R,40.607977,-73.957602,171,
Q..N41R,40.607996,-73.957607,172,
Q..N41R,40.608016,-73.957611,173,
Q..N41R,40.608035,-73.957616,174,
Q..N41R,40.608055,-73.957620,175,
Q..N41R,40.608075,-73.957624,176,
Q..N41R,40.608096,-73.957628,177,
Q..N41R,40.608117,-73.957632,178,
Q..N41R,40.608138,-73.957636,179,
Q..N41R,40.608159,-73.957640,180,
Q..N41R,40.608670,-73.957734,181,
Q..N41R,40.609478,-73.957887,182,
Q..N41R,40.609495,-73.957890,183,
Q..N41R,40.609512,-73.957893,184,
Q..N41R,40.609529,-73.957896,185,
Q..N41R,40.609547,-73.957898,186,
Q..N41R,40.609564,-73.957901,187,
Q..N41R,40.609582,-73.957903,188,
Q..N41R,40.609600,-73.957906,189,
Q..N41R,40.609618,-73.957908,190,
Q..N41R,40.609636,-73.957910,191,
Q..N41R,40.609654,-73.957913,192,
Q..N41R,40.609673,-73.957915,193,
Q..N41R,40.609691,-73.957917,194,
Q..N41R,40.609710,-73.957918,195,
Q..N41R,40.609729,-73.957920,196,
Q..N41R,40.609748,-73.957922,197,
Q..N41R,40.609875,-73.957939,198,
Q..N41R,40.609892,-73.957941,199,
Q..N41R,40.609910,-73.957943,200,
Q..N41R,40.609928,-73.957946,201,
Q..N41R,40.609946,-73.957948,202,
Q..N41R,40.609965,-73.957951,203,
Q..N41R,40.609984,-73.957953,204,
Q..N41R,40.610003,-73.957956,205,
Q..N41R,40.610023,-73.957960,206,
Q..N41R,40.610043,-73.957963,207,
Q..N41R,40.610063,-73.957966,208,
Q..N41R,40.610084,-73.957970,209,
Q..N41R,40.610105,-73.957974,210,
Q..N41R,40.610127,-73.957978,211,
Q..N41R,40.610149,-73.957982,212,
Q..N41R,40.610171,-73.957986,213,
Q..N41R,40.617618,-73.959399,214,
Q..N41R,40.625039,-73.960803,215,
Q..N41R,40.628229,-73.961408,216,
Q..N41R,40.628287,-73.961420,217,
Q..N41R,40.628346,-73.961431,218,
Q..N41R,40.628407,-73.961443,219,
Q..N41R,40.628469,-73.961455,220,
Q..N41R,40.628533,-73.961469,221,
Q..N41R,40.628599,-73.961483,222,
Q..N41R,40.628667,-73.961497,223,
Q..N41R,40.628736,-73.961513,224,
Q..N41R,40.628807,-73.961529,225,
Q..N41R,40.628880,-73.961545,226,
Q..N41R,40.628955,-73.961563,227,
Q..N41R,40.629031,-73.961581,228,
Q..N41R,40.629109,-73.961600,229,
Q..N41R,40.629189,-73.961619,230,
Q..N41R,40.629270,-73.961639,231,
Q..N41R,40.630055,-73.961834,232,
Q..N41R,40.630093,-73.961844,233,
Q..N41R,40.630132,-73.961854,234,
Q..N41R,40.630173,-73.961863,235,
Q..N41R,40.630214,-73.961873,236,
Q..N41R,40.630256,-73.961883,237,
Q..N41R,40.630300,-73.961892,238,
Q..N41R,40.630344,-73.961901,239,
Q..N41R,40.630390,-73.961911,240,
Q..N41R,40.630437,-73.961920,241,
Q..N41R,40.630484,-73.961929,242,
Q..N41R,40.630533,-73.961938,243,
Q..N41R,40.630583,-73.961947,244,
Q..N41R,40.630634,-73.961956,245,
Q..N41R,40.630686,-73.961964,246,
Q..N41R,40.630739,-73.961973,247,
Q..N41R,40.635082,-73.962793,248,
Q..N41R,40.640927,-73.963891,249,
Q..N41R,40.644031,-73.964492,250,
Q..N41R,40.644157,-73.964512,251,
Q..N41R,40.644282,-73.964530,252,
Q..N41R,40.644407,-73.964544,253,
Q..N41R,40.644531,-73.964554,254,
Q..N41R,40.644654,-73.964561,255,
Q..N41R,40.644777,-73.964564,256,
Q..N41R,40.644900,-73.964563,257,
Q..N41R,40.645022,-73.964558,258,
Q..N41R,40.645144,-73.964550,259,
Q..N41R,40.645265,-73.964538,260,
Q..N41R,40.645386,-73.964522,261,
Q..N41R,40.645506,-73.964502,262,
Q..N41R,40.645626,-73.964479,263,
Q..N41R,40.645746,-73.964452,264,
Q..N41R,40.645866,-73.964421,265,
Q..N41R,40.650527,-73.962982,266,
Q..N41R,40.650768,-73.962910,267,
Q..N41R,40.651007,-73.962839,268,
Q..N41R,40.651244,-73.962767,269,
Q..N41R,40.651478,-73.962696,270,
Q..N41R,40.651709,-73.962626,271,
Q..N41R,40.651938,-73.962556,272,
Q..N41R,40.652165,-73.962486,273,
Q..N41R,40.652389,-73.962416,274,
Q..N41R,40.652610,-73.962347,275,
Q..N41R,40.652829,-73.962278,276,
Q..N41R,40.653046,-73.962210,277,
Q..N41R,40.653260,-73.962142,278,
Q..N41R,40.653472,-73.962074,279,
Q..N41R,40.653681,-73.962006,280,
Q..N41R,40.653888,-73.961938,281,
Q..N41R,40.655292,-73.961495,282,
Q..N41R,40.655406,-73.961468,283,
Q..N41R,40.655519,-73.961445,284,
Q..N41R,40.655630,-73.961425,285,
Q..N41R,40.655741,-73.961408,286,
Q..N41R,40.655851,-73.961393,287,
Q..N41R,40.655959,-73.961382,288,
Q..N41R,40.656067,-73.961373,289,
Q..N41R,40.656174,-73.961368,290,
Q..N41R,40.656281,-73.961365,291,
Q..N41R,40.656386,-73.961365,292,
Q..N41R,40.656490,-73.961368,293,
Q..N41R,40.656594,-73.961374,294,
Q..N41R,40.656696,-73.961383,295,
Q..N41R,40.656798,-73.961394,296,
Q..N41R,40.656900,-73.961410,297,
Q..N41R,40.660141,-73.961937,298,
Q..N41R,40.660164,-73.961941,299,
Q..N41R,40.660188,-73.961946,300,
Q..N41R,40.660212,-73.961951,301,
Q..N41R,40.660237,-73.961956,302,
Q..N41R,40.660262,-73.961961,303,
Q..N41R,40.660288,-73.961966,304,
Q..N41R,40.660314,-73.961972,305,
Q..N41R,40.660340,-73.961978,306,
Q..N41R,40.660367,-73.961984,307,
Q..N41R,40.660395,-73.961991,308,
Q..N41R,40.660423,-73.961997,309,
Q..N41R,40.660452,-73.962004,310,
Q..N41R,40.660481,-73.962011,311,
Q..N41R,40.660510,-73.962018,312,
Q..N41R,40.660540,-73.962026,313,
Q..N41R,40.660825,-73.962107,314,
Q..N41R,40.660837,-73.962111,315,
Q..N41R,40.660849,-73.962114,316,
Q..N41R,40.660861,-73.962118,317,
Q..N41R,40.660873,-73.962121,318,
Q..N41R,40.660885,-73.962124,319,
Q..N41R,40.660898,-73.962128,320,
Q..N41R,40.660910,-73.962131,321,
Q..N41R,40.660922,-73.962133,322,
Q..N41R,40.660935,-73.962136,323,
Q..N41R,40.660947,-73.962139,324,
Q..N41R,40.660959,-73.962141,325,
Q..N41R,40.660972,-73.962144,326,
Q..N41R,40.660985,-73.962146,327,
Q..N41R,40.660997,-73.962148,328,
Q..N41R,40.661010,-73.962150,329,
Q..N41R,40.661614,-73.962246,330,
Q..N41R,40.662551,-73.962392,331,
Q..N41R,40.662642,-73.962408,332,
Q..N41R,40.662733,-73.962427,333,
Q..N41R,40.662823,-73.962450,334,
Q..N41R,40.662913,-73.962475,335,
Q..N41R,40.663003,-73.962502,336,
Q..N41R,40.663092,-73.962533,337,
Q..N41R,40.663181,-73.962566,338,
Q..N41R,40.663269,-73.962601,339,
Q..N41R,40.663357,-73.962640,340,
Q..N41R,40.663445,-73.962681,341,
Q..N41R,40.663532,-73.962724,342,
Q..N41R,40.663619,-73.962771,343,
Q..N41R,40.663705,-73.962820,344,
Q..N41R,40.663791,-73.962872,345,
Q..N41R,40.663876,-73.962927,346,
Q..N41R,40.677050,-73.972367,347,
Q..N41R,40.682608,-73.976398,348,
Q..N41R,40.682662,-73.976431,349,
Q..N41R,40.682716,-73.976461,350,
Q..N41R,40.682769,-73.976490,351,
Q..N41R,40.682823,-73.976517,352,
Q..N41R,40.682877,-73.976543,353,
Q..N41R,40.682932,-73.976566,354,
Q..N41R,40.682987,-73.976589,355,
Q..N41R,40.683041,-73.976609,356,
Q..N41R,40.683097,-73.976628,357,
Q..N41R,40.683152,-73.976645,358,
Q..N41R,40.683208,-73.976661,359,
Q..N41R,40.683264,-73.976675,360,
Q..N41R,40.683320,-73.976687,361,
Q..N41R,40.683376,-73.976698,362,
Q..N41R,40.683433,-73.976708,363,
Q..N41R,40.684460,-73.976890,364,
Q..N41R,40.687181,-73.977416,365,
Q..N41R,40.687228,-73.977424,366,
Q..N41R,40.687273,-73.977437,367,
Q..N41R,40.687317,-73.977452,368,
Q..N41R,40.687359,-73.977472,369,
Q..N41R,40.687399,-73.977495,370,
Q..N41R,40.687437,-73.977522,371,
Q..N41R,40.687473,-73.977552,372,
Q..N41R,40.687508,-73.977587,373,
Q..N41R,40.687541,-73.977624,374,
Q..N41R,40.687573,-73.977666,375,
Q..N41R,40.687602,-73.977711,376,
Q..N41R,40.687630,-73.977760,377,
Q..N41R,40.687656,-73.977812,378,
Q..N41R,40.687680,-73.977868,379,
Q..N41R,40.687703,-73.977928,380,
Q..N41R,40.688068,-73.978805,381,
Q..N41R,40.688730,-73.980474,382,
Q..N41R,40.688760,-73.980545,383,
Q..N41R,40.688792,-73.980613,384,
Q..N41R,40.688827,-73.980678,385,
Q..N41R,40.688863,-73.980740,386,
Q..N41R,40.688902,-73.980798,387,
Q..N41R,40.688943,-73.980853,388,
Q..N41R,40.688986,-73.980905,389,
Q..N41R,40.689031,-73.980954,390,
Q..N41R,40.689078,-73.980999,391,
Q..N41R,40.689127,-73.981042,392,
Q..N41R,40.689178,-73.981081,393,
Q..N41R,40.689232,-73.981117,394,
Q..N41R,40.689287,-73.981149,395,
Q..N41R,40.689345,-73.981179,396,
Q..N41R,40.689405,-73.981205,397,
Q..N41R,40.690635,-73.981824,398,
Q..N41R,40.691559,-73.982304,399,
Q..N41R,40.693829,-73.983428,400,
Q..N41R,40.695079,-73.984126,401,
Q..N41R,40.697770,-73.985484,402,
Q..N41R,40.714878,-73.995010,403,
Q..N41R,40.714925,-73.995034,404,
Q..N41R,40.714971,-73.995059,405,
Q..N41R,40.715017,-73.995085,406,
Q..N41R,40.715062,-73.995112,407,
Q..N41R,40.715108,-73.995141,408,
Q..N41R,40.715152,-73.995171,409,
Q..N41R,40.715197,-73.995202,410,
Q..N41R,40.715241,-73.995234,411,
Q..N41R,40.715285,-73.995268,412,
Q..N41R,40.715328,-73.995303,413,
Q..N41R,40.715371,-73.995339,414,
Q..N41R,40.715414,-73.995376,415,
Q..N41R,40.715456,-73.995414,416,
Q..N41R,40.715498,-73.995454,417,
Q..N41R,40.715540,-73.995495,418,
Q..N41R,40.716011,-73.995962,419,
Q..N41R,40.716047,-73.995996,420,
Q..N41R,40.716081,-73.996031,421,
Q..N41R,40.716115,-73.996069,422,
Q..N41R,40.716148,-73.996109,423,
Q..N41R,40.716179,-73.996150,424,
Q..N41R,40.716210,-73.996194,425,
Q..N41R,40.716240,-73.996239,426,
Q..N41R,40.716268,-73.996287,427,
Q..N41R,40.716296,-73.996337,428,
Q..N41R,40.716322,-73.996388,429,
Q..N41R,40.716348,-73.996442,430,
Q..N41R,40.716372,-73.996497,431,
Q..N41R,40.716396,-73.996555,432,
Q..N41R,40.716418,-73.996614,433,
Q..N41R,40.716440,-73.996676,434,
Q..N41R,40.716956,-73.998177,435,
Q..N41R,40.716981,-73.998249,436,
Q..N41R,40.717007,-73.998320,437,
Q..N41R,40.717034,-73.998391,438,
Q..N41R,40.717062,-73.998460,439,
Q..N41R,40.717091,-73.998528,440,
Q..N41R,40.717120,-73.998595,441,
Q..N41R,40.717151,-73.998660,442,
Q..N41R,40.717183,-73.998725,443,
Q..N41R,40.717216,-73.998789,444,
Q..N41R,40.717250,-73.998852,445,
Q..N41R,40.717284,-73.998913,446,
Q..N41R,40.717320,-73.998974,447,
Q..N41R,40.717357,-73.999033,448,
Q..N41R,40.717394,-73.999092,449,
Q..N41R,40.717433,-73.999149,450,
Q..N41R,40.718383,-74.000460,451,
Q..N41R,40.719004,-74.001326,452,
Q..N41R,40.719055,-74.001393,453,
Q..N41R,40.719108,-74.001452,454,
Q..N41R,40.719162,-74.001502,455,
Q..N41R,40.719218,-74.001544,456,
Q..N41R,40.719275,-74.001577,457,
Q..N41R,40.719334,-74.001601,458,
Q..N41R,40.719394,-74.001616,459,
Q..N41R,40.719456,-74.001623,460,
Q..N41R,40.719519,-74.001622,461,
Q..N41R,40.719584,-74.001611,462,
Q..N41R,40.719650,-74.001592,463,
Q..N41R,40.719718,-74.001564,464,
Q..N41R,40.719787,-74.001528,465,
Q..N41R,40.719858,-74.001483,466,
Q..N41R,40.719930,-74.001429,467,
Q..N41R,40.724329,-73.997702,468,
Q..N41R,40.730328,-73.992629,469,
Q..N41R,40.731445,-73.991683,470,
Q..N41R,40.731485,-73.991649,471,
Q..N41R,40.731526,-73.991617,472,
Q..N41R,40.731567,-73.991586,473,
Q..N41R,40.731609,-73.991558,474,
Q..N41R,40.731651,-73.991531,475,
Q..N41R,40.731693,-73.991505,476,
Q..N41R,40.731736,-73.991482,477,
Q..N41R,40.731779,-73.991460,478,
Q..N41R,40.731822,-73.991440,479,
Q..N41R,40.731866,-73.991422,480,
Q..N41R,40.731910,-73.991406,481,
Q..N41R,40.731954,-73.991391,482,
Q..N41R,40.731999,-73.991378,483,
Q..N41R,40.732044,-73.991367,484,
Q..N41R,40.732090,-73.991358,485,
Q..N41R,40.735736,-73.990568,486,
Q..N41R,40.737433,-73.990206,487,
Q..N41R,40.737476,-73.990195,488,
Q..N41R,40.737519,-73.990186,489,
Q..N41R,40.737563,-73.990176,490,
Q..N41R,40.737608,-73.990166,491,
Q..N41R,40.737653,-73.990155,492,
Q..N41R,40.737698,-73.990144,493,
Q..N41R,40.737745,-73.990134,494,
Q..N41R,40.737792,-73.990122,495,
Q..N41R,40.737839,-73.990111,496,
Q..N41R,40.737887,-73.990099,497,
Q..N41R,40.737936,-73.990088,498,
Q..N41R,40.737985,-73.990076,499,
Q..N41R,40.738035,-73.990063,500,
Q..N41R,40.738085,-73.990051,501,
Q..N41R,40.738136,-73.990037,502,
Q..N41R,40.739792,-73.989604,503,
Q..N41R,40.739844,-73.989590,504,
Q..N41R,40.739894,-73.989578,505,
Q..N41R,40.739945,-73.989566,506,
Q..N41R,40.739995,-73.989554,507,
Q..N41R,40.740045,-73.989543,508,
Q..N41R,40.740095,-73.989532,509,
Q..N41R,40.740145,-73.989522,510,
Q..N41R,40.740195,-73.989512,511,
Q..N41R,40.740244,-73.989503,512,
Q..N41R,40.740294,-73.989494,513,
Q..N41R,40.740343,-73.989485,514,
Q..N41R,40.740392,-73.989477,515,
Q..N41R,40.740441,-73.989469,516,
Q..N41R,40.740489,-73.989462,517,
Q..N41R,40.740538,-73.989455,518,
Q..N41R,40.741303,-73.989344,519,
Q..N41R,40.742643,-73.989192,520,
Q..N41R,40.742700,-73.989186,521,
Q..N41R,40.742757,-73.989180,522,
Q..N41R,40.742812,-73.989173,523,
Q..N41R,40.742867,-73.989166,524,
Q..N41R,40.742920,-73.989160,525,
Q..N41R,40.742973,-73.989153,526,
Q..N41R,40.743025,-73.989146,527,
Q..N41R,40.743075,-73.989138,528,
Q..N41R,40.743125,-73.989131,529,
Q..N41R,40.743173,-73.989123,530,
Q..N41R,40.743221,-73.989116,531,
Q..N41R,40.743268,-73.989108,532,
Q..N41R,40.743314,-73.989100,533,
Q..N41R,40.743358,-73.989091,534,
Q..N41R,40.743402,-73.989083,535,
Q..N41R,40.745494,-73.988691,536,
Q..N41R,40.749567,-73.987950,537,
Q..N41R,40.751815,-73.987570,538,
Q..N41R,40.751893,-73.987556,539,
Q..N41R,40.751971,-73.987541,540,
Q..N41R,40.752049,-73.987526,541,
Q..N41R,40.752127,-73.987510,542,
Q..N41R,40.752204,-73.987493,543,
Q..N41R,40.752282,-73.987475,544,
Q..N41R,40.752360,-73.987457,545,
Q..N41R,40.752438,-73.987437,546,
Q..N41R,40.752516,-73.987417,547,
Q..N41R,40.752593,-73.987396,548,
Q..N41R,40.752671,-73.987375,549,
Q..N41R,40.752749,-73.987353,550,
Q..N41R,40.752827,-73.987329,551,
Q..N41R,40.752904,-73.987306,552,
Q..N41R,40.752982,-73.987281,553,
Q..N41R,40.754672,-73.986754,554,
Q..N41R,40.756430,-73.986201,555,
Q..N41R,40.756569,-73.986154,556,
Q..N41R,40.756705,-73.986106,557,
Q..N41R,40.756839,-73.986056,558,
Q..N41R,40.756971,-73.986003,559,
Q..N41R,40.757101,-73.985949,560,
Q..N41R,40.757229,-73.985893,561,
Q..N41R,40.757354,-73.985835,562,
Q..N41R,40.757477,-73.985775,563,
Q..N41R,40.757599,-73.985712,564,
Q..N41R,40.757718,-73.985648,565,
Q..N41R,40.757835,-73.985582,566,
Q..N41R,40.757949,-73.985514,567,
Q..N41R,40.758062,-73.985444,568,
Q..N41R,40.758173,-73.985371,569,
Q..N41R,40.758280,-73.985298,570,
Q..N41R,40.759901,-73.984139,571,
Q..N41R,40.764664,-73.980658,572,