R..N93R,40.616622,-74.030876,0,
R..N93R,40.622687,-74.028398,1,
R..N93R,40.629742,-74.025510,2,
R..N93R,40.634967,-74.023377,3,
R..N93R,40.636436,-74.022774,4,
R..N93R,40.636490,-74.022750,5,
R..N93R,40.636544,-74.022723,6,
R..N93R,40.636597,-74.022696,7,
R..N93R,40.636649,-74.022667,8,
R..N93R,40.636699,-74.022637,9,
R..N93R,40.636748,-74.022606,10,
R..N93R,40.636796,-74.022574,11,
R..N93R,40.636843,-74.022541,12,
R..N93R,40.636889,-74.022507,13,
R..N93R,40.636934,-74.022472,14,
R..N93R,40.636977,-74.022435,15,
R..N93R,40.637019,-74.022398,16,
R..N93R,40.637060,-74.022359,17,
R..N93R,40.637100,-74.022319,18,
R..N93R,40.637140,-74.022278,19,
R..N93R,40.638650,-74.020704,20,
R..N93R,40.641362,-74.017881,21,
R..N93R,40.645069,-74.014034,22,
R..N93R,40.648939,-74.010006,23,
R..N93R,40.653563,-74.005194,24,
R..N93R,40.655144,-74.003549,25,
R..N93R,40.660397,-73.998091,26,
R..N93R,40.665414,-73.992872,27,
R..N93R,40.665448,-73.992838,28,
R..N93R,40.665483,-73.992804,29,
R..N93R,40.665517,-73.992772,30,
R..N93R,40.665552,-73.992739,31,
R..N93R,40.665586,-73.992707,32,
R..N93R,40.665620,-73.992675,33,
R..N93R,40.665655,-73.992644,34,
R..N93R,40.665689,-73.992612,35,
R..N93R,40.665724,-73.992582,36,
R..N93R,40.665758,-73.992551,37,
R..N93R,40.665792,-73.992521,38,
R..N93R,40.665827,-73.992491,39,
R..N93R,40.665861,-73.992462,40,
R..N93R,40.665896,-73.992433,41,
R..N93R,40.665930,-73.992403,42,
R..N93R,40.670847,-73.988302,43,
R..N93R,40.675775,-73.984193,44,
R..N93R,40.675831,-73.984147,45,
R..N93R,40.675887,-73.984102,46,
R..N93R,40.675942,-73.984059,47,
R..N93R,40.675997,-73.984016,48,
R..N93R,40.676050,-73.983975,49,
R..N93R,40.676104,-73.983934,50,
R..N93R,40.676156,-73.983895,51,
R..N93R,40.676208,-73.983857,52,
R..N93R,40.676259,-73.983820,53,
R..N93R,40.676309,-73.983785,54,
R..N93R,40.676359,-73.983750,55,
R..N93R,40.676408,-73.983717,56,
R..N93R,40.676457,-73.983684,57,
R..N93R,40.676505,-73.983653,58,
R..N93R,40.676552,-73.983623,59,
R..N93R,40.677316,-73.983110,60,
R..N93R,40.683666,-73.978810,61,
R..N93R,40.684598,-73.978198,62,
R..N93R,40.684641,-73.978169,63,
R..N93R,40.684683,-73.978143,64,
R..N93R,40.684726,-73.978118,65,
R..N93R,40.684769,-73.978096,66,
R..N93R,40.684811,-73.978075,67,
R..N93R,40.684854,-73.978057,68,
R..N93R,40.684897,-73.978040,69,
R..N93R,40.684939,-73.978026,70,
R..N93R,40.684982,-73.978014,71,
R..N93R,40.685024,-73.978003,72,
R..N93R,40.685067,-73.977995,73,
R..N93R,40.685110,-73.977988,74,
R..N93R,40.685152,-73.977984,75,
R..N93R,40.685195,-73.977981,76,
R..N93R,40.685237,-73.977980,77,
R..N93R,40.687446,-73.978304,78,
R..N93R,40.687496,-73.978312,79,
R..N93R,40.687545,-73.978323,80,
R..N93R,40.687594,-73.978338,81,
R..N93R,40.687640,-73.978357,82,
R..N93R,40.687686,-73.978380,83,
R..N93R,40.687730,-73.978406,84,
R..N93R,40.687773,-73.978436,85,
R..N93R,40.687815,-73.978469,86,
R..N93R,40.687855,-73.978506,87,
R..N93R,40.687894,-73.978547,88,
R..N93R,40.687931,-73.978592,89,
R..N93R,40.687967,-73.978640,90,
R..N93R,40.688002,-73.978691,91,
R..N93R,40.688036,-73.978747,92,
R..N93R,40.688068,-73.978805,93,
R..N93R,40.688730,-73.980474,94,
R..N93R,40.688760,-73.980545,95,
R..N93R,40.688792,-73.980613,96,
R..N93R,40.688827,-73.980678,97,
R..N93R,40.688863,-73.980740,98,
R..N93R,40.688902,-73.980798,99,
R..N93R,40.688943,-73.980853,100,
R..N93R,40.688986,-73.980905,101,
R..N93R,40.689031,-73.980954,102,
R..N93R,40.689078,-73.980999,103,
R..N93R,40.689127,-73.981042,104,
R..N93R,40.689178,-73.981081,105,
R..N93R,40.689232,-73.981117,106,
R..N93R,40.689287,-73.981149,107,
R..N93R,40.689345,-73.981179,108,
R..N93R,40.689405,-73.981205,109,
R..N93R,40.690635,-73.981824,110,
R..N93R,40.691559,-73.982304,111,
R..N93R,40.691624,-73.982337,112,
R..N93R,40.691684,-73.982376,113,
R..N93R,40.691740,-73.982419,114,
R..N93R,40.691792,-73.982467,115,
R..N93R,40.691840,-73.982521,116,
R..N93R,40.691883,-73.982579,117,
R..N93R,40.691922,-73.982642,118,
R..N93R,40.691957,-73.982711,119,
R..N93R,40.691988,-73.982784,120,
R..N93R,40.692014,-73.982862,121,
R..N93R,40.692036,-73.982946,122,
R..N93R,40.692054,-73.983034,123,
R..N93R,40.692068,-73.983127,124,
R..N93R,40.692077,-73.983226,125,
R..N93R,40.692082,-73.983329,126,
R..N93R,40.692180,-73.985942,127,
R..N93R,40.692270,-73.988290,128,
R..N93R,40.692277,-73.988439,129,
R..N93R,40.692290,-73.988583,130,
R..N93R,40.692309,-73.988720,131,
R..N93R,40.692335,-73.988848,132,
R..N93R,40.692367,-73.988970,133,
R..N93R,40.692405,-73.989083,134,
R..N93R,40.692449,-73.989190,135,
R..N93R,40.692500,-73.989288,136,
R..N93R,40.692557,-73.989380,137,
R..N93R,40.692621,-73.989463,138,
R..N93R,40.692690,-73.989540,139,
R..N93R,40.692766,-73.989608,140,
R..N93R,40.692849,-73.989669,141,
R..N93R,40.692937,-73.989723,142,
R..N93R,40.693032,-73.989769,143,
R..N93R,40.693111,-73.989809,144,
R..N93R,40.693186,-73.989854,145,
R..N93R,40.693257,-73.989902,146,
R..N93R,40.693325,-73.989954,147,
R..N93R,40.693389,-73.990010,148,
R..N93R,40.693449,-73.990070,149,
R..N93R,40.693506,-73.990134,150,
R..N93R,40.693559,-73.990202,151,
R..N93R,40.693608,-73.990274,152,
R..N93R,40.693654,-73.990350,153,
R..N93R,40.693696,-73.990430,154,
R..N93R,40.693734,-73.990514,155,
R..N93R,40.693768,-73.990602,156,
R..N93R,40.693799,-73.990693,157,
R..N93R,40.693825,-73.990788,158,
R..N93R,40.694100,-73.991777,159,
R..N93R,40.695626,-73.997331,160,
R..N93R,40.695655,-73.997441,161,
R..N93R,40.695685,-73.997553,162,
R..N93R,40.695716,-73.997667,163,
R..N93R,40.695749,-73.997782,164,
R..N93R,40.695782,-73.997899,165,
R..N93R,40.695816,-73.998018,166,
R..N93R,40.695852,-73.998138,167,
R..N93R,40.695888,-73.998260,168,
R..N93R,40.695926,-73.998384,169,
R..N93R,40.695965,-73.998509,170,
R..N93R,40.696005,-73.998636,171,
R..N93R,40.696046,-73.998764,172,
R..N93R,40.696088,-73.998895,173,
R..N93R,40.696131,-73.999026,174,
R..N93R,40.696176,-73.999159,175,
R..N93R,40.699942,-74.010110,176,
R..N93R,40.700483,-74.011412,177,
R..N93R,40.700546,-74.011544,178,
R..N93R,40.700612,-74.011669,179,
R..N93R,40.700682,-74.011786,180,
R..N93R,40.700755,-74.011896,181,
R..N93R,40.700832,-74.012000,182,
R..N93R,40.700913,-74.012097,183,
R..N93R,40.700997,-74.012187,184,
R..N93R,40.701086,-74.012270,185,
R..N93R,40.701177,-74.012346,186,
R..N93R,40.701273,-74.012415,187,
R..N93R,40.701372,-74.012477,188,
R..N93R,40.701476,-74.012532,189,
R..N93R,40.701582,-74.012581,190,
R..N93R,40.701693,-74.012622,191,
R..N93R,40.701808,-74.012658,192,
R..N93R,40.703087,-74.012994,193,
R..N93R,40.703592,-74.013114,194,
R..N93R,40.703655,-74.013128,195,
R..N93R,40.703722,-74.013142,196,
R..N93R,40.703792,-74.013156,197,
R..N93R,40.703865,-74.013171,198,
R..N93R,40.703942,-74.013185,199,
R..N93R,40.704023,-74.013199,200,
R..N93R,40.704107,-74.013213,201,
R..N93R,40.704194,-74.013227,202,
R..N93R,40.704285,-74.013241,203,
R..N93R,40.704379,-74.013255,204,
R..N93R,40.704477,-74.013269,205,
R..N93R,40.704578,-74.013284,206,
R..N93R,40.704683,-74.013298,207,
R..N93R,40.704791,-74.013312,208,
R..N93R,40.704903,-74.013326,209,
R..N93R,40.704946,-74.013331,210,
R..N93R,40.704989,-74.013338,211,
R..N93R,40.705030,-74.013347,212,
R..N93R,40.705072,-74.013358,213,
R..N93R,40.705114,-74.013371,214,
R..N93R,40.705155,-74.013386,215,
R..N93R,40.705196,-74.013404,216,
R..N93R,40.705236,-74.013423,217,
R..N93R,40.705277,-74.013444,218,
R..N93R,40.705317,-74.013467,219,
R..N93R,40.705357,-74.013493,220,
R..N93R,40.705396,-74.013520,221,
R..N93R,40.705436,-74.013549,222,
R..N93R,40.705475,-74.013581,223,
R..N93R,40.705514,-74.013614,224,
R..N93R,40.705755,-74.013816,225,
R..N93R,40.705820,-74.013870,226,
R..N93R,40.705884,-74.013918,227,
R..N93R,40.705946,-74.013958,228,
R..N93R,40.706007,-74.013992,229,
R..N93R,40.706067,-74.014018,230,
R..N93R,40.706126,-74.014037,231,
R..N93R,40.706184,-74.014050,232,
R..N93R,40.706241,-74.014055,233,
R..N93R,40.706297,-74.014053,234,
R..N93R,40.706352,-74.014044,235,
R..N93R,40.706406,-74.014028,236,
R..N93R,40.706459,-74.014005,237,
R..N93R,40.706511,-74.013975,238,
R..N93R,40.706562,-74.013938,239,
R..N93R,40.706611,-74.013894,240,
R..N93R,40.706959,-74.013569,241,
R..N93R,40.706975,-74.013554,242,
R..N93R,40.706992,-74.013539,243,
R..N93R,40.707008,-74.013523,244,
R..N93R,40.707025,-74.013508,245,
R..N93R,40.707042,-74.013493,246,
R..N93R,40.707059,-74.013478,247,
R..N93R,40.707076,-74.013463,248,
R..N93R,40.707094,-74.013447,249,
R..N93R,40.707111,-74.013432,250,
R..N93R,40.707129,-74.013417,251,
R..N93R,40.707147,-74.013402,252,
R..N93R,40.707165,-74.013387,253,
R..N93R,40.707183,-74.013372,254,
R..N93R,40.707201,-74.013357,255,
R..N93R,40.707220,-74.013342,256,
R..N93R,40.707254,-74.013314,257,
R..N93R,40.707290,-74.013286,258,
R..N93R,40.707326,-74.013258,259,
R..N93R,40.707362,-74.013232,260,
R..N93R,40.707400,-74.013205,261,
R..N93R,40.707438,-74.013179,262,
R..N93R,40.707477,-74.013153,263,
R..N93R,40.710668,-74.011029,264,
R..N93R,40.711537,-74.010465,265,
R..N93R,40.711587,-74.010420,266,
R..N93R,40.711631,-74.010373,267,
R..N93R,40.711669,-74.010323,268,
R..N93R,40.711701,-74.010270,269,
R..N93R,40.711728,-74.010215,270,
R..N93R,40.711748,-74.010157,271,
R..N93R,40.711762,-74.010096,272,
R..N93R,40.711770,-74.010032,273,
R..N93R,40.711773,-74.009965,274,
R..N93R,40.711769,-74.009896,275,
R..N93R,40.711760,-74.009824,276,
R..N93R,40.711744,-74.009749,277,
R..N93R,40.711723,-74.009672,278,
R..N93R,40.711695,-74.009592,279,
R..N93R,40.711662,-74.009509,280,
R..N93R,40.711623,-74.009411,281,
R..N93R,40.711589,-74.009327,282,
R..N93R,40.711561,-74.009245,283,
R..N93R,40.711537,-74.009165,284,
R..N93R,40.711519,-74.009087,285,
R..N93R,40.711507,-74.009011,286,
R..N93R,40.711500,-74.008937,287,
R..N93R,40.711498,-74.008865,288,
R..N93R,40.711501,-74.008794,289,
R..N93R,40.711510,-74.008725,290,
R..N93R,40.711525,-74.008659,291,
R..N93R,40.711544,-74.008594,292,
R..N93R,40.711569,-74.008531,293,
R..N93R,40.711599,-74.008470,294,
R..N93R,40.711635,-74.008410,295,
R..N93R,40.711676,-74.008353,296,
R..N93R,40.712478,-74.007711,297,
R..N93R,40.712488,-74.007703,298,
R..N93R,40.712497,-74.007694,299,
R..N93R,40.712507,-74.007686,300,
R..N93R,40.712516,-74.007677,301,
R..N93R,40.712525,-74.007669,302,
R..N93R,40.712533,-74.007660,303,
R..N93R,40.712542,-74.007651,304,
R..N93R,40.712550,-74.007641,305,
R..N93R,40.712558,-74.007632,306,
R..N93R,40.712566,-74.007623,307,
R..N93R,40.712574,-74.007613,308,
R..N93R,40.712582,-74.007603,309,
R..N93R,40.712589,-74.007593,310,
R..N93R,40.712596,-74.007583,311,
R..N93R,40.712603,-74.007573,312,
R..N93R,40.712610,-74.007563,313,
R..N93R,40.712618,-74.007553,314,
R..N93R,40.712625,-74.007544,315,
R..N93R,40.712633,-74.007535,316,
R..N93R,40.712640,-74.007526,317,
R..N93R,40.712648,-74.007517,318,
R..N93R,40.712656,-74.007508,319,
R..N93R,40.712664,-74.007500,320,
R..N93R,40.712672,-74.007492,321,
R..N93R,40.712680,-74.007484,322,
R..N93R,40.712688,-74.007476,323,
R..N93R,40.712697,-74.007468,324,
R..N93R,40.712705,-74.007461,325,
R..N93R,40.712713,-74.007454,326,
R..N93R,40.712722,-74.007447,327,
R..N93R,40.713282,-74.006978,328,
R..N93R,40.714011,-74.006374,329,
R..N93R,40.714018,-74.006368,330,
R..N93R,40.714025,-74.006363,331,
R..N93R,40.714032,-74.006357,332,
R..N93R,40.714039,-74.006352,333,
R..N93R,40.714046,-74.006347,334,
R..N93R,40.714054,-74.006342,335,
R..N93R,40.714061,-74.006337,336,
R..N93R,40.714069,-74.006333,337,
R..N93R,40.714076,-74.006329,338,
R..N93R,40.714084,-74.006324,339,
R..N93R,40.714092,-74.006321,340,
R..N93R,40.714100,-74.006317,341,
R..N93R,40.714108,-74.006313,342,
R..N93R,40.714116,-74.006310,343,
R..N93R,40.714124,-74.006307,344,
R..N93R,40.714133,-74.006303,345,
R..N93R,40.714141,-74.006299,346,
R..N93R,40.714150,-74.006296,347,
R..N93R,40.714158,-74.006292,348,
R..N93R,40.714166,-74.006288,349,
R..N93R,40.714174,-74.006283,350,
R..N93R,40.714181,-74.006279,351,
R..N93R,40.714189,-74.006275,352,
R..N93R,40.714196,-74.006270,353,
R..N93R,40.714203,-74.006266,354,
R..N93R,40.714210,-74.006261,355,
R..N93R,40.714217,-74.006257,356,
R..N93R,40.714223,-74.006252,357,
R..N93R,40.714230,-74.006247,358,
R..N93R,40.714236,-74.006242,359,
R..N93R,40.719527,-74.001775,360,
R..N93R,40.719930,-74.001429,361,
R..N93R,40.724329,-73.997702,362,
R..N93R,40.730328,-73.992629,363,
R..N93R,40.731445,-73.991683,364,
R..N93R,40.731485,-73.991649,365,
R..N93R,40.731526,-73.991617,366,
R..N93R,40.731567,-73.991586,367,
R..N93R,40.731609,-73.991558,368,
R..N93R,40.731651,-73.991531,369,
R..N93R,40.731693,-73.991505,370,
R..N93R,40.731736,-73.991482,371,
R..N93R,40.731779,-73.991460,372,
R..N93R,40.731822,-73.991440,373,
R..N93R,40.731866,-73.991422,374,
R..N93R,40.731910,-73.991406,375,
R..N93R,40.731954,-73.991391,376,
R..N93R,40.731999,-73.991378,377,
R..N93R,40.732044,-73.991367,378,
R..N93R,40.732090,-73.991358,379,
R..N93R,40.735736,-73.990568,380,
R..N93R,40.737433,-73.990206,381,
R..N93R,40.737476,-73.990195,382,
R..N93R,40.737519,-73.990186,383,
R..N93R,40.737563,-73.990176,384,
R..N93R,40.737608,-73.990166,385,
R..N93R,40.737653,-73.990155,386,
R..N93R,40.737698,-73.990144,387,
R..N93R,40.737745,-73.990134,388,
R..N93R,40.737792,-73.990122,389,
R..N93R,40.737839,-73.990111,390,
R..N93R,40.737887,-73.990099,391,
R..N93R,40.737936,-73.990088,392,
R..N93R,40.737985,-73.990076,393,
R..N93R,40.738035,-73.990063,394,
R..N93R,40.738085,-73.990051,395,
R..N93R,40.738136,-73.990037,396,
R..N93R,40.739792,-73.989604,397,
R..N93R,40.739844,-73.989590,398,
R..N93R,40.739894,-73.989578,399,
R..N93R,40.739945,-73.989566,400,
R..N93R,40.739995,-73.989554,401,
R..N93R,40.740045,-73.989543,402,
R..N93R,40.740095,-73.989532,403,
R..N93R,40.740145,-73.989522,404,
R..N93R,40.740195,-73.989512,405,
R..N93R,40.740244,-73.989503,406,
R..N93R,40.740294,-73.989494,407,
R..N93R,40.740343,-73.989485,408,
R..N93R,40.740392,-73.989477,409,
R..N93R,40.740441,-73.989469,410,
R..N93R,40.740489,-73.989462,411,
R..N93R,40.740538,-73.989455,412,
R..N93R,40.741303,-73.989344,413,
R..N93R,40.742643,-73.989192,414,
R..N93R,40.742700,-73.989186,415,
R..N93R,40.742757,-73.989180,416,
R..N93R,40.742812,-73.989173,417,
R..N93R,40.742867,-73.989166,418,
R..N93R,40.742920,-73.989160,419,
R..N93R,40.742973,-73.989153,420,
R..N93R,40.743025,-73.989146,421,
R..N93R,40.743075,-73.989138,422,
R..N93R,40.743125,-73.989131,423,
R..N93R,40.743173,-73.989123,424,
R..N93R,40.743221,-73.989116,425,
R..N93R,40.743268,-73.989108,426,
R..N93R,40.743314,-73.989100,427,
R..N93R,40.743358,-73.989091,428,
R..N93R,40.743402,-73.989083,429,
R..N93R,40.745494,-73.988691,430,
R..N93R,40.749567,-73.987950,431,
R..N93R,40.751815,-73.987570,432,
R..N93R,40.751893,-73.987556,433,
R..N93R,40.751971,-73.987541,434,
R..N93R,40.752049,-73.987526,435,
R..N93R,40.752127,-73.987510,436,
R..N93R,40.752204,-73.987493,437,
R..N93R,40.752282,-73.987475,438,
R..N93R,40.752360,-73.987457,439,
R..N93R,40.752438,-73.987437,440,
R..N93R,40.752516,-73.987417,441,
R..N93R,40.752593,-73.987396,442,
R..N93R,40.752671,-73.987375,443,
R..N93R,40.752749,-73.987353,444,
R..N93R,40.752827,-73.987329,445,
R..N93R,40.752904,-73.987306,446,
R..N93R,40.752982,-73.987281,447,
R..N93R,40.754672,-73.986754,448,
R..N93R,40.756430,-73.986201,449,
R..N93R,40.756569,-73.986154,450,
R..N93R,40.756705,-73.986106,451,
R..N93R,40.756839,-73.986056,452,
R..N93R,40.756971,-73.986003,453,
R..N93R,40.757101,-73.985949,454,
R..N93R,40.757229,-73.985893,455,
R..N93R,40.757354,-73.985835,456,
R..N93R,40.757477,-73.985775,457,
R..N93R,40.757599,-73.985712,458,
R..N93R,40.757718,-73.985648,459,
R..N93R,40.757835,-73.985582,460,
R..N93R,40.757949,-73.985514,461,
R..N93R,40.758062,-73.985444,462,
R..N93R,40.758173,-73.985371,463,
R..N93R,40.758280,-73.985298,464,
R..N93R,40.759901,-73.984139,465,
R..N93R,40.764664,-73.980658,466,
R..N93R,40.766254,-73.979499,467,
R..N93R,40.766329,-73.979438,468,
R..N93R,40.766396,-73.979375,469,
R..N93R,40.766455,-73.979308,470,
R..N93R,40.766507,-73.979239,471,
R..N93R,40.766550,-73.979166,472,
R..N93R,40.766585,-73.979091,473,
R..N93R,40.766612,-73.979012,474,
R..N93R,40.766632,-73.978931,475,
R..N93R,40.766643,-73.978846,476,
R..N93R,40.766646,-73.978759,477,
R..N93R,40.766641,-73.978668,478,
R..N93R,40.766628,-73.978575,479,
R..N93R,40.766606,-73.978478,480,
R..N93R,40.766577,-73.978379,481,
R..N93R,40.766540,-73.978276,482,
R..N93R,40.764825,-73.974217,483,
R..N93R,40.764816,-73.974193,484,
R..N93R,40.764808,-73.974170,485,
R..N93R,40.764800,-73.974146,486,
R..N93R,40.764793,-73.974121,487,
R..N93R,40.764787,-73.974097,488,
R..N93R,40.764782,-73.974073,489,
R..N93R,40.764777,-73.974048,490,
R..N93R,40.764773,-73.974024,491,
R..N93R,40.764770,-73.973999,492,
R..N93R,40.764768,-73.973974,493,
R..N93R,40.764766,-73.973949,494,
R..N93R,40.764765,-73.973924,495,
R..N93R,40.764765,-73.973898,496,
R..N93R,40.764766,-73.973873,497,
R..N93R,40.764767,-73.973847,498,
R..N93R,40.764811,-73.973347,499,
R..N93R,40.764873,-73.972718,500,
R..N93R,40.764873,-73.972694,501,
R..N93R,40.764873,-73.972670,502,
R..N93R,40.764872,-73.972647,503,
R..N93R,40.764870,-73.972623,504,
R..N93R,40.764867,-73.972599,505,
R..N93R,40.764864,-73.972575,506,
R..N93R,40.764859,-73.972550,507,
R..N93R,40.764854,-73.972526,508,
R..N93R,40.764849,-73.972501,509,
R..N93R,40.764842,-73.972476,510,
R..N93R,40.764835,-73.972450,511,
R..N93R,40.764827,-73.972425,512,
R..N93R,40.764819,-73.972399,513,
R..N93R,40.764809,-73.972373,514,
R..N93R,40.764799,-73.972347,515,
R..N93R,40.762660,-73.967258,516,
R..N93R,40.759230,-73.959131,517,
R..N93R,40.753765,-73.946938,518,
R..N93R,40.752553,-73.944152,519,
R..N93R,40.752397,-73.943838,520,
R..N93R,40.752329,-73.943736,521,
R..N93R,40.752258,-73.943643,522,
R..N93R,40.752184,-73.943557,523,
R..N93R,40.752107,-73.943480,524,
R..N93R,40.752028,-73.943410,525,
R..N93R,40.751945,-73.943348,526,
R..N93R,40.751860,-73.943294,527,
R..N93R,40.751772,-73.943248,528,
R..N93R,40.751680,-73.943209,529,
R..N93R,40.751586,-73.943179,530,
R..N93R,40.751489,-73.943156,531,
R..N93R,40.751389,-73.943142,532,
R..N93R,40.751287,-73.943135,533,
R..N93R,40.751179,-73.943135,534,
R..N93R,40.750367,-73.943169,535,
R..N93R,40.750311,-73.943172,536,
R..N93R,40.750255,-73.943174,537,
R..N93R,40.750200,-73.943172,538,
R..N93R,40.750146,-73.943167,539,
R..N93R,40.750092,-73.943158,540,
R..N93R,40.750039,-73.943146,541,
R..N93R,40.749987,-73.943132,542,
R..N93R,40.749935,-73.943114,543,
R..N93R,40.749884,-73.943092,544,
R..N93R,40.749834,-73.943068,545,
R..N93R,40.749785,-73.943040,546,
R..N93R,40.749736,-73.943009,547,
R..N93R,40.749688,-73.942975,548,
R..N93R,40.749641,-73.942938,549,
R..N93R,40.749595,-73.942897,550,
R..N93R,40.748566,-73.941909,551,
R..N93R,40.748457,-73.941796,552,
R..N93R,40.748360,-73.941681,553,
R..N93R,40.748273,-73.941561,554,
R..N93R,40.748197,-73.941437,555,
R..N93R,40.748132,-73.941309,556,
R..N93R,40.748077,-73.941176,557,
R..N93R,40.748033,-73.941038,558,
R..N93R,40.748000,-73.940897,559,
R..N93R,40.747977,-73.940750,560,
R..N93R,40.747964,-73.940600,561,
R..N93R,40.747963,-73.940445,562,
R..N93R,40.747972,-73.940285,563,
R..N93R,40.747991,-73.940121,564,
R..N93R,40.748021,-73.939953,565,
R..N93R,40.748061,-73.939780,566,
R..N93R,40.748973,-73.937243,567,
R..N93R,40.748999,-73.937170,568,
R..N93R,40.749025,-73.937099,569,
R..N93R,40.749054,-73.937030,570,
R..N93R,40.749083,-73.936963,571,
R..N93R,40.749114,-73.936897,572,
R..N93R,40.749146,-73.936834,573,
R..N93R,40.749180,-73.936772,574,
R..N93R,40.749215,-73.936712,575,
R..N93R,40.749251,-73.936655,576,
R..N93R,40.749288,-73.936599,577,
R..N93R,40.749327,-73.936544,578,
R..N93R,40.749367,-73.936492,579,
R..N93R,40.749408,-73.936442,580,
R..N93R,40.749451,-73.936394,581,
R..N93R,40.749495,-73.936347,582,
R..N93R,40.750660,-73.935094,583,
R..N93R,40.750826,-73.934913,584,
R..N93R,40.750981,-73.934726,585,
R..N93R,40.751125,-73.934532,586,
R..N93R,40.751258,-73.934331,587,
R..N93R,40.751380,-73.934122,588,
R..N93R,40.751491,-73.933905,589,
R..N93R,40.751591,-73.933682,590,
R..N93R,40.751680,-73.933451,591,
R..N93R,40.751758,-73.933212,592,
R..N93R,40.751824,-73.932966,593,
R..N93R,40.751880,-73.932713,594,
R..N93R,40.751924,-73.932452,595,
R..N93R,40.751957,-73.932184,596,
R..N93R,40.751979,-73.931908,597,
R..N93R,40.751990,-73.931627,598,
R..N93R,40.752039,-73.928781,599,
R..N93R,40.752074,-73.926563,600,
R..N93R,40.752078,-73.926450,601,
R..N93R,40.752083,-73.926339,602,
R..N93R,40.752090,-73.926229,603,
R..N93R,40.752098,-73.926120,604,
R..N93R,40.752108,-73.926011,605,
R..N93R,40.752119,-73.925903,606,
R..N93R,40.752132,-73.925796,607,
R..N93R,40.752146,-73.925690,608,
R..N93R,40.752162,-73.925585,609,
R..N93R,40.752179,-73.925480,610,
R..N93R,40.752197,-73.925376,611,
R..N93R,40.752217,-73.925273,612,
R..N93R,40.752239,-73.925171,613,
R..N93R,40.752262,-73.925070,614,
R..N93R,40.752285,-73.924968,615,
R..N93R,40.752311,-73.924861,616,
R..N93R,40.752340,-73.924757,617,
R..N93R,40.752373,-73.924657,618,
R..N93R,40.752411,-73.924560,619,
R..N93R,40.752452,-73.924467,620,
R..N93R,40.752497,-73.924377,621,
R..N93R,40.752545,-73.924291,622,
R..N93R,40.752598,-73.924208,623,
R..N93R,40.752654,-73.924129,624,
R..N93R,40.752714,-73.924054,625,
R..N93R,40.752778,-73.923982,626,
R..N93R,40.752846,-73.923913,627,
R..N93R,40.752918,-73.923848,628,
R..N93R,40.752994,-73.923787,629,
R..N93R,40.753072,-73.923728,630,
R..N93R,40.755854,-73.921565,631,
R..N93R,40.755867,-73.921555,632,
R..N93R,40.755879,-73.921546,633,
R..N93R,40.755893,-73.921535,634,
R..N93R,40.755906,-73.921525,635,
R..N93R,40.755920,-73.921515,636,
R..N93R,40.755934,-73.921504,637,
R..N93R,40.755948,-73.921493,638,
R..N93R,40.755962,-73.921481,639,
R..N93R,40.755977,-73.921470,640,
R..N93R,40.755992,-73.921458,641,
R..N93R,40.756007,-73.921446,642,
R..N93R,40.756023,-73.921433,643,
R..N93R,40.756039,-73.921421,644,
R..N93R,40.756055,-73.921408,645,
R..N93R,40.756071,-73.921395,646,
R..N93R,40.756879,-73.920740,647,
R..N93R,40.757972,-73.919850,648,
R..N93R,40.758107,-73.919713,649,
R..N93R,40.758213,-73.919568,650,
R..N93R,40.758303,-73.919417,651,
R..N93R,40.758378,-73.919262,652,
R..N93R,40.758437,-73.919101,653,
R..N93R,40.758481,-73.918936,654,
R..N93R,40.758510,-73.918765,655,
R..N93R,40.758523,-73.918590,656,
R..N93R,40.758520,-73.918409,657,
R..N93R,40.758502,-73.918224,658,
R..N93R,40.758469,-73.918033,659,
R..N93R,40.758420,-73.917838,660,
R..N93R,40.758356,-73.917638,661,
R..N93R,40.758276,-73.917432,662,
R..N93R,40.758182,-73.917222,663,
R..N93R,40.757023,-73.914834,664,
R..N93R,40.757005,-73.914798,665,
R..N93R,40.756987,-73.914762,666,
R..N93R,40.756969,-73.914726,667,
R..N93R,40.756951,-73.914691,668,
R..N93R,40.756933,-73.914655,669,
R..N93R,40.756915,-73.914619,670,
R..N93R,40.756898,-73.914583,671,
R..N93R,40.756880,-73.914547,672,
R..N93R,40.756863,-73.914511,673,
R..N93R,40.756846,-73.914475,674,
R..N93R,40.756829,-73.914439,675,
R..N93R,40.756812,-73.914404,676,
R..N93R,40.756795,-73.914368,677,
R..N93R,40.756779,-73.914332,678,
R..N93R,40.756762,-73.914295,679,
R..N93R,40.756312,-73.913333,680,
R..N93R,40.754245,-73.908935,681,
R..N93R,40.753221,-73.906786,682,
R..N93R,40.752885,-73.906006,683,
R..N93R,40.749669,-73.898453,684,
R..N93R,40.746644,-73.891338,685,
R..N93R,40.744006,-73.885149,686,
R..N93R,40.743987,-73.885104,687,
R..N93R,40.743967,-73.885059,688,
R..N93R,40.743948,-73.885015,689,
R..N93R,40.743928,-73.884971,690,
R..N93R,40.743909,-73.884928,691,
R..N93R,40.743890,-73.884885,692,
R..N93R,40.743871,-73.884843,693,
R..N93R,40.743851,-73.884801,694,
R..N93R,40.743832,-73.884760,695,
R..N93R,40.743813,-73.884719,696,
R..N93R,40.743794,-73.884679,697,
R..N93R,40.743775,-73.884639,698,
R..N93R,40.743756,-73.884600,699,
R..N93R,40.743756,-73.884600,700,
R..N93R,40.743737,-73.884561,701,
R..N93R,40.743718,-73.884523,702,
R..N93R,40.742933,-73.882917,703,
R..N93R,40.742897,-73.882846,704,
R..N93R,40.742862,-73.882775,705,
R..N93R,40.742827,-73.882706,706,
R..N93R,40.742792,-73.882639,707,
R..N93R,40.742759,-73.882574,708,
R..N93R,40.742726,-73.882510,709,
R..N93R,40.742693,-73.882448,710,
R..N93R,40.742661,-73.882388,711,
R..N93R,40.742630,-73.882330,712,
R..N93R,40.742599,-73.882273,713,
R..N93R,40.742569,-73.882218,714,
R..N93R,40.742539,-73.882165,715,
R..N93R,40.742510,-73.882114,716,
R..N93R,40.742482,-73.882064,717,
R..N93R,40.742454,-73.882017,718,
R..N93R,40.742415,-73.881945,719,
R..N93R,40.742376,-73.881874,720,
R..N93R,40.742337,-73.881803,721,
R..N93R,40.742296,-73.881732,722,
R..N93R,40.742256,-73.881662,723,
R..N93R,40.742215,-73.881592,724,
R..N93R,40.742173,-73.881523,725,
R..N93R,40.742131,-73.881453,726,
R..N93R,40.742088,-73.881384,727,
R..N93R,40.742045,-73.881316,728,
R..N93R,40.742001,-73.881247,729,
R..N93R,40.741957,-73.881179,730,
R..N93R,40.741913,-73.881112,731,
R..N93R,40.741868,-73.881044,732,
R..N93R,40.741822,-73.880977,733,
R..N93R,40.740665,-73.879422,734,
R..N93R,40.740614,-73.879357,735,
R..N93R,40.740561,-73.879295,736,
R..N93R,40.740506,-73.879235,737,
R..N93R,40.740449,-73.879175,738,
R..N93R,40.740389,-73.879117,739,
R..N93R,40.740326,-73.879060,740,
R..N93R,40.740261,-73.879004,741,
R..N93R,40.740194,-73.878950,742,
R..N93R,40.740124,-73.878897,743,
R..N93R,40.740052,-73.878845,744,
R..N93R,40.739977,-73.878794,745,
R..N93R,40.739900,-73.878744,746,
R..N93R,40.739821,-73.878696,747,
R..N93R,40.739739,-73.878649,748,
R..N93R,40.739655,-73.878602,749,
R..N93R,40.737015,-73.877223,750,
R..N93R,40.736710,-73.877055,751,
R..N93R,40.736514,-73.876951,752,
R..N93R,40.736327,-73.876834,753,
R..N93R,40.736148,-73.876705,754,
R..N93R,40.735976,-73.876562,755,
R..N93R,40.735812,-73.876405,756,
R..N93R,40.735655,-73.876236,757,
R..N93R,40.735507,-73.876054,758,
R..N93R,40.735365,-73.875859,759,
R..N93R,40.735232,-73.875650,760,
R..N93R,40.735106,-73.875429,761,
R..N93R,40.734988,-73.875194,762,
R..N93R,40.734877,-73.874947,763,
R..N93R,40.734775,-73.874686,764,
R..N93R,40.734679,-73.874412,765,
R..N93R,40.734593,-73.874126,766,
R..N93R,40.733648,-73.870923,767,
R..N93R,40.733614,-73.870805,768,
R..N93R,40.733579,-73.870688,769,
R..N93R,40.733544,-73.870571,770,
R..N93R,40.733509,-73.870454,771,
R..N93R,40.733473,-73.870339,772,
R..N93R,40.733437,-73.870224,773,
R..N93R,40.733401,-73.870111,774,
R..N93R,40.733365,-73.869998,775,
R..N93R,40.733328,-73.869885,776,
R..N93R,40.733292,-73.869774,777,
R..N93R,40.733255,-73.869663,778,
R..N93R,40.733218,-73.869554,779,
R..N93R,40.733181,-73.869445,780,
R..N93R,40.733144,-73.869336,781,
R..N93R,40.733106,-73.869229,782,
R..N93R,40.733041,-73.869062,783,
R..N93R,40.732975,-73.868898,784,
R..N93R,40.732909,-73.868737,785,
R..N93R,40.732842,-73.868579,786,
R..N93R,40.732774,-73.868425,787,
R..N93R,40.732706,-73.868274,788,
R..N93R,40.732638,-73.868127,789,
R..N93R,40.732568,-73.867984,790,
R..N93R,40.732499,-73.867843,791,
R..N93R,40.732429,-73.867707,792,
R..N93R,40.732358,-73.867573,793,
R..N93R,40.732287,-73.867444,794,
R..N93R,40.732215,-73.867317,795,
R..N93R,40.732143,-73.867194,796,
R..N93R,40.732070,-73.867073,797,
R..N93R,40.731991,-73.866945,798,
R..N93R,40.731914,-73.866812,799,
R..N93R,40.731838,-73.866676,800,
R..N93R,40.731763,-73.866535,801,
R..N93R,40.731688,-73.866390,802,
R..N93R,40.731614,-73.866241,803,
R..N93R,40.731541,-73.866087,804,
R..N93R,40.731469,-73.865930,805,
R..N93R,40.731397,-73.865768,806,
R..N93R,40.731327,-73.865602,807,
R..N93R,40.731257,-73.865431,808,
R..N93R,40.731187,-73.865257,809,
R..N93R,40.731119,-73.865078,810,
R..N93R,40.731051,-73.864895,811,
R..N93R,40.730985,-73.864710,812,
R..N93R,40.729846,-73.861604,813,
R..N93R,40.727216,-73.854378,814,
R..N93R,40.727179,-73.854282,815,
R..N93R,40.727142,-73.854184,816,
R..N93R,40.727103,-73.854085,817,
R..N93R,40.727062,-73.853983,818,
R..N93R,40.727021,-73.853879,819,
R..N93R,40.726977,-73.853773,820,
R..N93R,40.726933,-73.853665,821,
R..N93R,40.726887,-73.853554,822,
R..N93R,40.726839,-73.853442,823,
R..N93R,40.726790,-73.853327,824,
R..N93R,40.726740,-73.853210,825,
R..N93R,40.726688,-73.853091,826,
R..N93R,40.726635,-73.852969,827,
R..N93R,40.726580,-73.852846,828,
R..N93R,40.726523,-73.852719,829,
R..N93R,40.726443,-73.852538,830,
R..N93R,40.726358,-73.852359,831,
R..N93R,40.726271,-73.852185,832,
R..N93R,40.726181,-73.852015,833,
R..N93R,40.726090,-73.851849,834,
R..N93R,40.725995,-73.851688,835,
R..N93R,40.725899,-73.851530,836,
R..N93R,40.725800,-73.851377,837,
R..N93R,40.725699,-73.851228,838,
R..N93R,40.725596,-73.851083,839,
R..N93R,40.725490,-73.850942,840,
R..N93R,40.725382,-73.850805,841,
R..N93R,40.725272,-73.850673,842,
R..N93R,40.725159,-73.850544,843,
R..N93R,40.725045,-73.850418,844,
R..N93R,40.724889,-73.850252,845,
R..N93R,40.724735,-73.850084,846,
R..N93R,40.724584,-73.849912,847,
R..N93R,40.724436,-73.849736,848,
R..N93R,40.724292,-73.849556,849,
R..N93R,40.724151,-73.849372,850,
R..N93R,40.724013,-73.849184,851,
R..N93R,40.723878,-73.848993,852,
R..N93R,40.723747,-73.848797,853,
R..N93R,40.723618,-73.848598,854,
R..N93R,40.723493,-73.848394,855,
R..N93R,40.723371,-73.848187,856,
R..N93R,40.723253,-73.847975,857,
R..N93R,40.723137,-73.847760,858,
R..N93R,40.723026,-73.847541,859,
R..N93R,40.721691,-73.844521,860,