SI.N01R,40.512764,-74.251961,0,
SI.N01R,40.513334,-74.251124,1,
SI.N01R,40.513458,-74.250917,2,
SI.N01R,40.513579,-74.250706,3,
SI.N01R,40.513696,-74.250493,4,
SI.N01R,40.513810,-74.250277,5,
SI.N01R,40.513920,-74.250059,6,
SI.N01R,40.514027,-74.249838,7,
SI.N01R,40.514130,-74.249614,8,
SI.N01R,40.514229,-74.249388,9,
SI.N01R,40.514325,-74.249159,10,
SI.N01R,40.514418,-74.248927,11,
SI.N01R,40.514507,-74.248693,12,
SI.N01R,40.514593,-74.248456,13,
SI.N01R,40.514675,-74.248217,14,
SI.N01R,40.514753,-74.247975,15,
SI.N01R,40.514828,-74.247730,16,
SI.N01R,40.515198,-74.246451,17,
SI.N01R,40.515401,-74.245689,18,
SI.N01R,40.515486,-74.245353,19,
SI.N01R,40.515494,-74.245319,20,
SI.N01R,40.515502,-74.245285,21,
SI.N01R,40.515510,-74.245250,22,
SI.N01R,40.515517,-74.245214,23,
SI.N01R,40.515525,-74.245178,24,
SI.N01R,40.515533,-74.245141,25,
SI.N01R,40.515541,-74.245104,26,
SI.N01R,40.515549,-74.245066,27,
SI.N01R,40.515557,-74.245028,28,
SI.N01R,40.515565,-74.244989,29,
SI.N01R,40.515573,-74.244949,30,
SI.N01R,40.515580,-74.244909,31,
SI.N01R,40.515588,-74.244869,32,
SI.N01R,40.515596,-74.244828,33,
SI.N01R,40.515604,-74.244786,34,
SI.N01R,40.515695,-74.244342,35,
SI.N01R,40.515720,-74.244235,36,
SI.N01R,40.515746,-74.244130,37,
SI.N01R,40.515773,-74.244025,38,
SI.N01R,40.515802,-74.243922,39,
SI.N01R,40.515832,-74.243821,40,
SI.N01R,40.515862,-74.243720,41,
SI.N01R,40.515895,-74.243621,42,
SI.N01R,40.515928,-74.243523,43,
SI.N01R,40.515962,-74.243427,44,
SI.N01R,40.515998,-74.243331,45,
SI.N01R,40.516035,-74.243237,46,
SI.N01R,40.516073,-74.243144,47,
SI.N01R,40.516112,-74.243052,48,
SI.N01R,40.516152,-74.242962,49,
SI.N01R,40.516194,-74.242872,50,
SI.N01R,40.517071,-74.241023,51,
SI.N01R,40.517115,-74.240928,52,
SI.N01R,40.517157,-74.240832,53,
SI.N01R,40.517198,-74.240735,54,
SI.N01R,40.517238,-74.240638,55,
SI.N01R,40.517276,-74.240540,56,
SI.N01R,40.517313,-74.240442,57,
SI.N01R,40.517349,-74.240344,58,
SI.N01R,40.517383,-74.240244,59,
SI.N01R,40.517416,-74.240145,60,
SI.N01R,40.517447,-74.240044,61,
SI.N01R,40.517478,-74.239944,62,
SI.N01R,40.517507,-74.239843,63,
SI.N01R,40.517534,-74.239741,64,
SI.N01R,40.517560,-74.239639,65,
SI.N01R,40.517585,-74.239535,66,
SI.N01R,40.517812,-74.238373,67,
SI.N01R,40.519631,-74.229141,68,
SI.N01R,40.520312,-74.225688,69,
SI.N01R,40.520334,-74.225581,70,
SI.N01R,40.520357,-74.225474,71,
SI.N01R,40.520380,-74.225368,72,
SI.N01R,40.520403,-74.225262,73,
SI.N01R,40.520427,-74.225156,74,
SI.N01R,40.520451,-74.225050,75,
SI.N01R,40.520476,-74.224944,76,
SI.N01R,40.520500,-74.224838,77,
SI.N01R,40.520526,-74.224732,78,
SI.N01R,40.520551,-74.224626,79,
SI.N01R,40.520577,-74.224521,80,
SI.N01R,40.520604,-74.224415,81,
SI.N01R,40.520630,-74.224309,82,
SI.N01R,40.520658,-74.224204,83,
SI.N01R,40.520685,-74.224099,84,
SI.N01R,40.522102,-74.219083,85,
SI.N01R,40.522128,-74.218988,86,
SI.N01R,40.522153,-74.218895,87,
SI.N01R,40.522177,-74.218803,88,
SI.N01R,40.522201,-74.218714,89,
SI.N01R,40.522223,-74.218626,90,
SI.N01R,40.522245,-74.218540,91,
SI.N01R,40.522267,-74.218455,92,
SI.N01R,40.522287,-74.218373,93,
SI.N01R,40.522307,-74.218292,94,
SI.N01R,40.522326,-74.218214,95,
SI.N01R,40.522344,-74.218137,96,
SI.N01R,40.522361,-74.218062,97,
SI.N01R,40.522378,-74.217988,98,
SI.N01R,40.522394,-74.217917,99,
SI.N01R,40.522410,-74.217847,100,
SI.N01R,40.522452,-74.217658,101,
SI.N01R,40.522494,-74.217466,102,
SI.N01R,40.522534,-74.217271,103,
SI.N01R,40.522573,-74.217073,104,
SI.N01R,40.522611,-74.216872,105,
SI.N01R,40.522647,-74.216667,106,
SI.N01R,40.522683,-74.216460,107,
SI.N01R,40.522717,-74.216249,108,
SI.N01R,40.522750,-74.216035,109,
SI.N01R,40.522782,-74.215819,110,
SI.N01R,40.522813,-74.215599,111,
SI.N01R,40.522843,-74.215375,112,
SI.N01R,40.522871,-74.215149,113,
SI.N01R,40.522899,-74.214920,114,
SI.N01R,40.522924,-74.214686,115,
SI.N01R,40.523427,-74.210498,116,
SI.N01R,40.523434,-74.210437,117,
SI.N01R,40.523441,-74.210376,118,
SI.N01R,40.523448,-74.210317,119,
SI.N01R,40.523455,-74.210257,120,
SI.N01R,40.523462,-74.210199,121,
SI.N01R,40.523469,-74.210141,122,
SI.N01R,40.523476,-74.210084,123,
SI.N01R,40.523484,-74.210028,124,
SI.N01R,40.523491,-74.209972,125,
SI.N01R,40.523499,-74.209917,126,
SI.N01R,40.523506,-74.209863,127,
SI.N01R,40.523514,-74.209810,128,
SI.N01R,40.523521,-74.209757,129,
SI.N01R,40.523529,-74.209704,130,
SI.N01R,40.523537,-74.209653,131,
SI.N01R,40.524408,-74.203552,132,
SI.N01R,40.524451,-74.203290,133,
SI.N01R,40.524499,-74.203030,134,
SI.N01R,40.524552,-74.202776,135,
SI.N01R,40.524609,-74.202525,136,
SI.N01R,40.524670,-74.202280,137,
SI.N01R,40.524735,-74.202038,138,
SI.N01R,40.524804,-74.201801,139,
SI.N01R,40.524877,-74.201568,140,
SI.N01R,40.524955,-74.201340,141,
SI.N01R,40.525037,-74.201116,142,
SI.N01R,40.525122,-74.200896,143,
SI.N01R,40.525213,-74.200681,144,
SI.N01R,40.525307,-74.200470,145,
SI.N01R,40.525405,-74.200264,146,
SI.N01R,40.525507,-74.200064,147,
SI.N01R,40.525584,-74.199922,148,
SI.N01R,40.525664,-74.199781,149,
SI.N01R,40.525746,-74.199643,150,
SI.N01R,40.525831,-74.199506,151,
SI.N01R,40.525920,-74.199371,152,
SI.N01R,40.526011,-74.199239,153,
SI.N01R,40.526105,-74.199108,154,
SI.N01R,40.526202,-74.198980,155,
SI.N01R,40.526302,-74.198854,156,
SI.N01R,40.526404,-74.198730,157,
SI.N01R,40.526510,-74.198608,158,
SI.N01R,40.526618,-74.198488,159,
SI.N01R,40.526729,-74.198370,160,
SI.N01R,40.526843,-74.198254,161,
SI.N01R,40.526961,-74.198141,162,
SI.N01R,40.533674,-74.191794,163,
SI.N01R,40.534239,-74.191268,164,
SI.N01R,40.534433,-74.191077,165,
SI.N01R,40.534625,-74.190881,166,
SI.N01R,40.534814,-74.190682,167,
SI.N01R,40.534999,-74.190482,168,
SI.N01R,40.535182,-74.190278,169,
SI.N01R,40.535361,-74.190073,170,
SI.N01R,40.535538,-74.189865,171,
SI.N01R,40.535711,-74.189654,172,
SI.N01R,40.535882,-74.189442,173,
SI.N01R,40.536049,-74.189226,174,
SI.N01R,40.536213,-74.189009,175,
SI.N01R,40.536374,-74.188789,176,
SI.N01R,40.536532,-74.188566,177,
SI.N01R,40.536687,-74.188341,178,
SI.N01R,40.536839,-74.188114,179,
SI.N01R,40.536988,-74.187878,180,
SI.N01R,40.537135,-74.187637,181,
SI.N01R,40.537280,-74.187391,182,
SI.N01R,40.537423,-74.187140,183,
SI.N01R,40.537565,-74.186883,184,
SI.N01R,40.537706,-74.186622,185,
SI.N01R,40.537844,-74.186355,186,
SI.N01R,40.537981,-74.186082,187,
SI.N01R,40.538117,-74.185804,188,
SI.N01R,40.538251,-74.185521,189,
SI.N01R,40.538383,-74.185233,190,
SI.N01R,40.538514,-74.184940,191,
SI.N01R,40.538643,-74.184641,192,
SI.N01R,40.538770,-74.184336,193,
SI.N01R,40.538895,-74.184028,194,
SI.N01R,40.538963,-74.183852,195,
SI.N01R,40.539030,-74.183678,196,
SI.N01R,40.539094,-74.183508,197,
SI.N01R,40.539155,-74.183340,198,
SI.N01R,40.539215,-74.183174,199,
SI.N01R,40.539272,-74.183012,200,
SI.N01R,40.539327,-74.182852,201,
SI.N01R,40.539380,-74.182695,202,
SI.N01R,40.539431,-74.182540,203,
SI.N01R,40.539479,-74.182389,204,
SI.N01R,40.539525,-74.182240,205,
SI.N01R,40.539569,-74.182093,206,
SI.N01R,40.539611,-74.181950,207,
SI.N01R,40.539651,-74.181809,208,
SI.N01R,40.539687,-74.181672,209,
SI.N01R,40.539711,-74.181583,210,
SI.N01R,40.539738,-74.181486,211,
SI.N01R,40.539766,-74.181379,212,
SI.N01R,40.539795,-74.181264,213,
SI.N01R,40.539826,-74.181140,214,
SI.N01R,40.539859,-74.181007,215,
SI.N01R,40.539892,-74.180865,216,
SI.N01R,40.539928,-74.180715,217,
SI.N01R,40.539965,-74.180555,218,
SI.N01R,40.540003,-74.180387,219,
SI.N01R,40.540043,-74.180209,220,
SI.N01R,40.540084,-74.180023,221,
SI.N01R,40.540127,-74.179828,222,
SI.N01R,40.540171,-74.179625,223,
SI.N01R,40.540217,-74.179413,224,
SI.N01R,40.540460,-74.178217,225,
SI.N01R,40.541685,-74.171897,226,
SI.N01R,40.541762,-74.171539,227,
SI.N01R,40.541846,-74.171177,228,
SI.N01R,40.541940,-74.170812,229,
SI.N01R,40.542043,-74.170442,230,
SI.N01R,40.542155,-74.170070,231,
SI.N01R,40.542276,-74.169693,232,
SI.N01R,40.542407,-74.169313,233,
SI.N01R,40.542547,-74.168929,234,
SI.N01R,40.542697,-74.168541,235,
SI.N01R,40.542855,-74.168149,236,
SI.N01R,40.543023,-74.167754,237,
SI.N01R,40.543200,-74.167355,238,
SI.N01R,40.543387,-74.166952,239,
SI.N01R,40.543583,-74.166546,240,
SI.N01R,40.543787,-74.166135,241,
SI.N01R,40.544601,-74.164570,242,
SI.N01R,40.545924,-74.162046,243,
SI.N01R,40.548100,-74.157749,244,
SI.N01R,40.548317,-74.157326,245,
SI.N01R,40.548524,-74.156917,246,
SI.N01R,40.548724,-74.156522,247,
SI.N01R,40.548916,-74.156143,248,
SI.N01R,40.549100,-74.155779,249,
SI.N01R,40.549276,-74.155429,250,
SI.N01R,40.549444,-74.155095,251,
SI.N01R,40.549604,-74.154775,252,
SI.N01R,40.549756,-74.154471,253,
SI.N01R,40.549901,-74.154181,254,
SI.N01R,40.550037,-74.153906,255,
SI.N01R,40.550165,-74.153646,256,
SI.N01R,40.550286,-74.153402,257,
SI.N01R,40.550398,-74.153172,258,
SI.N01R,40.550502,-74.152956,259,
SI.N01R,40.551231,-74.151399,260,
SI.N01R,40.551688,-74.150411,261,
SI.N01R,40.551760,-74.150248,262,
SI.N01R,40.551830,-74.150082,263,
SI.N01R,40.551897,-74.149913,264,
SI.N01R,40.551959,-74.149742,265,
SI.N01R,40.552019,-74.149568,266,
SI.N01R,40.552074,-74.149392,267,
SI.N01R,40.552126,-74.149214,268,
SI.N01R,40.552175,-74.149033,269,
SI.N01R,40.552220,-74.148850,270,
SI.N01R,40.552261,-74.148665,271,
SI.N01R,40.552299,-74.148477,272,
SI.N01R,40.552333,-74.148287,273,
SI.N01R,40.552364,-74.148094,274,
SI.N01R,40.552391,-74.147899,275,
SI.N01R,40.552415,-74.147702,276,
SI.N01R,40.552643,-74.145709,277,
SI.N01R,40.552663,-74.145547,278,
SI.N01R,40.552686,-74.145386,279,
SI.N01R,40.552710,-74.145226,280,
SI.N01R,40.552735,-74.145068,281,
SI.N01R,40.552762,-74.144912,282,
SI.N01R,40.552791,-74.144757,283,
SI.N01R,40.552821,-74.144603,284,
SI.N01R,40.552853,-74.144451,285,
SI.N01R,40.552886,-74.144301,286,
SI.N01R,40.552921,-74.144152,287,
SI.N01R,40.552957,-74.144004,288,
SI.N01R,40.552995,-74.143858,289,
SI.N01R,40.553035,-74.143714,290,
SI.N01R,40.553076,-74.143571,291,
SI.N01R,40.553118,-74.143429,292,
SI.N01R,40.553166,-74.143281,293,
SI.N01R,40.553215,-74.143133,294,
SI.N01R,40.553266,-74.142986,295,
SI.N01R,40.553318,-74.142838,296,
SI.N01R,40.553372,-74.142690,297,
SI.N01R,40.553427,-74.142542,298,
SI.N01R,40.553484,-74.142394,299,
SI.N01R,40.553542,-74.142246,300,
SI.N01R,40.553602,-74.142098,301,
SI.N01R,40.553663,-74.141950,302,
SI.N01R,40.553726,-74.141802,303,
SI.N01R,40.553790,-74.141654,304,
SI.N01R,40.553855,-74.141506,305,
SI.N01R,40.553922,-74.141358,306,
SI.N01R,40.553992,-74.141210,307,
SI.N01R,40.554617,-74.139893,308,
SI.N01R,40.554697,-74.139724,309,
SI.N01R,40.554779,-74.139559,310,
SI.N01R,40.554862,-74.139396,311,
SI.N01R,40.554945,-74.139235,312,
SI.N01R,40.555028,-74.139078,313,
SI.N01R,40.555112,-74.138922,314,
SI.N01R,40.555196,-74.138769,315,
SI.N01R,40.555280,-74.138619,316,
SI.N01R,40.555365,-74.138471,317,
SI.N01R,40.555451,-74.138326,318,
SI.N01R,40.555537,-74.138184,319,
SI.N01R,40.555623,-74.138043,320,
SI.N01R,40.555710,-74.137906,321,
SI.N01R,40.555797,-74.137771,322,
SI.N01R,40.555885,-74.137638,323,
SI.N01R,40.556400,-74.136907,324,
SI.N01R,40.556858,-74.136290,325,
SI.N01R,40.556939,-74.136186,326,
SI.N01R,40.557019,-74.136084,327,
SI.N01R,40.557098,-74.135985,328,
SI.N01R,40.557175,-74.135887,329,
SI.N01R,40.557251,-74.135792,330,
SI.N01R,40.557325,-74.135699,331,
SI.N01R,40.557398,-74.135608,332,
SI.N01R,40.557470,-74.135519,333,
SI.N01R,40.557540,-74.135432,334,
SI.N01R,40.557608,-74.135348,335,
SI.N01R,40.557676,-74.135265,336,
SI.N01R,40.557742,-74.135185,337,
SI.N01R,40.557806,-74.135107,338,
SI.N01R,40.557869,-74.135031,339,
SI.N01R,40.557931,-74.134957,340,
SI.N01R,40.565110,-74.126320,341,
SI.N01R,40.565536,-74.125816,342,
SI.N01R,40.565594,-74.125750,343,
SI.N01R,40.565652,-74.125684,344,
SI.N01R,40.565711,-74.125619,345,
SI.N01R,40.565769,-74.125555,346,
SI.N01R,40.565827,-74.125491,347,
SI.N01R,40.565885,-74.125428,348,
SI.N01R,40.565944,-74.125365,349,
SI.N01R,40.566002,-74.125303,350,
SI.N01R,40.566061,-74.125241,351,
SI.N01R,40.566119,-74.125180,352,
SI.N01R,40.566178,-74.125120,353,
SI.N01R,40.566236,-74.125060,354,
SI.N01R,40.566295,-74.125000,355,
SI.N01R,40.566353,-74.124941,356,
SI.N01R,40.566412,-74.124882,357,
SI.N01R,40.570115,-74.121358,358,
SI.N01R,40.570294,-74.121180,359,
SI.N01R,40.570470,-74.121003,360,
SI.N01R,40.570642,-74.120825,361,
SI.N01R,40.570810,-74.120646,362,
SI.N01R,40.570975,-74.120468,363,
SI.N01R,40.571137,-74.120289,364,
SI.N01R,40.571294,-74.120110,365,
SI.N01R,40.571449,-74.119930,366,
SI.N01R,40.571599,-74.119751,367,
SI.N01R,40.571747,-74.119571,368,
SI.N01R,40.571890,-74.119390,369,
SI.N01R,40.572030,-74.119210,370,
SI.N01R,40.572167,-74.119029,371,
SI.N01R,40.572300,-74.118848,372,
SI.N01R,40.572428,-74.118668,373,
SI.N01R,40.573480,-74.117210,374,
SI.N01R,40.576732,-74.112691,375,
SI.N01R,40.576760,-74.112651,376,
SI.N01R,40.576788,-74.112611,377,
SI.N01R,40.576815,-74.112572,378,
SI.N01R,40.576843,-74.112534,379,
SI.N01R,40.576870,-74.112496,380,
SI.N01R,40.576896,-74.112459,381,
SI.N01R,40.576923,-74.112423,382,
SI.N01R,40.576949,-74.112387,383,
SI.N01R,40.576975,-74.112352,384,
SI.N01R,40.577001,-74.112318,385,
SI.N01R,40.577026,-74.112285,386,
SI.N01R,40.577051,-74.112252,387,
SI.N01R,40.577076,-74.112219,388,
SI.N01R,40.577101,-74.112188,389,
SI.N01R,40.577125,-74.112157,390,
SI.N01R,40.578505,-74.110335,391,
SI.N01R,40.578965,-74.109704,392,
SI.N01R,40.583591,-74.103338,393,
SI.N01R,40.588849,-74.096090,394,
SI.N01R,40.592478,-74.091101,395,
SI.N01R,40.592688,-74.090820,396,
SI.N01R,40.592901,-74.090549,397,
SI.N01R,40.593119,-74.090285,398,
SI.N01R,40.593341,-74.090029,399,
SI.N01R,40.593568,-74.089780,400,
SI.N01R,40.593799,-74.089538,401,
SI.N01R,40.594035,-74.089303,402,
SI.N01R,40.594276,-74.089075,403,
SI.N01R,40.594521,-74.088855,404,
SI.N01R,40.594771,-74.088642,405,
SI.N01R,40.595025,-74.088436,406,
SI.N01R,40.595284,-74.088237,407,
SI.N01R,40.595547,-74.088045,408,
SI.N01R,40.595815,-74.087861,409,
SI.N01R,40.596087,-74.087682,410,
SI.N01R,40.596612,-74.087368,411,
SI.N01R,40.596716,-74.087312,412,
SI.N01R,40.596818,-74.087257,413,
SI.N01R,40.596919,-74.087204,414,
SI.N01R,40.597020,-74.087151,415,
SI.N01R,40.597121,-74.087101,416,
SI.N01R,40.597221,-74.087051,417,
SI.N01R,40.597320,-74.087003,418,
SI.N01R,40.597419,-74.086957,419,
SI.N01R,40.597518,-74.086912,420,
SI.N01R,40.597616,-74.086869,421,
SI.N01R,40.597713,-74.086827,422,
SI.N01R,40.597810,-74.086786,423,
SI.N01R,40.597907,-74.086747,424,
SI.N01R,40.598003,-74.086709,425,
SI.N01R,40.598098,-74.086673,426,
SI.N01R,40.600437,-74.085801,427,
SI.N01R,40.600583,-74.085736,428,
SI.N01R,40.600729,-74.085671,429,
SI.N01R,40.600874,-74.085602,430,
SI.N01R,40.601018,-74.085530,431,
SI.N01R,40.601161,-74.085456,432,
SI.N01R,40.601302,-74.085379,433,
SI.N01R,40.601443,-74.085298,434,
SI.N01R,40.601583,-74.085215,435,
SI.N01R,40.601721,-74.085129,436,
SI.N01R,40.601859,-74.085040,437,
SI.N01R,40.601995,-74.084948,438,
SI.N01R,40.602130,-74.084853,439,
SI.N01R,40.602265,-74.084755,440,
SI.N01R,40.602398,-74.084654,441,
SI.N01R,40.602529,-74.084551,442,
SI.N01R,40.603117,-74.084087,443,
SI.N01R,40.608230,-74.080023,444,
SI.N01R,40.608338,-74.079939,445,
SI.N01R,40.608447,-74.079855,446,
SI.N01R,40.608555,-74.079773,447,
SI.N01R,40.608662,-74.079693,448,
SI.N01R,40.608770,-74.079614,449,
SI.N01R,40.608877,-74.079537,450,
SI.N01R,40.608985,-74.079462,451,
SI.N01R,40.609091,-74.079388,452,
SI.N01R,40.609198,-74.079316,453,
SI.N01R,40.609305,-74.079246,454,
SI.N01R,40.609411,-74.079178,455,
SI.N01R,40.609517,-74.079111,456,
SI.N01R,40.609623,-74.079045,457,
SI.N01R,40.609729,-74.078982,458,
SI.N01R,40.609835,-74.078919,459,
SI.N01R,40.616007,-74.075264,460,
SI.N01R,40.616172,-74.075160,461,
SI.N01R,40.616334,-74.075051,462,
SI.N01R,40.616490,-74.074937,463,
SI.N01R,40.616642,-74.074818,464,
SI.N01R,40.616788,-74.074694,465,
SI.N01R,40.616929,-74.074566,466,
SI.N01R,40.617066,-74.074433,467,
SI.N01R,40.617197,-74.074296,468,
SI.N01R,40.617323,-74.074153,469,
SI.N01R,40.617445,-74.074006,470,
SI.N01R,40.617561,-74.073855,471,
SI.N01R,40.617672,-74.073698,472,
SI.N01R,40.617779,-74.073537,473,
SI.N01R,40.617880,-74.073371,474,
SI.N01R,40.617977,-74.073200,475,
SI.N01R,40.618224,-74.072724,476,
SI.N01R,40.618268,-74.072642,477,
SI.N01R,40.618312,-74.072561,478,
SI.N01R,40.618358,-74.072484,479,
SI.N01R,40.618404,-74.072408,480,
SI.N01R,40.618452,-74.072335,481,
SI.N01R,40.618502,-74.072263,482,
SI.N01R,40.618552,-74.072195,483,
SI.N01R,40.618604,-74.072128,484,
SI.N01R,40.618657,-74.072064,485,
SI.N01R,40.618712,-74.072002,486,
SI.N01R,40.618767,-74.071942,487,
SI.N01R,40.618824,-74.071884,488,
SI.N01R,40.618883,-74.071829,489,
SI.N01R,40.618942,-74.071776,490,
SI.N01R,40.619004,-74.071724,491,
SI.N01R,40.619065,-74.071675,492,
SI.N01R,40.619125,-74.071628,493,
SI.N01R,40.619185,-74.071583,494,
SI.N01R,40.619243,-74.071541,495,
SI.N01R,40.619301,-74.071501,496,
SI.N01R,40.619358,-74.071464,497,
SI.N01R,40.619413,-74.071429,498,
SI.N01R,40.619468,-74.071396,499,
SI.N01R,40.619523,-74.071365,500,
SI.N01R,40.619576,-74.071337,501,
SI.N01R,40.619628,-74.071311,502,
SI.N01R,40.619680,-74.071288,503,
SI.N01R,40.619730,-74.071266,504,
SI.N01R,40.619780,-74.071248,505,
SI.N01R,40.619828,-74.071232,506,
SI.N01R,40.620036,-74.071172,507,
SI.N01R,40.620246,-74.071140,508,
SI.N01R,40.620457,-74.071136,509,
SI.N01R,40.620670,-74.071160,510,
SI.N01R,40.620885,-74.071212,511,
SI.N01R,40.621101,-74.071292,512,
SI.N01R,40.621319,-74.071402,513,
SI.N01R,40.622046,-74.071805,514,
SI.N01R,40.622095,-74.071835,515,
SI.N01R,40.622144,-74.071866,516,
SI.N01R,40.622193,-74.071899,517,
SI.N01R,40.622244,-74.071933,518,
SI.N01R,40.622295,-74.071968,519,
SI.N01R,40.622346,-74.072005,520,
SI.N01R,40.622399,-74.072043,521,
SI.N01R,40.622452,-74.072083,522,
SI.N01R,40.622505,-74.072124,523,
SI.N01R,40.622559,-74.072166,524,
SI.N01R,40.622614,-74.072210,525,
SI.N01R,40.622669,-74.072255,526,
SI.N01R,40.622725,-74.072301,527,
SI.N01R,40.622782,-74.072349,528,
SI.N01R,40.622839,-74.072398,529,
SI.N01R,40.623372,-74.072856,530,
SI.N01R,40.623393,-74.072874,531,
SI.N01R,40.623415,-74.072893,532,
SI.N01R,40.623436,-74.072911,533,
SI.N01R,40.623458,-74.072929,534,
SI.N01R,40.623480,-74.072947,535,
SI.N01R,40.623502,-74.072965,536,
SI.N01R,40.623525,-74.072983,537,
SI.N01R,40.623547,-74.073001,538,
SI.N01R,40.623570,-74.073019,539,
SI.N01R,40.623593,-74.073037,540,
SI.N01R,40.623616,-74.073054,541,
SI.N01R,40.623640,-74.073072,542,
SI.N01R,40.623663,-74.073090,543,
SI.N01R,40.623687,-74.073107,544,
SI.N01R,40.623711,-74.073125,545,
SI.N01R,40.624241,-74.073516,546,
SI.N01R,40.625771,-74.074613,547,
SI.N01R,40.625840,-74.074656,548,
SI.N01R,40.625912,-74.074699,549,
SI.N01R,40.625986,-74.074739,550,
SI.N01R,40.626063,-74.074777,551,
SI.N01R,40.626142,-74.074813,552,
SI.N01R,40.626224,-74.074846,553,
SI.N01R,40.626308,-74.074878,554,
SI.N01R,40.626395,-74.074907,555,
SI.N01R,40.626484,-74.074935,556,
SI.N01R,40.626575,-74.074960,557,
SI.N01R,40.626669,-74.074983,558,
SI.N01R,40.626766,-74.075004,559,
SI.N01R,40.626865,-74.075022,560,
SI.N01R,40.626966,-74.075039,561,
SI.N01R,40.627070,-74.075052,562,
SI.N01R,40.627915,-74.075162,563,
SI.N01R,40.628990,-74.075282,564,
SI.N01R,40.629090,-74.075291,565,
SI.N01R,40.629189,-74.075300,566,
SI.N01R,40.629286,-74.075308,567,
SI.N01R,40.629382,-74.075315,568,
SI.N01R,40.629476,-74.075321,569,
SI.N01R,40.629569,-74.075326,570,
SI.N01R,40.629660,-74.075330,571,
SI.N01R,40.629750,-74.075333,572,
SI.N01R,40.629838,-74.075335,573,
SI.N01R,40.629924,-74.075336,574,
SI.N01R,40.630010,-74.075336,575,
SI.N01R,40.630093,-74.075335,576,
SI.N01R,40.630175,-74.075333,577,
SI.N01R,40.630256,-74.075329,578,
SI.N01R,40.630334,-74.075325,579,
SI.N01R,40.630432,-74.075320,580,
SI.N01R,40.630529,-74.075312,581,
SI.N01R,40.630626,-74.075300,582,
SI.N01R,40.630722,-74.075286,583,
SI.N01R,40.630819,-74.075269,584,
SI.N01R,40.630915,-74.075249,585,
SI.N01R,40.631010,-74.075226,586,
SI.N01R,40.631106,-74.075200,587,
SI.N01R,40.631201,-74.075171,588,
SI.N01R,40.631296,-74.075139,589,
SI.N01R,40.631390,-74.075105,590,
SI.N01R,40.631484,-74.075067,591,
SI.N01R,40.631578,-74.075027,592,
SI.N01R,40.631672,-74.074984,593,
SI.N01R,40.631765,-74.074938,594,
SI.N01R,40.632261,-74.074671,595,
SI.N01R,40.632380,-74.074606,596,
SI.N01R,40.632501,-74.074547,597,
SI.N01R,40.632623,-74.074494,598,
SI.N01R,40.632746,-74.074448,599,
SI.N01R,40.632870,-74.074408,600,
SI.N01R,40.632994,-74.074375,601,
SI.N01R,40.633120,-74.074348,602,
SI.N01R,40.633246,-74.074328,603,
SI.N01R,40.633373,-74.074314,604,
SI.N01R,40.633502,-74.074306,605,
SI.N01R,40.633631,-74.074305,606,
SI.N01R,40.633760,-74.074310,607,
SI.N01R,40.633891,-74.074322,608,
SI.N01R,40.634023,-74.074340,609,
SI.N01R,40.634155,-74.074363,610,
SI.N01R,40.634811,-74.074485,611,
SI.N01R,40.634843,-74.074492,612,
SI.N01R,40.634876,-74.074498,613,
SI.N01R,40.634909,-74.074504,614,
SI.N01R,40.634943,-74.074511,615,
SI.N01R,40.634978,-74.074517,616,
SI.N01R,40.635013,-74.074524,617,
SI.N01R,40.635050,-74.074530,618,
SI.N01R,40.635087,-74.074536,619,
SI.N01R,40.635124,-74.074542,620,
SI.N01R,40.635162,-74.074549,621,
SI.N01R,40.635201,-74.074555,622,
SI.N01R,40.635241,-74.074561,623,
SI.N01R,40.635281,-74.074567,624,
SI.N01R,40.635322,-74.074573,625,
SI.N01R,40.635364,-74.074579,626,
SI.N01R,40.636516,-74.074756,627,
SI.N01R,40.636543,-74.074760,628,
SI.N01R,40.636571,-74.074764,629,
SI.N01R,40.636598,-74.074768,630,
SI.N01R,40.636626,-74.074773,631,
SI.N01R,40.636655,-74.074777,632,
SI.N01R,40.636683,-74.074782,633,
SI.N01R,40.636712,-74.074787,634,
SI.N01R,40.636740,-74.074793,635,
SI.N01R,40.636770,-74.074798,636,
SI.N01R,40.636799,-74.074804,637,
SI.N01R,40.636828,-74.074810,638,
SI.N01R,40.636858,-74.074816,639,
SI.N01R,40.636888,-74.074822,640,
SI.N01R,40.636919,-74.074828,641,
SI.N01R,40.636949,-74.074835,642,
SI.N01R,40.636995,-74.074845,643,
SI.N01R,40.637042,-74.074856,644,
SI.N01R,40.637090,-74.074867,645,
SI.N01R,40.637140,-74.074879,646,
SI.N01R,40.637190,-74.074892,647,
SI.N01R,40.637241,-74.074905,648,
SI.N01R,40.637293,-74.074920,649,
SI.N01R,40.637347,-74.074935,650,
SI.N01R,40.637401,-74.074950,651,
SI.N01R,40.637457,-74.074966,652,
SI.N01R,40.637513,-74.074983,653,
SI.N01R,40.637570,-74.075001,654,
SI.N01R,40.637629,-74.075019,655,
SI.N01R,40.637688,-74.075038,656,
SI.N01R,40.637750,-74.075058,657,
SI.N01R,40.638470,-74.075291,658,
SI.N01R,40.638534,-74.075307,659,
SI.N01R,40.638597,-74.075321,660,
SI.N01R,40.638662,-74.075333,661,
SI.N01R,40.638726,-74.075342,662,
SI.N01R,40.638791,-74.075349,663,
SI.N01R,40.638856,-74.075355,664,
SI.N01R,40.638922,-74.075357,665,
SI.N01R,40.638988,-74.075358,666,
SI.N01R,40.639054,-74.075357,667,
SI.N01R,40.639121,-74.075353,668,
SI.N01R,40.639188,-74.075347,669,
SI.N01R,40.639255,-74.075339,670,
SI.N01R,40.639323,-74.075328,671,
SI.N01R,40.639391,-74.075316,672,
SI.N01R,40.639459,-74.075301,673,
SI.N01R,40.642140,-74.074647,674,
SI.N01R,40.642252,-74.074612,675,
SI.N01R,40.642363,-74.074572,676,
SI.N01R,40.642473,-74.074527,677,
SI.N01R,40.642582,-74.074478,678,
SI.N01R,40.642691,-74.074424,679,
SI.N01R,40.642800,-74.074366,680,
SI.N01R,40.642907,-74.074304,681,
SI.N01R,40.643014,-74.074237,682,
SI.N01R,40.643121,-74.074166,683,
SI.N01R,40.643227,-74.074090,684,
SI.N01R,40.643332,-74.074010,685,
SI.N01R,40.643437,-74.073925,686,
SI.N01R,40.643541,-74.073836,687,
SI.N01R,40.643645,-74.073742,688,
SI.N01R,40.643748,-74.073643,689,