MTA Station ID,Lat,Lon,Accessible,MTA Complex,Direction
1,40.7750395,-73.9118796,0,1,No
1,40.7751715,-73.9120506,0,1,No
1,40.774809,-73.9121618,0,1,No
1,40.7749364,-73.9123436,0,1,No
2,40.7708902,-73.9169201,0,2,No
2,40.7703261,-73.9179757,0,2,No
2,40.7701771,-73.9177534,0,2,No
2,40.7710415,-73.9171548,0,2,No
3,40.766984,-73.9211725,0,3,No
3,40.7670856,-73.9213902,0,3,No
3,40.7666854,-73.921413,0,3,No
3,40.7667848,-73.9216339,0,3,No
4,40.762172,-73.9253815,0,4,No
4,40.761786,-73.9253999,0,4,No
4,40.7618882,-73.925613,0,4,No
5,40.7567799,-73.9297511,0,5,No
5,40.7563975,-73.9297616,0,5,No
5,40.7564894,-73.9299933,0,5,No
6,40.7528751,-73.932927,0,6,No
6,40.7524956,-73.9329236,0,6,No
7,40.7629895,-73.9678426,0,613,No
7,40.7620791,-73.9680556,0,613,No
7,40.7622906,-73.9685702,0,613,No
7,40.762429,-73.9683782,0,613,No
7,40.7628401,-73.9679522,0,613,No
7,40.7626072,-73.9673749,0,613,No
7,40.76286,-73.9675696,0,613,No
7,40.7619868,-73.9661222,0,613,No
7,40.7620843,-73.9663575,0,613,No
7,40.7622885,-73.9659028,0,613,No
7,40.7623809,-73.9661416,0,613,No
8,40.7651327,-73.9745038,0,8,No
8,40.7653656,-73.9724638,0,8,No
8,40.764828,-73.9722052,0,8,No
8,40.764703,-73.972309,0,8,No
8,40.7648893,-73.9746895,0,8,No
8,40.7647548,-73.9724346,0,8,No
8,40.765217,-73.9746863,0,8,No
9,40.7655314,-73.9803035,1,9,No
9,40.7657955,-73.9800179,0,9,No
9,40.7653718,-73.9803292,0,9,No
9,40.7652782,-73.9800286,0,9,No
9,40.7656627,-73.9797503,0,9,No
9,40.7641655,-73.9806535,0,9,No
9,40.7640558,-73.980738,0,9,No
9,40.7642666,-73.9812663,0,9,No
9,40.7643896,-73.9811792,0,9,No
10,40.7606528,-73.9838453,0,10,
10,40.7604704,-73.9839265,0,10,
10,40.7604842,-73.9834537,1,10,All C
10,40.7603039,-73.9835415,0,10,All A trains
10,40.7594679,-73.9848511,0,10,R trains to Manhattan
10,40.7594274,-73.9846939,0,10,R trains to Bay Ridge–95th Street
10,40.7590036,-73.9843751,0,10,R trains to Manhattan
11,40.7550652,-73.9868948,0,611,No
13,40.7453051,-73.9885627,0,13,All A
13,40.7455051,-73.989043,0,13,All A
13,40.7452936,-73.9889416,0,13,All A
13,40.7451315,-73.9885455,0,13,1 trains Uptown & The Bronx
14,40.7413645,-73.9888392,0,14,1 trains Downtown
14,40.74158,-73.9889897,0,14,1 trains Downtown
14,40.7410837,-73.9890809,0,14,1 trains Uptown & The Bronx
14,40.7419115,-73.9894292,0,14,All A
14,40.7412193,-73.9896623,0,14,All A
14,40.7411453,-73.9889621,0,14,All J
14,40.7406518,-73.989211,0,14,All J
14,40.7407975,-73.9896626,0,14,All 2
16,40.7307874,-73.9926612,0,16,All 2
16,40.7307209,-73.9924965,0,16,All 2
16,40.7306605,-73.9927522,0,16,All 2
16,40.7305922,-73.9925883,0,16,All 2
16,40.7304839,-73.9923147,0,16,4
16,40.7305937,-73.9922217,0,16,All 2
16,40.7296722,-73.9930368,0,16,All 4
16,40.7297747,-73.9932527,0,16,All 4
17,40.7242189,-73.9975833,0,17,All 4
17,40.7243693,-73.9979071,0,17,All B
17,40.7241108,-73.9976536,0,17,All B
17,40.7242719,-73.9979764,0,17,All B
18,40.7195003,-74.0022696,0,623,No
18,40.7195909,-74.0019152,0,623,No
18,40.7196716,-74.0020263,0,623,No
18,40.7191043,-74.0017127,0,623,No
18,40.7194577,-74.0016524,0,623,No
18,40.7191482,-74.0017749,0,623,No
18,40.7193941,-74.0021184,0,623,No
20,40.7135424,-74.0066786,0,20,No
20,40.7134282,-74.0067776,0,20,No
20,40.7130805,-74.0070689,0,20,No
21,40.7118569,-74.0119011,1,624,No
21,40.7103664,-74.0096867,1,624,No
21,40.7111273,-74.0106141,0,624,No
21,40.7108977,-74.010764,0,624,No
21,40.7104188,-74.0110863,0,624,No
21,40.7112293,-74.0109068,1,624,No
21,40.7104818,-74.0104892,0,624,No
22,40.7081007,-74.0128519,0,22,R
22,40.7079021,-74.0129871,0,22,R
22,40.7080446,-74.0126898,0,22,R
22,40.7078427,-74.0128184,0,22,All R
22,40.7076097,-74.0129764,0,22,All R
22,40.7074266,-74.0133037,0,22,All 1 trains
22,40.7075522,-74.0132172,0,22,All E
22,40.7076653,-74.0131454,0,22,All E
22,40.7063433,-74.0140146,0,22,6
23,40.704002,-74.0133072,0,635,No
23,40.7041165,-74.0130622,0,635,No
23,40.704149,-74.0133282,0,635,No
24,40.6942479,-73.9926473,0,620,No
24,40.694423,-73.992609,0,620,No
24,40.6945069,-73.9929239,0,620,No
25,40.6920593,-73.9861812,0,636,No
25,40.6922991,-73.9851729,0,636,No
25,40.6923674,-73.9861733,0,636,No
25,40.6920249,-73.9853796,0,636,No
25,40.692255,-73.9860575,0,636,No
25,40.6921242,-73.9860671,0,636,No
25,40.6920211,-73.9851219,1,636,No
25,40.6920214,-73.9851646,1,636,No
26,40.6915744,-73.9820446,0,26,No
26,40.6897285,-73.9811342,0,26,No
26,40.6897802,-73.981644,0,26,No
26,40.6898068,-73.9810615,0,26,No
26,40.6912433,-73.9824002,0,26,No
26,40.6897927,-73.981133,1,26,No
28,40.6771853,-73.9830206,0,28,C trains to Manhattan
28,40.677163,-73.9834197,0,28,C trains to Euclid Avenue
28,40.6770129,-73.9831326,0,28,All A
28,40.6773068,-73.9833262,0,28,1 trains Downtown
29,40.670542,-73.9887722,0,608,No
29,40.6704008,-73.9884804,0,608,No
30,40.6650621,-73.9930265,0,30,All J
30,40.6653015,-73.9927567,0,30,
30,40.6652795,-73.9932421,0,30,1 trains Uptown & The Bronx
31,40.6604907,-73.9982268,0,31,1 trains Downtown
31,40.6603319,-73.9979507,0,31,
32,40.654499,-74.0044896,0,32,No
32,40.6543652,-74.0041117,0,32,No
32,40.654682,-74.0043054,0,32,No
33,40.6492715,-74.0094627,0,33,No
33,40.6493873,-74.0093383,0,33,No
33,40.6494302,-74.0097285,0,33,No
33,40.6495495,-74.0096046,0,33,No
34,40.6456145,-74.013695,0,34,No
34,40.644752,-74.0145904,0,34,No
34,40.6446605,-74.0146894,0,34,No
34,40.644594,-74.0143262,0,34,No
34,40.6445,-74.0144177,0,34,No
35,40.6416174,-74.0178455,0,35,No
35,40.6417149,-74.0177566,1,35,No
35,40.6414509,-74.0175448,0,35,No
35,40.6415419,-74.0174557,0,35,No
35,40.6404768,-74.0185618,0,35,No
35,40.6406879,-74.0188532,0,35,No
36,40.6347667,-74.0233346,0,36,No
36,40.6348302,-74.0235691,0,36,No
36,40.6354903,-74.0233062,0,36,No
37,40.6294544,-74.025509,0,37,No
37,40.6295084,-74.0257477,0,37,No
37,40.63023,-74.025452,0,37,No
38,40.6225702,-74.0283236,0,38,No
38,40.6226402,-74.0285532,0,38,No
38,40.6234883,-74.0282049,0,38,No
39,40.6173783,-74.0303997,0,39,No
39,40.6161992,-74.0312308,0,39,No
39,40.6176002,-74.0306939,0,39,No
39,40.6159146,-74.0308349,0,39,No
39,40.6160399,-74.0313958,0,39,No
40,40.6839111,-73.9788782,0,617,No
40,40.6833704,-73.9765452,1,617,No
40,40.6847313,-73.9776972,1,617,No
40,40.6850268,-73.9774767,1,617,No
40,40.6852543,-73.9775512,0,617,No
40,40.6838223,-73.9784922,1,617,No
40,40.6839449,-73.9784164,0,617,No
41,40.6773333,-73.9722065,0,41,No
41,40.6773615,-73.9727829,0,41,No
42,40.6622802,-73.9622043,0,42,No
42,40.6607996,-73.9621058,1,42,No
43,40.6542628,-73.961906,0,43,No
43,40.6552235,-73.9615256,0,43,No
44,40.6494407,-73.9633501,0,44,No
44,40.6514724,-73.9627446,0,44,No
45,40.6442691,-73.964534,0,45,No
46,40.6413143,-73.9640027,0,46,No
47,40.6350647,-73.9627923,0,47,No
48,40.6299233,-73.9614349,0,48,No
48,40.6301477,-73.9620367,1,48,No
49,40.6251206,-73.9609658,0,49,No
49,40.6253461,-73.9605815,0,49,No
49,40.6253353,-73.9610027,0,49,No
49,40.6251366,-73.9608259,0,49,No
50,40.6178918,-73.9594994,0,50,No
50,40.6181606,-73.9594256,0,50,No
50,40.617902,-73.9594528,0,50,No
51,40.6090689,-73.9578133,0,51,No
51,40.6088312,-73.9577614,1,51,No
51,40.6083113,-73.9573155,0,51,No
52,40.5990027,-73.9558768,0,52,No
53,40.5950426,-73.9550875,0,53,No
54,40.5857732,-73.9543593,0,54,No
54,40.5872979,-73.9541967,1,54,No
55,40.5775763,-73.9621543,0,55,No
55,40.5776267,-73.9619096,0,55,No
55,40.5774215,-73.9618345,0,55,No
55,40.5773705,-73.9620806,0,55,No
55,40.5779339,-73.9605082,0,55,No
55,40.5777113,-73.9604312,0,55,No
55,40.5777618,-73.9602031,0,55,No
56,40.5765077,-73.9694052,0,56,No
56,40.5765265,-73.9695977,0,56,No
56,40.5764612,-73.9676249,0,56,No
56,40.5764465,-73.967896,0,56,No
56,40.5762333,-73.9678747,0,56,No
56,40.5762506,-73.9676016,0,56,No
57,40.5764482,-73.9749256,0,57,No
57,40.5757703,-73.9767776,0,57,No
58,40.5768694,-73.9807802,1,58,No
58,40.5757311,-73.9808949,1,58,No
58,40.5764831,-73.9813275,1,58,No
59,40.6463773,-73.9944691,0,59,No
60,40.6413629,-73.9943838,0,60,No
60,40.6413614,-73.9942093,0,60,No
60,40.6401978,-73.9944063,0,60,No
60,40.6401928,-73.9942318,0,60,No
61,40.6364209,-73.9946814,0,61,No
61,40.6364324,-73.9948559,0,61,No
61,40.6362407,-73.9948786,0,61,No
61,40.6362292,-73.9947041,0,61,No
62,40.6313924,-73.9952539,0,62,No
62,40.6315349,-73.9956437,0,62,No
62,40.6317018,-73.9953031,0,62,No
63,40.6273596,-73.9967538,0,615,No
63,40.6273018,-73.996449,0,615,No
63,40.6271451,-73.9968983,0,615,No
63,40.6255929,-73.9968416,1,615,No
64,40.6202788,-73.9985827,0,64,No
64,40.6203078,-73.9987544,0,64,No
64,40.6187485,-73.9990208,0,64,No
64,40.6188342,-73.9991706,0,64,No
64,40.6188908,-73.9988255,0,64,No
64,40.6191448,-73.9992446,0,64,No
65,40.6140155,-74.0003719,0,65,No
65,40.6140481,-74.0005401,0,65,No
65,40.6128468,-74.0008901,0,65,No
65,40.6128173,-74.0007158,0,65,No
66,40.6077305,-74.0019033,0,66,No
66,40.6076075,-74.0014843,0,66,No
66,40.6078917,-74.0015997,0,66,No
67,40.6045841,-73.9980048,0,67,No
67,40.6044339,-73.9981724,0,67,No
67,40.6046387,-73.9985123,0,67,No
67,40.6047889,-73.9983447,0,67,No
68,40.6020218,-73.9941579,0,68,No
68,40.6021622,-73.9940061,0,68,No
68,40.6021344,-73.993917,1,68,No
68,40.6018767,-73.9935339,0,68,No
68,40.6017363,-73.9936856,0,68,No
69,40.5979565,-73.9874395,0,69,No
69,40.5977528,-73.9871056,0,69,No
69,40.5981056,-73.9872866,0,69,No
69,40.597902,-73.9869527,0,69,No
70,40.5880436,-73.9834805,0,70,No
70,40.5880136,-73.9837281,0,70,No
70,40.5882336,-73.983787,0,70,No
70,40.5882631,-73.9835248,0,70,No
71,40.6355429,-74.0126671,0,71,No
71,40.6345607,-74.0107315,1,71,No
72,40.6306106,-74.0040684,0,72,No
72,40.6321645,-74.0066361,0,72,No
73,40.6242295,-73.9959733,0,615,No
74,40.6200629,-73.9894146,0,74,No
74,40.621302,-73.9914504,0,74,No
75,40.6172794,-73.9848829,0,75,No
75,40.6173295,-73.9848293,0,75,No
76,40.6105867,-73.9816089,0,76,No
76,40.6129978,-73.9820751,0,76,No
77,40.6032069,-73.9802237,0,77,No
77,40.6050936,-73.9805803,0,77,No
78,40.5984906,-73.9793489,0,78,No
78,40.5964566,-73.9789374,0,78,No
79,40.5927682,-73.9783135,0,79,No
80,40.7002491,-73.829341,0,80,No
80,40.7008307,-73.8273886,0,80,No
80,40.7005967,-73.8272402,0,80,No
80,40.7005406,-73.8292454,0,80,No
81,40.6970803,-73.8371635,0,81,No
81,40.6967693,-73.8370296,0,81,No
82,40.6952662,-73.8431417,0,82,No
82,40.69503,-73.8433003,0,82,No
83,40.693444,-73.8525761,0,83,No
83,40.6935712,-73.8526481,0,83,No
83,40.694081,-73.8504775,0,83,No
84,40.6926868,-73.8590947,0,84,No
84,40.6923683,-73.8589562,0,84,No
85,40.6915062,-73.8665731,0,85,No
85,40.6912747,-73.8664184,0,85,No
86,40.6896021,-73.8735536,0,86,No
86,40.689477,-73.8734657,0,86,No
86,40.6901408,-73.8716339,0,86,No
87,40.6834965,-73.8725326,0,87,No
87,40.6836088,-73.8725924,0,87,No
88,40.6817699,-73.8790132,0,88,No
88,40.6816579,-73.8789661,0,88,No
89,40.6796861,-73.88571,0,89,No
89,40.6795717,-73.8856463,0,89,No
90,40.6778079,-73.8915561,0,90,No
90,40.6777871,-73.8916879,0,90,No
91,40.676809,-73.8995,0,91,No
91,40.6767452,-73.8999009,0,91,No
92,40.6783609,-73.9039497,0,621,No
93,40.6824786,-73.9095693,0,93,No
93,40.6823664,-73.9096775,0,93,No
93,40.683339,-73.9113943,0,93,No
93,40.6834591,-73.9112763,0,93,No
94,40.6859565,-73.9156783,0,94,No
94,40.6858414,-73.9157817,0,94,No
94,40.6868172,-73.917497,0,94,No
94,40.6869323,-73.9173936,0,94,No
95,40.6901558,-73.9230591,0,95,No
95,40.6900414,-73.9231664,0,95,No
95,40.6890839,-73.92148,0,95,No
95,40.6891978,-73.9213666,0,95,No
96,40.6929335,-73.9279425,0,96,No
96,40.6929018,-73.928217,0,96,No
96,40.6938768,-73.9295959,0,96,No
96,40.6937686,-73.9297087,0,96,No
97,40.6969055,-73.9354528,0,97,No
97,40.6970187,-73.935567,0,97,No
98,40.7006279,-73.9419875,1,98,No
98,40.7008526,-73.9416924,0,98,No
98,40.7006263,-73.942194,0,98,No
98,40.6998379,-73.9401877,0,98,No
98,40.6997143,-73.940301,0,98,No
99,40.7042879,-73.94832,0,99,No
99,40.7044111,-73.948215,0,99,No
99,40.703479,-73.94656,0,99,No
99,40.7033336,-73.9466094,0,99,No
100,40.7072724,-73.9543514,0,100,No
100,40.7071315,-73.9544012,0,100,No
100,40.7064406,-73.952404,0,100,No
100,40.7065621,-73.9522888,0,100,No
101,40.7082957,-73.9580616,1,101,
101,40.7085767,-73.9578957,1,101,
101,40.7083982,-73.9581181,0,101,All 2
101,40.7082915,-73.9578035,0,101,All 2
101,40.7084392,-73.9577215,0,101,7
101,40.7085458,-73.9580273,0,101,7
101,40.7087949,-73.9587856,0,101,
101,40.7086856,-73.9589255,0,101,
102,40.7188002,-73.9882248,0,625,No
102,40.7189405,-73.987873,0,625,No
102,40.7185661,-73.9876324,0,625,No
102,40.718378,-73.9884414,0,625,No
102,40.7184244,-73.9871789,0,625,No
102,40.7181269,-73.9882747,0,625,No
103,40.7203086,-73.9934091,0,103,No
103,40.7200045,-73.9935448,0,103,No
104,40.7178252,-74.0002671,0,623,No
106,40.7095393,-74.0083301,0,628,No
107,40.7057647,-74.0115413,0,107,No
107,40.7062217,-74.0109186,0,107,No
107,40.7059325,-74.0112333,0,107,No
107,40.7070005,-74.0108912,0,107,No
107,40.7061948,-74.0110917,0,107,No
107,40.7068584,-74.0106961,0,107,No
107,40.7060082,-74.0114905,0,107,No
107,40.7068947,-74.0104468,0,107,No
107,40.7071279,-74.0108158,0,107,No
108,40.7121872,-73.8893203,0,108,No
108,40.7121962,-73.8892419,1,108,No
109,40.7060855,-73.8961668,0,109,No
109,40.7062119,-73.8955976,0,109,No
109,40.7061754,-73.8957433,0,109,No
110,40.7044397,-73.9023873,0,110,No
110,40.7047523,-73.9022281,0,110,No
111,40.7027828,-73.9075033,0,111,No
111,40.7028333,-73.9078813,0,111,No
112,40.6996289,-73.9114911,1,630,No
112,40.6997102,-73.9116044,0,630,No
113,40.698721,-73.9186101,0,113,No
113,40.6989238,-73.918761,0,113,No
114,40.6978839,-73.9265408,0,114,No
114,40.6980474,-73.9263301,0,114,No
116,40.737216,-73.9967167,0,601,No
116,40.7371465,-73.9965541,0,601,No
118,40.7329617,-73.9866312,0,118,
118,40.733111,-73.986523,0,118,
118,40.7331364,-73.9870425,0,118,
118,40.7332854,-73.9869358,0,118,
119,40.7315002,-73.9821415,0,119,
119,40.7312075,-73.9825417,0,119,
119,40.7310905,-73.98263,0,119,
119,40.7314058,-73.9821033,0,119,
119,40.7304416,-73.9806637,0,119,
119,40.730398,-73.9805604,0,119,
119,40.7305962,-73.980492,0,119,
119,40.7305497,-73.9808769,1,119,
119,40.7307006,-73.9807242,1,119,
119,40.7307445,-73.9808143,0,119,All F
120,40.7178003,-73.9575216,0,120,No
120,40.7176956,-73.9576195,0,120,No
120,40.7169159,-73.9563897,0,120,No
120,40.7170216,-73.9562676,0,120,No
120,40.7176835,-73.9577965,0,120,No
120,40.7179054,-73.9575601,1,120,No
122,40.7144255,-73.9445352,0,122,All A
122,40.71446,-73.9441795,0,122,All R trains
122,40.714673,-73.9442841,0,122,
122,40.7146176,-73.9445691,0,122,1 trains Downtown
123,40.7119175,-73.9404267,0,123,All A
123,40.7118371,-73.9408677,0,123,All B
123,40.7120293,-73.9409272,0,123,All B
123,40.7122011,-73.940664,0,123,
124,40.707737,-73.9400951,0,124,No
124,40.7078564,-73.9397441,0,124,No
125,40.7060749,-73.9336314,0,125,No
125,40.7064557,-73.9317798,0,125,No
125,40.7062319,-73.9319636,0,125,No
125,40.7063193,-73.9316884,0,125,No
126,40.7063276,-73.9220544,0,126,No
126,40.7059359,-73.9220136,0,126,No
126,40.7060522,-73.9223353,0,126,No
126,40.7062389,-73.9219062,0,126,No
126,40.7072258,-73.9237078,0,126,No
126,40.7070716,-73.9238646,0,126,No
127,40.7034862,-73.9175978,0,127,No
127,40.7032514,-73.9177146,0,127,No
127,40.7035423,-73.917765,0,127,No
127,40.703358,-73.9179519,0,127,No
127,40.704454,-73.91921,0,127,No
127,40.7044023,-73.9190329,0,127,No
127,40.7043417,-73.919469,0,127,No
127,40.7041684,-73.9192645,0,127,No
128,40.6997961,-73.9113647,0,630,No
128,40.6995267,-73.9107156,0,630,No
129,40.6951838,-73.9030644,0,129,C trains to Manhattan
129,40.6960662,-73.9044667,0,129,C trains to Euclid Avenue
129,40.6960539,-73.9046564,0,129,All B
129,40.6958785,-73.9051472,0,129,6
129,40.6959964,-73.9052705,0,129,6
130,40.6887956,-73.9047236,1,130,No
131,40.6823079,-73.9051494,0,131,No
133,40.6753869,-73.9026046,0,133,No
133,40.6756701,-73.9028614,0,133,No
133,40.6756849,-73.9029989,0,133,No
134,40.6685841,-73.9017704,0,134,No
135,40.6638566,-73.9005223,0,135,No
136,40.6589686,-73.8992819,0,136,No
137,40.6514592,-73.8991924,0,137,No
137,40.6513503,-73.8988541,0,137,No
138,40.6455765,-73.9025251,1,138,No
139,40.6810576,-73.9558731,1,627,No
141,40.6745312,-73.9579314,0,141,No
141,40.6752104,-73.9575979,1,141,No
143,40.8678992,-73.9212351,1,143,No
143,40.8682849,-73.9196137,0,143,No
143,40.8678431,-73.92145,0,143,No
143,40.8675207,-73.9213532,0,143,No
143,40.8676698,-73.9209495,0,143,No
143,40.8680417,-73.9192909,0,143,No
144,40.8653702,-73.928062,0,144,No
144,40.8657922,-73.9273401,0,144,No
144,40.8657499,-73.9270797,0,144,No
144,40.8654535,-73.9270335,0,144,No
144,40.8653496,-73.9269698,0,144,No
144,40.8652695,-73.9274774,0,144,No
144,40.8652015,-73.9272427,0,144,No
145,40.8589004,-73.9339879,0,145,No
145,40.8589031,-73.9327029,0,145,No
146,40.852916,-73.937422,0,146,No
146,40.8506983,-73.9382411,0,146,No
146,40.850788,-73.9384628,0,146,No
146,40.8527521,-73.9366412,0,146,No
146,40.8507575,-73.9381041,0,146,No
146,40.850873,-73.9385232,0,146,No
147,40.8480023,-73.9395631,0,147,No
147,40.8479518,-73.9396816,0,147,No
147,40.8478164,-73.9398038,0,147,No
147,40.8478716,-73.9392917,0,147,No
147,40.8464289,-73.940273,0,147,No
147,40.8464169,-73.9398627,0,147,No
147,40.8479607,-73.9393757,1,147,No
148,40.8407167,-73.9394344,1,605,A and C
,,,,,
149,40.8352025,-73.9401402,0,149,All B
149,40.83529,-73.9396275,0,149,M
149,40.8358217,-73.9400969,0,149,M
150,40.8309311,-73.9411117,0,150,No
150,40.8310366,-73.941141,0,150,No
150,40.8307739,-73.9415861,0,150,No
150,40.830868,-73.941641,0,150,No
150,40.8311269,-73.9415677,0,150,No
150,40.8311497,-73.941456,0,150,No
151,40.823801,-73.9447292,0,151,No
151,40.8239244,-73.9450216,0,151,No
151,40.8240381,-73.9444148,0,151,No
151,40.8242536,-73.9449282,0,151,No
151,40.8256354,-73.9438003,0,151,No
151,40.8255921,-73.9434488,0,151,No
152,40.8183823,-73.9472024,0,152,
152,40.8185054,-73.9475866,0,152,
152,40.8171458,-73.9482318,0,152,M
152,40.8171976,-73.9476887,0,152,M
152,40.8168801,-73.9479522,0,152,M
152,40.816905,-73.9478198,0,152,
153,40.810526,-73.9525819,0,153,No
153,40.8108968,-73.9523164,0,153,No
153,40.811009,-73.9526089,0,153,No
153,40.8106449,-73.9528769,0,153,No
153,40.8119959,-73.9517311,0,153,No
153,40.8118619,-73.9513378,0,153,No
153,40.8107632,-73.9528316,1,153,No
154,40.8046479,-73.9555547,0,154,
154,40.8043186,-73.9556393,0,154,
154,40.8044352,-73.9550449,0,154,
154,40.8041853,-73.9551273,0,154,
155,40.8008696,-73.958411,0,155,No
155,40.8000053,-73.9588691,0,155,No
155,40.7999794,-73.9584,0,155,No
156,40.7962913,-73.9616561,0,156,No
157,40.7926144,-73.9643149,0,157,No
157,40.7922908,-73.9644187,0,157,No
157,40.7916408,-73.9649791,0,157,No
158,40.7861294,-73.9690189,0,158,No
158,40.7854912,-73.9694521,0,158,No
158,40.7867768,-73.9684439,0,158,No
158,40.7852044,-73.9695885,0,158,No
158,40.7852911,-73.9696701,0,158,No
159,40.781984,-73.9720268,0,159,No
159,40.7822557,-73.9717385,0,159,No
159,40.7803544,-73.9731777,0,159,No
159,40.7808745,-73.9728356,0,159,No
160,40.7761973,-73.9762472,0,160,No
160,40.7764556,-73.9759622,0,160,No
160,40.7749358,-73.9771489,0,160,No
162,40.76212,-73.985935,0,162,All F
162,40.7618723,-73.9868282,1,162,All F
162,40.761696,-73.9868263,0,162,2
162,40.7623467,-73.9864782,0,162,2
162,40.7622624,-73.98583,0,162,2
162,40.7624577,-73.9862837,1,162,2
162,40.7629106,-73.9854285,0,162,
162,40.761759,-73.9869645,0,162,
164,40.7524321,-73.9936934,0,164,No
164,40.7519816,-73.9932642,0,164,No
164,40.752222,-73.9938532,0,164,No
164,40.7530118,-73.9931337,0,164,No
164,40.752845,-73.9927381,0,164,No
164,40.7514442,-73.9935534,0,164,No
164,40.7513187,-73.9938895,0,164,No
164,40.7517496,-73.9942684,0,164,No
164,40.7515477,-73.9942838,0,164,No
164,40.7520054,-73.993321,1,164,No
164,40.7521718,-73.9930661,0,164,No
164,40.7529322,-73.9933471,0,164,No
164,40.7530637,-73.9932546,0,164,No
164,40.7527183,-73.9928287,0,164,No
164,40.7527935,-73.9926165,0,164,No
165,40.7451187,-73.9983981,0,165,No
165,40.7452681,-73.9987451,0,165,No
165,40.7452948,-73.9981317,0,165,No
165,40.7455238,-73.9986693,0,165,No
165,40.7465942,-73.9977774,0,165,No
165,40.7464412,-73.9974064,0,165,No
165,40.7461292,-73.9981771,0,165,No
165,40.7458092,-73.9978382,0,165,No
165,40.7465369,-73.9972339,0,165,No
165,40.7465742,-73.9973285,0,165,No
165,40.7467439,-73.9976735,0,165,No
166,40.7399664,-74.0026612,0,618,No
166,40.739952,-74.0027385,1,618,No
166,40.7397435,-74.0028109,0,618,No
166,40.7395566,-74.0023735,0,618,No
166,40.7397798,-74.0022246,0,618,No
166,40.7406117,-74.0021989,0,618,No
166,40.7404191,-74.0017575,0,618,No
166,40.7412401,-74.001726,0,618,No
166,40.7412724,-74.0016142,0,618,No
166,40.7409246,-74.0013643,0,618,No
166,40.7410557,-74.0012862,0,618,No
166,40.7409929,-74.0018296,0,618,No
167,40.73112,-74.001184,0,167,No
167,40.731108,-74.0012149,1,167,No
167,40.7310943,-74.0015876,0,167,No
167,40.733162,-73.9996871,0,167,No
167,40.7329758,-73.9998227,0,167,No
167,40.733101,-74.0002328,0,167,No
168,40.72562,-74.0043546,0,168,No
168,40.7262102,-74.0040311,0,168,No
168,40.7255444,-74.003758,0,168,No
169,40.7219224,-74.0050394,0,169,No
169,40.7206883,-74.0050007,0,169,No
169,40.7198642,-74.0050219,0,169,No
169,40.7216524,-74.0056364,0,169,No
169,40.7207555,-74.0053996,0,169,No
170,40.7145583,-74.00842,0,624,No
170,40.7143102,-74.0086139,0,624,No
170,40.7133365,-74.0090235,0,624,No
170,40.712662,-74.0099071,0,624,No
170,40.7132989,-74.0095439,0,624,No
170,40.7134329,-74.0092937,0,624,No
170,40.713741,-74.0090548,0,624,No
170,40.7139607,-74.0089768,0,624,No
170,40.7141757,-74.0083738,0,624,No
170,40.7147591,-74.0079044,0,624,No
170,40.7150213,-74.0077127,0,624,No
170,40.7148661,-74.008172,0,624,No
170,40.7151097,-74.0079807,0,624,No
170,40.7130574,-74.0090271,0,624,No
171,40.7116922,-74.0102259,0,624,No
171,40.7118185,-74.0101488,0,624,No
171,40.7130997,-74.0091302,1,624,No
172,40.7107296,-74.0090296,1,628,No
172,40.7091147,-74.0067786,0,628,No
172,40.7095136,-74.0065731,0,628,No
172,40.7095849,-74.0066664,1,628,No
172,40.709445,-74.0063601,1,628,No
172,40.7094649,-74.0060537,0,628,No
172,40.7085521,-74.0069216,0,628,No
172,40.7100784,-74.0079605,0,628,No
172,40.7103886,-74.0079124,0,628,No
172,40.7101596,-74.007439,1,628,No
172,40.7102319,-74.007606,0,628,No
172,40.7100745,-74.0076171,0,628,No
172,40.7093423,-74.0083028,0,628,No
172,40.710556,-74.0086023,1,628,No
172,40.7107387,-74.0089692,1,628,No
172,40.7104561,-74.0092666,1,628,No
172,40.7095399,-74.0065798,0,628,No
173,40.6994114,-73.9914115,0,173,No
173,40.699137,-73.988904,0,173,No
173,40.6992425,-73.9882698,0,173,No
174,40.6916994,-73.9874556,0,636,No
174,40.6923294,-73.9871674,0,636,No
174,40.6916121,-73.9871949,0,636,No
174,40.6923403,-73.9874525,1,636,No
174,40.6935861,-73.9870095,0,636,No
174,40.6924554,-73.9871623,0,636,No
174,40.6923811,-73.987485,0,636,No
174,40.6924288,-73.9875284,0,636,No
174,40.6925287,-73.9874807,0,636,No
174,40.6924842,-73.9875271,0,636,No
174,40.693153,-73.9874891,0,636,No
174,40.6932084,-73.9874878,0,636,No
174,40.6932528,-73.9874414,0,636,No
174,40.6931053,-73.9874458,0,636,No
175,40.6890458,-73.9859116,1,175,No
175,40.6884156,-73.9842973,0,175,No
175,40.6887921,-73.9852453,0,175,No
176,40.6860882,-73.9742902,0,176,6 trains to Pelham Bay Park
176,40.6857009,-73.9735219,0,176,6 trains to Manhattan
176,40.6861308,-73.9745145,0,176,6 trains to Manhattan
176,40.68596,-73.9730335,0,176,6 trains to Pelham Bay Park
176,40.6855473,-73.9731374,0,176,6 trains to Manhattan
176,40.6865535,-73.9746056,0,176,6 trains to Manhattan
176,40.6857925,-73.9727573,0,176,6 trains to Pelham Bay Park
176,40.68642,-73.9743508,0,176,6 trains to Pelham Bay Park
176,40.686018,-73.9732866,0,176,
177,40.683666,-73.9670607,0,177,
177,40.683578,-73.966789,0,177,
177,40.6833839,-73.9670097,0,177,
177,40.6833156,-73.9667327,0,177,
177,40.6831781,-73.964675,0,177,
177,40.6828702,-73.9646125,0,177,
178,40.6812713,-73.9555881,0,627,No
179,40.6805239,-73.9497282,0,179,No
179,40.6801994,-73.9494247,0,179,No
179,40.6802616,-73.9496429,0,179,No
179,40.6805309,-73.9494984,0,179,No
179,40.6807399,-73.9532589,0,179,No
179,40.6804449,-73.9532026,0,179,No
180,40.6800258,-73.9402369,0,180,F
180,40.6800687,-73.9404884,0,180,
180,40.6797776,-73.9411226,0,180,
180,40.6796665,-73.9413526,0,180,
181,40.6795182,-73.9298641,1,181,No
181,40.679508,-73.9297112,0,181,No
181,40.6791032,-73.9300465,0,181,No
181,40.6793432,-73.9320008,0,181,No
181,40.6795088,-73.9320032,0,181,No
182,40.6791895,-73.9218686,0,182,No
182,40.6789899,-73.9214798,0,182,No
182,40.6787119,-73.9215552,0,182,No
183,40.6784186,-73.9109795,0,183,No
183,40.678533,-73.9107821,0,183,No
183,40.6785377,-73.9137481,0,183,No
183,40.6783103,-73.9136472,0,183,No
183,40.6781701,-73.9108732,0,183,No
183,40.6780415,-73.9106633,0,183,No
185,40.6745816,-73.8963668,0,185,No
185,40.6744392,-73.8967869,0,185,No
185,40.6742774,-73.8963147,0,185,No
185,40.6742493,-73.8966475,0,185,No
186,40.6725818,-73.8903884,0,186,No
186,40.6728616,-73.8904527,0,186,No
186,40.6728565,-73.8902707,0,186,No
186,40.6724835,-73.8901685,0,186,No
187,40.6743124,-73.8807567,0,187,No
187,40.6742426,-73.8809303,0,187,No
187,40.6739931,-73.8808697,0,187,No
187,40.6739882,-73.8806716,0,187,No
188,40.6755348,-73.8717397,0,188,No
188,40.675496,-73.8720764,0,188,No
188,40.6752867,-73.8721182,0,188,No
188,40.6752898,-73.871794,0,188,No
188,40.67557,-73.8718812,1,188,No
189,40.6767946,-73.8654659,0,189,No
190,40.6792248,-73.8602903,0,190,No
190,40.6793672,-73.8603045,0,190,No
190,40.6795178,-73.8579207,0,190,No
190,40.6793754,-73.8579065,0,190,No
191,40.6798374,-73.8504604,0,191,No
191,40.6799798,-73.8504746,0,191,No
192,40.680741,-73.842593,0,192,No
192,40.680605,-73.8425387,0,192,No
192,40.6801673,-73.8451369,0,192,No
192,40.6803139,-73.8451543,0,192,No
193,40.6814564,-73.8388899,0,193,No
193,40.6813212,-73.8388535,0,193,No
193,40.6839878,-73.8327772,0,193,No
193,40.6841313,-73.832843,0,193,No
193,40.6821328,-73.8368462,0,193,No
193,40.6820184,-73.8367595,0,193,No
193,40.684883,-73.8309608,0,193,No
193,40.6847467,-73.8308769,0,193,No
195,40.6858773,-73.8270588,0,195,No
195,40.6857284,-73.8270266,0,195,No
195,40.6861046,-73.8243109,0,195,No
195,40.6862419,-73.824388,0,195,No
195,40.6862046,-73.8245518,1,195,No
196,40.6724751,-73.8357701,0,196,No
196,40.6719403,-73.8355121,0,196,No
196,40.672078,-73.8354987,1,196,No
196,40.6722887,-73.8355842,1,196,No
197,40.6693435,-73.834715,0,197,No
197,40.6669962,-73.8334633,0,197,No
198,40.6604806,-73.8301113,0,198,No
198,40.6604475,-73.830536,1,198,No
198,40.6601655,-73.8303709,0,198,No
199,40.6080413,-73.8159883,0,199,No
200,40.587836,-73.8140294,0,200,No
200,40.5879281,-73.8137885,0,200,No
200,40.588003,-73.8141403,0,200,No
200,40.5880952,-73.8138995,0,200,No
201,40.5852866,-73.8204646,0,201,No
201,40.5853838,-73.8202133,0,201,No
201,40.5855606,-73.8203359,0,201,No
202,40.5831894,-73.8274024,0,202,No
202,40.5832652,-73.8271447,0,202,No
202,40.5834407,-73.8272326,0,202,No
203,40.5805432,-73.837414,1,203,No
204,40.5911588,-73.7961938,0,204,No
204,40.5911252,-73.7964513,0,204,No
204,40.5907446,-73.7977916,0,204,No
204,40.5909606,-73.7961477,0,204,No
204,40.5909275,-73.7964123,0,204,No
205,40.5922583,-73.7874067,0,205,No
205,40.5923121,-73.7891321,0,205,No
205,40.5923044,-73.7893889,0,205,No
205,40.5925007,-73.7894006,0,205,No
205,40.5925084,-73.7891438,0,205,No
206,40.5928956,-73.7759464,0,206,No
206,40.5929193,-73.7757075,0,206,No
206,40.593095,-73.7759939,0,206,No
206,40.5931231,-73.7757255,0,206,No
207,40.5953438,-73.768121,0,207,No
207,40.5954713,-73.7679181,0,207,No
207,40.5956393,-73.7680596,0,207,No
207,40.595511,-73.7682775,0,207,No
208,40.5996577,-73.7616316,0,208,No
208,40.5996984,-73.7619374,0,208,No
208,40.599567,-73.7617094,0,208,No
209,40.6046772,-73.7541651,1,209,No
209,40.6046461,-73.7541359,0,209,No
210,40.8740167,-73.8775155,0,210,No
210,40.874288,-73.8775142,0,210,No
210,40.8749134,-73.8792385,0,210,No
210,40.875113,-73.8796044,0,210,No
211,40.8741138,-73.8871,0,211,No
211,40.8740556,-73.8864523,0,211,No
211,40.872133,-73.8874625,0,211,No
211,40.8724769,-73.8879162,0,211,No
211,40.872252,-73.8878863,0,211,No
212,40.8681446,-73.8931777,0,212,No
212,40.8676958,-73.892715,0,212,No
212,40.866097,-73.8940072,0,212,No
212,40.8663997,-73.8944947,0,212,No
212,40.8662039,-73.8943512,1,212,No
212,40.866236,-73.8939411,1,212,No
213,40.8616116,-73.8980361,0,213,No
213,40.861421,-73.898106,0,213,No
213,40.8613398,-73.897393,0,213,No
213,40.8611386,-73.897417,0,213,No
213,40.8626595,-73.8966253,0,213,No
213,40.8623028,-73.8968909,0,213,No
214,40.8560931,-73.9004116,0,214,No
214,40.85588,-73.9005102,0,214,No
214,40.8562505,-73.9011198,0,214,No
214,40.8560231,-73.9011488,0,214,No
215,40.8511682,-73.9042647,0,215,No
215,40.8510488,-73.9050921,0,215,No
215,40.8499724,-73.9052244,0,215,No
215,40.8501328,-73.9058311,0,215,No
215,40.8498652,-73.9060813,0,215,No
216,40.8463003,-73.9091341,0,216,No
216,40.8465048,-73.9097391,0,216,No
216,40.8449295,-73.9108682,0,216,No
216,40.8448949,-73.9112373,0,216,No
217,40.8397744,-73.9127845,0,217,No
217,40.8401097,-73.9133374,0,217,No
217,40.8389982,-73.9140334,0,217,No
217,40.8386453,-73.9141837,0,217,No
217,40.838425,-73.9136283,0,217,No
218,40.8345861,-73.9172617,0,218,No
218,40.834783,-73.9178384,0,218,No
218,40.8342519,-73.9175785,0,218,No
218,40.8344381,-73.9181767,0,218,No
218,40.8330754,-73.9194199,0,218,No
218,40.8328824,-73.9188324,0,218,No
219,40.8280184,-73.9255755,0,604,No
220,40.8303242,-73.936685,0,220,No
221,40.7540579,-73.9421771,0,221,No
221,40.7542084,-73.942404,1,221,No
221,40.7541564,-73.9425426,0,221,No
221,40.7542514,-73.9419935,0,221,No
222,40.7590395,-73.9534854,1,222,No
223,40.7648708,-73.9664127,0,223,No
223,40.7641796,-73.9645166,0,223,No
223,40.7640731,-73.9649746,0,223,No
223,40.7641958,-73.9649522,1,223,No
223,40.7638523,-73.9645039,0,223,No
223,40.7647333,-73.9665527,0,223,No
223,40.7649534,-73.9666737,1,223,No
224,40.7634713,-73.9779776,0,224,No
224,40.7633776,-73.9777285,0,224,No
224,40.7642292,-73.9774313,0,224,No
224,40.7638179,-73.9777291,0,224,No
224,40.7640076,-73.9772653,0,224,No
224,40.7638774,-73.9773631,0,224,No
224,40.7646458,-73.9771244,0,224,No
224,40.7645444,-73.976864,0,224,No
225,40.7594546,-73.9810578,0,225,No
225,40.7579772,-73.9815321,0,225,No
225,40.7580259,-73.982098,0,225,No
225,40.7601465,-73.9804859,0,225,No
225,40.7586021,-73.981061,0,225,No
225,40.759065,-73.9813235,0,225,No
225,40.7590038,-73.9808596,0,225,No
225,40.7578755,-73.9816038,0,225,No
225,40.7593671,-73.9806037,0,225,No
225,40.7584789,-73.9811365,0,225,No
225,40.7600316,-73.9801089,0,225,No
225,40.7586638,-73.9816627,0,225,No
225,40.7599281,-73.9807422,0,225,No
225,40.7594506,-73.9811075,1,225,No
225,40.7578115,-73.9817995,0,225,No
226,40.7541732,-73.9829024,0,609,No
226,40.7545762,-73.983852,0,609,No
226,40.7535966,-73.9814754,0,609,No
226,40.7541881,-73.9829385,0,609,No
226,40.7530993,-73.9855778,0,609,No
226,40.7533936,-73.9848382,0,609,No
226,40.7535128,-73.9846857,0,609,No
226,40.7537069,-73.9851774,0,609,No
226,40.7552345,-73.9840482,0,609,No
226,40.7550655,-73.9841713,0,609,No
226,40.7549277,-73.9846857,0,609,No
226,40.7550114,-73.9837749,0,609,No
227,40.7500945,-73.9881469,0,607,No
227,40.7506578,-73.9873459,0,607,No
227,40.7498434,-73.9881884,0,607,No
227,40.7507063,-73.9880448,0,607,No
227,40.748466,-73.9882976,0,607,No
227,40.7485498,-73.9885026,0,607,No
227,40.7499217,-73.987499,0,607,No
227,40.7503006,-73.9870884,0,607,No
227,40.7504162,-73.9869784,0,607,No
227,40.7508896,-73.9880943,0,607,No
227,40.7495949,-73.9875774,0,607,No
227,40.7488855,-73.9886473,0,607,No
227,40.7487265,-73.9887635,0,607,No
227,40.7482991,-73.9880073,0,607,No
227,40.7496248,-73.9881976,1,607,No
228,40.7430576,-73.9929327,0,228,N
228,40.7431354,-73.9931143,0,228,N
228,40.7429901,-73.9932297,0,228,N
228,40.7429128,-73.99304,0,228,All N
228,40.7429098,-73.9925806,0,228,All N
228,40.7428184,-73.9923647,0,228,All N
228,40.7427536,-73.99267,0,228,All N
228,40.7426638,-73.9924519,0,228,All N
229,40.7374183,-73.9971955,0,601,No
229,40.7373616,-73.9970626,0,601,No
229,40.7375674,-73.9970883,0,601,No
229,40.7385545,-73.9957472,0,601,No
229,40.738705,-73.9961044,0,601,No
229,40.7386775,-73.9956546,0,601,No
229,40.7388318,-73.9960076,0,601,No
229,40.7373147,-73.9964806,0,601,No
229,40.7372886,-73.9964207,0,601,No
229,40.7375145,-73.996954,0,601,No
230,40.7253582,-73.9956132,0,619,No
230,40.7249908,-73.9956119,0,619,No
230,40.7255362,-73.996385,0,619,No
230,40.7253225,-73.995488,1,619,No
230,40.7249091,-73.9952619,0,619,No
230,40.725192,-73.9948975,0,619,No
230,40.7259537,-73.9948111,0,619,No
230,40.7260523,-73.9947389,0,619,No
230,40.7258497,-73.9942952,0,619,No
230,40.725759,-73.9943446,0,619,No
230,40.7257169,-73.9945927,0,619,No
230,40.7252353,-73.9966211,0,619,No
230,40.7250273,-73.9957752,0,619,No
231,40.7183671,-73.9938809,0,231,No
231,40.7182102,-73.9936009,0,231,No
231,40.7181598,-73.9934358,0,231,No
232,40.723971,-73.99128,0,232,No
232,40.7236744,-73.9916589,0,232,No
232,40.7232076,-73.9888736,0,232,No
232,40.7227887,-73.9889635,0,232,No
234,40.7127313,-73.9902088,0,234,No
234,40.7142309,-73.9903456,0,234,No
234,40.7143975,-73.9898947,0,234,No
234,40.7138856,-73.9900124,0,234,No
235,40.7013504,-73.9866483,0,235,No
236,40.6868643,-73.9905084,0,236,All A
236,40.6867354,-73.9907082,0,236,All 1
236,40.6866111,-73.9903854,0,236,4
236,40.686725,-73.9902778,0,236,4
236,40.6855864,-73.9914589,0,236,4
236,40.6854557,-73.9911305,0,236,All 2
237,40.6793503,-73.9952827,0,237,No
237,40.6792461,-73.9957523,0,237,No
237,40.6811277,-73.9944341,0,237,No
237,40.6808132,-73.9943484,0,237,No
237,40.6809554,-73.9942574,0,237,No
238,40.6746074,-73.9972689,0,238,No
239,40.6700291,-73.989254,0,608,No
239,40.6698415,-73.9888895,0,608,No
239,40.669689,-73.9888922,0,608,No
239,40.6699622,-73.989438,0,608,No
240,40.66712,-73.9817222,0,240,No
240,40.6658395,-73.9789992,0,240,No
240,40.666783,-73.9818322,0,240,No
240,40.6655355,-73.9792596,0,240,No
240,40.6670233,-73.981333,0,240,No
240,40.6666854,-73.9816176,0,240,No
240,40.6659589,-73.9792054,0,240,No
240,40.6656323,-73.9794696,0,240,No
241,40.6602003,-73.9797838,0,241,No
241,40.6594443,-73.9799596,0,241,No
241,40.6606933,-73.9795039,0,241,No
241,40.660772,-73.9790092,0,241,No
241,40.6614147,-73.9798015,0,241,No
241,40.6613457,-73.9793189,0,241,No
242,40.6498577,-73.9758091,0,242,No
242,40.6518415,-73.976085,0,242,No
242,40.6516175,-73.9756099,0,242,No
242,40.6526887,-73.9759089,0,242,No
243,40.6427005,-73.9792622,0,243,No
243,40.6425642,-73.9795646,0,243,No
243,40.6431897,-73.9793506,0,243,No
243,40.6430357,-73.9796568,0,243,No
243,40.6449171,-73.980015,0,243,No
243,40.6450503,-73.9795629,0,243,No
243,40.6433916,-73.9796838,1,243,No
244,40.6371114,-73.9784843,0,244,No
244,40.6371418,-73.9782409,0,244,No
244,40.6354563,-73.9782912,0,244,No
244,40.6353861,-73.9779077,0,244,No
245,40.6305904,-73.9769946,0,245,No
245,40.6304962,-73.9772474,0,245,No
245,40.6287,-73.9768926,0,245,No
245,40.628725,-73.9766406,0,245,No
246,40.6261544,-73.9764119,0,246,No
246,40.6261855,-73.9761665,0,246,No
246,40.6242732,-73.9760505,0,246,No
246,40.6243024,-73.9758129,0,246,No
247,40.6211761,-73.9754648,0,247,No
247,40.6208313,-73.975151,0,247,No
247,40.6207959,-73.9754882,0,247,No
248,40.6161651,-73.9742719,0,248,No
248,40.6161392,-73.9745113,0,248,No
248,40.6142716,-73.9741549,0,248,No
248,40.6142955,-73.9739091,0,248,No
249,40.6086207,-73.9730883,0,249,No
249,40.6090324,-73.9729083,0,249,No
250,40.6039809,-73.9721288,0,250,No
250,40.6039974,-73.9723952,0,250,No
250,40.602358,-73.972628,0,250,No
250,40.6023357,-73.9723544,0,250,No
251,40.5968826,-73.973123,0,251,No
251,40.596812,-73.9733895,0,251,No
251,40.5950303,-73.9733908,0,251,No
251,40.5950527,-73.9736281,0,251,No
252,40.5903788,-73.9740367,0,252,No
252,40.5905185,-73.9742615,0,252,No
253,40.5809198,-73.9745058,0,253,No
253,40.5809243,-73.9746723,0,253,No
254,40.7131471,-73.7826376,0,254,No
254,40.7125856,-73.7846721,0,254,No
254,40.7126493,-73.7844049,0,254,No
254,40.7123084,-73.7842823,0,254,No
254,40.7126544,-73.783265,0,254,No
254,40.7127168,-73.7830161,0,254,No
254,40.7125374,-73.7833874,0,254,No
254,40.712601,-73.783371,1,254,No
254,40.7128991,-73.7833619,0,254,No
254,40.7129462,-73.7831701,0,254,No
254,40.7132006,-73.7821172,0,254,No
254,40.7124944,-73.7850584,0,254,No
254,40.7122694,-73.7844665,0,254,No
254,40.7127285,-73.7826386,0,254,No
254,40.7128636,-73.7823947,0,254,No
254,40.7122643,-73.7849127,0,254,No
255,40.7104991,-73.7930201,0,255,No
255,40.7105629,-73.7928505,0,255,No
255,40.7108545,-73.7932525,0,255,No
255,40.7109471,-73.7927675,0,255,No
255,40.7098637,-73.7945654,0,255,No
255,40.7098093,-73.794708,0,255,No
255,40.7101722,-73.7949242,0,255,No
255,40.710187,-73.7947288,0,255,No
256,40.7070632,-73.8046347,0,256,No
256,40.7078709,-73.8029995,0,256,No
256,40.7074593,-73.8028005,0,256,No
256,40.7075703,-73.8026065,0,256,No
256,40.7073745,-73.8045001,0,256,No
257,40.7059524,-73.8094883,0,257,No
257,40.7055484,-73.8097141,0,257,No
257,40.7049108,-73.8119601,0,257,No
257,40.7053563,-73.8118646,0,257,No
257,40.7055981,-73.8094842,0,257,No
258,40.70966,-73.8195146,0,258,
258,40.7089523,-73.8201682,0,258,
258,40.7080377,-73.8200724,0,258,
258,40.7097437,-73.8196606,0,258,
259,40.7136816,-73.8300256,0,259,No
259,40.7140848,-73.8299227,0,259,No
259,40.7139726,-73.8310482,1,259,No
259,40.7140258,-73.8311719,0,259,No
259,40.7149372,-73.8314966,0,259,No
259,40.7146689,-73.8321195,0,259,No
259,40.7150296,-73.8316188,0,259,No
260,40.7190674,-73.8379173,0,260,
260,40.7178302,-73.8366145,0,260,
260,40.7186276,-73.8382976,0,260,Part time entrance to the Fordham Road MTA D train station.
261,40.7214973,-73.8433871,0,261,No
261,40.7211052,-73.8440354,0,261,No
261,40.7219235,-73.8443563,0,261,No
261,40.7214422,-73.8446545,0,261,No
261,40.7215023,-73.8447592,1,261,No
261,40.7222822,-73.845157,0,261,No
262,40.7270943,-73.8532369,0,262,No
262,40.7266131,-73.853523,0,262,No
262,40.7260366,-73.8521526,0,262,No
262,40.7263779,-73.8515836,0,262,No
263,40.7304403,-73.8624024,0,263,No
263,40.7299764,-73.8627352,0,263,No
263,40.7300463,-73.861331,0,263,No
263,40.7292679,-73.8608023,0,263,No
263,40.7300467,-73.8613289,0,263,No
263,40.7297822,-73.860482,0,263,No
264,40.7333661,-73.8709923,0,264,No
264,40.733578,-73.8696307,0,264,No
264,40.7330424,-73.8703365,0,264,No
264,40.733197,-73.8685945,0,264,No
265,40.73589,-73.8768785,0,265,No
265,40.7362857,-73.8764109,0,265,No
265,40.7360946,-73.8771598,0,265,No
265,40.7374709,-73.8774034,0,265,No
265,40.7374019,-73.8771825,0,265,No
266,40.7418757,-73.8814569,0,266,No
266,40.7417409,-73.8811761,0,266,No
266,40.7427923,-73.8830259,0,266,No
266,40.7429553,-73.8827114,0,266,No
266,40.7420484,-73.8810792,0,266,No
268,40.7493327,-73.8973642,0,268,No
268,40.7491559,-73.8974939,0,268,No
269,40.7530948,-73.9071187,0,269,
269,40.7534338,-73.9068874,0,269,
270,40.7558012,-73.9126697,0,270,
270,40.756619,-73.914414,0,270,
270,40.7560451,-73.9122179,0,270,All B
270,40.756878,-73.9142987,0,270,All B
271,40.7583085,-73.9193965,0,271,No
271,40.7565795,-73.9211039,0,271,No
271,40.756679,-73.9206158,0,271,No
271,40.7581438,-73.9198337,0,271,No
272,40.7522081,-73.9292664,0,272,
272,40.751886,-73.9304713,0,272,All A
272,40.7519416,-73.9271167,0,272,All A
272,40.7522463,-73.9276523,0,272,All A
272,40.7522452,-73.9287599,0,272,All A
273,40.7484688,-73.9382733,0,273,No
273,40.7488908,-73.9378592,1,273,No
273,40.7495877,-73.9360677,0,273,No
273,40.7498763,-73.9361742,0,273,No
273,40.7490846,-73.9378909,0,273,No
273,40.7487113,-73.9373591,0,273,No
273,40.748676,-73.938471,0,273,No
274,40.7479621,-73.9472336,0,606,No
274,40.7482034,-73.9471841,0,606,No
274,40.746261,-73.9448561,0,606,No
274,40.7477242,-73.9446829,0,606,No
275,40.7576482,-73.9696296,0,612,No
275,40.7576869,-73.9690974,0,612,No
275,40.7578359,-73.9695297,0,612,No
275,40.7573685,-73.9694214,0,612,No
275,40.7581288,-73.9709565,0,612,No
275,40.7583446,-73.9706554,0,612,No
275,40.7577843,-73.9691155,0,612,No
275,40.7577656,-73.971147,1,612,No
276,40.7603271,-73.975417,0,276,No
276,40.7602053,-73.9755161,0,276,No
276,40.7605964,-73.9764907,0,276,No
276,40.7596246,-73.9737278,0,276,No
276,40.7595351,-73.9739732,0,276,No
277,40.7633458,-73.9825722,0,277,No
277,40.7632121,-73.9826614,0,277,No
277,40.7629453,-73.9816114,0,277,No
277,40.7628126,-73.9817054,0,277,No
278,40.7027879,-73.7998621,1,278,No
278,40.7019032,-73.8017623,0,278,No
278,40.7022466,-73.8018511,0,278,No
278,40.7023389,-73.7999933,0,278,No
278,40.7023097,-73.7999862,0,278,No
278,40.7026737,-73.7998249,0,278,No
278,40.7018943,-73.8017596,0,278,No
278,40.7016611,-73.8025044,0,278,No
278,40.7023758,-73.7996747,1,278,No
279,40.7001723,-73.8079317,1,279,No
279,40.7004028,-73.8079774,0,279,No
279,40.7008904,-73.8076779,0,279,No
279,40.7008195,-73.8079251,0,279,No
279,40.700568,-73.8073591,0,279,No
280,40.701298,-73.8164095,1,280,No
280,40.7027316,-73.817281,0,280,No
282,40.7447743,-73.9486469,0,282,No
282,40.7446368,-73.9491066,0,282,No
282,40.7445663,-73.9484145,0,282,No
283,40.7302812,-73.9544765,0,283,No
283,40.7300985,-73.9543411,0,283,No
283,40.7301529,-73.9540722,0,283,No
283,40.7322464,-73.9547715,0,283,No
283,40.7322769,-73.9544398,0,283,No
284,40.7254511,-73.9519555,0,284,No
284,40.7255755,-73.9515929,0,284,No
284,40.7237924,-73.9509817,0,284,No
284,40.7238934,-73.9506719,0,284,No
284,40.7236556,-73.9508977,0,284,No
284,40.7237477,-73.9506161,0,284,No
285,40.7138956,-73.9492511,0,629,No
285,40.7142473,-73.9493108,0,629,No
285,40.7141644,-73.9512828,0,629,No
285,40.7139336,-73.9517326,0,629,No
285,40.7137587,-73.9514441,0,629,No
285,40.7137466,-73.9517685,0,629,No
285,40.7117874,-73.9510661,0,629,No
285,40.7117519,-73.9514289,0,629,No
286,40.7055178,-73.9505679,0,286,No
286,40.7051175,-73.9500574,0,286,No
286,40.705509,-73.9500869,0,286,No
287,40.6995832,-73.9501615,0,287,
287,40.6999982,-73.9499015,0,287,
288,40.6939741,-73.9491067,0,288,No
288,40.6954469,-73.9494856,0,288,No
288,40.6955079,-73.9489592,0,288,No
289,40.6893821,-73.9549515,0,289,No
289,40.6895531,-73.9549837,0,289,No
289,40.6897697,-73.9516051,0,289,No
289,40.6899894,-73.9516027,0,289,No
290,40.6889538,-73.9602211,0,290,No
290,40.6888025,-73.9598808,0,290,No
290,40.6887805,-73.9601874,0,290,No
291,40.6881199,-73.9674929,0,291,No
291,40.6884664,-73.965743,0,291,No
291,40.6881565,-73.9655915,0,291,No
291,40.6878872,-73.9679202,0,291,No
292,40.6870392,-73.9746945,0,292,No
292,40.6871771,-73.9763179,0,292,No
292,40.6871801,-73.9768439,0,292,No
292,40.6873781,-73.9747684,0,292,No
293,40.8896888,-73.8979346,0,293,No
293,40.8901573,-73.89825,0,293,No
293,40.8899714,-73.897796,0,293,No
293,40.8897966,-73.8984331,0,293,No
294,40.8852611,-73.9004367,0,294,
294,40.8847967,-73.9009369,0,294,
294,40.8848657,-73.9006325,0,294,
295,40.8787898,-73.9050396,0,295,
295,40.8787031,-73.9048096,0,295,
295,40.8791845,-73.9047577,0,295,
295,40.8790968,-73.9045385,0,295,
295,40.8787769,-73.9046511,1,295,1 trains Uptown & The Bronx
295,40.8789645,-73.9050548,1,295,1 trains Downtown
296,40.8744626,-73.910558,0,296,
296,40.8743048,-73.9097958,0,296,
297,40.8697075,-73.9149696,0,297,
297,40.8697947,-73.9151721,0,297,
297,40.8694437,-73.9154344,0,297,
297,40.8693512,-73.915221,0,297,
298,40.8647526,-73.9188772,0,298,
298,40.8646134,-73.9186871,0,298,
298,40.8642803,-73.9192262,0,298,
298,40.8642638,-73.9189398,0,298,
299,40.8611249,-73.9251397,1,299,1 trains to Manhattan
,,,,,
300,40.8553613,-73.9295206,0,300,No
300,40.8564208,-73.9325981,0,300,No
301,40.8491117,-73.9337414,0,301,No
301,40.8495689,-73.9333399,0,301,No
302,40.8410281,-73.9400956,0,605,No
302,40.8417662,-73.939068,0,605,No
302,40.8419295,-73.9394521,0,605,No
302,40.8407496,-73.939245,0,605,No
302,40.8408602,-73.9402097,0,605,No
302,40.8418775,-73.9395838,0,605,No
302,40.8407225,-73.939723,0,605,No
303,40.8342325,-73.9450703,0,303,
303,40.8342735,-73.9451733,0,303,G trains to Church Avenue
303,40.8338537,-73.9447461,0,303,G trains to Queens
303,40.8338694,-73.9445976,0,303,
304,40.8266681,-73.9505208,0,304,
304,40.826527,-73.9501582,0,304,
304,40.8262104,-73.9503936,0,304,
305,40.8213944,-73.9539059,0,305,
305,40.8214578,-73.9538619,0,305,
305,40.8215847,-73.9542252,0,305,
305,40.8213577,-73.9544124,0,305,
306,40.8151556,-73.9584409,0,306,No
306,40.8153327,-73.958819,0,306,No
306,40.815722,-73.958538,0,306,No
307,40.8084099,-73.9638511,0,307,No
307,40.8082623,-73.963956,0,307,No
307,40.8080943,-73.9636112,0,307,No
307,40.8082575,-73.9634923,0,307,No
307,40.8075558,-73.9640046,0,307,No
308,40.8044003,-73.9667807,0,308,L trains to Canarsie–Rockaway Parkway
308,40.8039626,-73.9666307,0,308,L trains to Manhattan
308,40.8042593,-73.9664157,0,308,L trains to Manhattan
309,40.7991329,-73.968326,0,309,No
309,40.7992455,-73.9682694,0,309,No
309,40.7992897,-73.9686779,1,309,No
309,40.799421,-73.9686137,0,309,No
309,40.7995909,-73.9680942,0,309,No
310,40.7930758,-73.9731768,0,310,No
310,40.793212,-73.9730759,0,310,No
310,40.7929302,-73.9728231,0,310,No
310,40.7930634,-73.9727263,0,310,No
310,40.7940708,-73.9722213,1,310,No
310,40.7943052,-73.9720486,1,310,No
311,40.7881216,-73.9762914,0,311,
311,40.7883722,-73.9768763,0,311,
311,40.7890231,-73.9763282,0,311,
311,40.7885174,-73.9767204,0,311,All D
311,40.7882858,-73.9761153,0,311,All N trains
312,40.7837737,-73.9802789,0,312,
312,40.7840733,-73.9800576,0,312,
312,40.7839916,-73.97966,0,312,
312,40.7836371,-73.9799133,0,312,All 4
313,40.7785816,-73.9819268,0,313,No
313,40.778876,-73.9818834,1,313,No
313,40.7791612,-73.9818237,1,313,No
313,40.7784448,-73.9819509,0,313,No
314,40.7738592,-73.9824321,0,314,No
314,40.7734756,-73.9820143,0,314,No
314,40.7736418,-73.9824226,0,314,No
314,40.7735814,-73.9820163,1,314,No
314,40.7736956,-73.98202,0,314,No
314,40.7737466,-73.9824301,1,314,No
314,40.7726225,-73.9825227,0,314,No
315,40.7669314,-73.9829274,0,614,No
315,40.7667663,-73.9833708,0,614,No
315,40.7667335,-73.9825632,0,614,No
315,40.7686646,-73.9812151,0,614,No
315,40.7685801,-73.9821103,0,614,No
315,40.768815,-73.9821123,0,614,No
315,40.7692647,-73.9823106,0,614,No
315,40.7676618,-73.9825969,0,614,No
315,40.7676795,-73.9825842,0,614,No
315,40.7673859,-73.9821547,0,614,No
315,40.7664888,-73.9826988,0,614,No
315,40.7664945,-73.9832688,0,614,No
315,40.7693471,-73.9823098,0,614,No
315,40.7676743,-73.9824254,1,614,No
315,40.7676445,-73.9812188,0,614,No
315,40.7676636,-73.9814246,0,614,No
315,40.7687049,-73.9815779,1,614,No
316,40.7616651,-73.984143,0,316,
316,40.7612735,-73.9838104,0,316,
316,40.7613695,-73.9837587,0,316,
316,40.7614955,-73.9844496,0,316,
316,40.7611815,-73.9837085,0,316,
316,40.7613253,-73.9836556,0,316,
318,40.7510482,-73.9911235,1,318,No
318,40.7503219,-73.9908878,0,318,No
318,40.7507389,-73.9903952,0,318,No
318,40.7509641,-73.990879,0,318,No
318,40.7512146,-73.9907918,0,318,No
318,40.7510273,-73.9903452,0,318,No
318,40.7504928,-73.9912888,0,318,No
318,40.7500693,-73.9907184,0,318,No
318,40.7495899,-73.9910642,0,318,No
319,40.7467927,-73.9939597,0,319,
319,40.7472186,-73.9931173,0,319,
319,40.7470997,-73.9932126,0,319,
319,40.7473851,-73.9934969,0,319,
319,40.7472572,-73.9935898,0,319,
319,40.7466013,-73.993563,0,319,
320,40.7441144,-73.9953342,0,320,All E
320,40.7443237,-73.9958328,0,320,
320,40.7440066,-73.9959072,0,320,
320,40.7438756,-73.9956243,0,320,
321,40.7416209,-73.9971712,0,321,E
321,40.7417972,-73.9976017,0,321,E
321,40.7412068,-73.9980067,0,321,E
321,40.7410712,-73.9980859,0,321,
321,40.7410361,-73.9976057,0,321,
321,40.7409203,-73.9977231,0,321,
322,40.7385857,-73.999388,0,601,No
322,40.7388059,-73.999694,0,601,No
322,40.7385506,-74.0000055,0,601,No
322,40.7383242,-73.9996611,0,601,No
322,40.7378468,-73.9999252,0,601,No
322,40.7380252,-74.0003532,0,601,No
322,40.7374025,-74.0008415,0,601,No
322,40.7372061,-74.0003808,0,601,No
323,40.7334127,-74.0027663,0,323,No
323,40.7334554,-74.0030819,0,323,No
323,40.7335097,-74.003112,0,323,No
323,40.7336554,-74.0029896,0,323,No
323,40.7336349,-74.0031438,0,323,No
324,40.7277059,-74.0052929,0,324,
324,40.728042,-74.0052384,0,324,
324,40.7278285,-74.0056417,0,324,
324,40.7279822,-74.0056315,0,324,
324,40.72855,-74.0055357,0,324,
324,40.7287126,-74.0055116,0,324,
324,40.7286638,-74.0050388,0,324,
324,40.7284434,-74.0051732,0,324,
325,40.7225949,-74.0061098,0,325,
325,40.7228743,-74.0065018,0,325,
325,40.7224957,-74.0059704,0,325,
325,40.7229614,-74.006621,0,325,
326,40.7189655,-74.0071107,0,326,
326,40.7192834,-74.007051,0,326,
326,40.7189814,-74.0066797,0,326,
326,40.7199484,-74.0066219,0,326,
326,40.7199812,-74.0069331,0,326,
327,40.7157918,-74.0093278,1,327,No
327,40.7155575,-74.0090659,1,327,No
327,40.7153855,-74.0091903,0,327,No
327,40.715549,-74.0094806,0,327,No
327,40.715433,-74.0094634,0,327,No
327,40.715705,-74.0093357,0,327,No
329,40.7080392,-74.0134881,0,329,
329,40.7082162,-74.0135707,0,329,
329,40.7064955,-74.0143142,0,329,
329,40.7065402,-74.014136,0,329,
329,40.7066059,-74.0141034,0,329,
329,40.7075931,-74.0138418,0,329,
330,40.7027912,-74.014497,0,635,No
330,40.7019813,-74.0133133,0,635,No
330,40.7020781,-74.0126238,0,635,No
330,40.7019694,-74.0125958,0,635,No
330,40.7016811,-74.0129488,0,635,No
330,40.7018067,-74.0129969,1,635,No
331,40.7126941,-74.0077512,0,624,No
332,40.7096761,-74.0062132,0,628,No
333,40.7065273,-74.0095663,0,333,No
333,40.7063493,-74.0096358,0,333,No
333,40.7063838,-74.0093227,0,333,No
333,40.7074746,-74.0086495,0,333,No
333,40.7066848,-74.0086548,0,333,No
333,40.7062601,-74.0094882,0,333,No
334,40.6976946,-73.99304,0,334,No
334,40.6976168,-73.9933825,0,334,No
335,40.6925597,-73.9901032,0,620,No
335,40.6924998,-73.9912377,0,620,No
335,40.6926252,-73.9910816,0,620,No
335,40.6936024,-73.9902914,1,620,No
335,40.6922995,-73.9902539,0,620,No
335,40.6923513,-73.9905405,0,620,No
335,40.6926045,-73.9905404,0,620,No
335,40.6938464,-73.990104,0,620,No
335,40.693577,-73.9905892,0,620,No
335,40.6937353,-73.9906236,0,620,No
336,40.6909319,-73.9854523,0,336,
336,40.690369,-73.9853266,0,336,
336,40.6904583,-73.9843305,0,336,
336,40.6899666,-73.9842651,0,336,
337,40.6880972,-73.9802417,0,337,No
337,40.6880728,-73.9805076,0,337,No
337,40.6882451,-73.9803471,0,337,No
337,40.6882433,-73.9806344,0,337,No
339,40.680714,-73.9747759,0,339,
339,40.6807222,-73.9752505,0,339,
339,40.6809553,-73.9754524,0,339,
339,40.6809193,-73.9749582,0,339,
339,40.6808389,-73.9755419,0,339,
340,40.6749576,-73.9709872,0,340,No
340,40.6751527,-73.9712124,0,340,No
340,40.6751227,-73.9708248,0,340,No
340,40.6752918,-73.9708248,0,340,No
341,40.6721219,-73.9641066,0,341,No
341,40.6717977,-73.9643014,0,341,No
342,40.6705866,-73.9590991,0,626,No
342,40.6703453,-73.9579801,0,626,No
342,40.6709351,-73.9577638,0,626,No
342,40.6707315,-73.9576481,0,626,No
342,40.6704812,-73.9577401,0,626,No
343,40.6697213,-73.9502471,0,343,No
343,40.669749,-73.9507867,0,343,No
344,40.6692682,-73.941949,0,344,No
344,40.6692959,-73.9424544,0,344,No
345,40.6689457,-73.931842,1,345,No
345,40.6687189,-73.9318802,0,345,No
345,40.6687092,-73.9317079,0,345,No
345,40.6689762,-73.9318568,0,345,No
345,40.6689671,-73.9316797,0,345,No
346,40.6650522,-73.9228606,0,346,No
346,40.6649571,-73.9227533,0,346,No
346,40.6648966,-73.9231166,0,346,No
347,40.6613935,-73.9155369,0,347,No
347,40.6615486,-73.9152733,0,347,No
347,40.6616774,-73.9153078,0,347,No
348,40.6623959,-73.9088078,0,348,No
348,40.6627235,-73.9090363,0,348,No
349,40.6633695,-73.9030514,0,349,No
349,40.6634256,-73.9026712,0,349,No
350,40.6645833,-73.8941087,0,350,No
350,40.664861,-73.8938559,0,350,No
351,40.6657541,-73.8886088,0,351,No
351,40.6654275,-73.8883897,0,351,No
352,40.6662831,-73.8833919,0,352,No
352,40.6664103,-73.8834241,0,352,No
353,40.6681777,-73.950855,0,353,No
353,40.6681529,-73.9504643,0,353,No
354,40.6633101,-73.9510439,0,354,No
354,40.6632333,-73.9506617,0,354,No
355,40.6561833,-73.9503791,0,355,
355,40.657189,-73.9499845,0,355,
356,40.6507317,-73.9497535,1,356,
356,40.6509732,-73.9497244,0,356,
356,40.6509051,-73.9498194,0,356,
356,40.6506134,-73.9496881,0,356,
356,40.6509252,-73.9494133,0,356,
356,40.6506529,-73.9494301,0,356,
356,40.650749,-73.9493815,1,356,
357,40.645026,-73.9492787,0,357,
357,40.6450613,-73.948644,0,357,
358,40.6407396,-73.9485917,0,358,
358,40.639898,-73.9486447,0,358,
358,40.6399265,-73.9481653,0,358,
359,40.6333068,-73.9478292,0,359,No
359,40.6332854,-73.9479271,0,359,No
359,40.6323636,-73.9473857,0,359,No
359,40.6327608,-73.9473775,0,359,No
359,40.6324733,-73.9475236,1,359,No
359,40.6328755,-73.9475356,0,359,No
359,40.6318741,-73.9476694,0,359,No
360,40.8530107,-73.8269285,1,360,No
360,40.8528097,-73.8272003,0,360,No
360,40.8530151,-73.8271902,1,360,No
360,40.8530097,-73.8269277,1,360,No
361,40.8472696,-73.832162,0,361,No
361,40.8469038,-73.8326273,0,361,No
361,40.8468127,-73.8323963,0,361,No
362,40.8439718,-73.8363673,0,362,No
362,40.8436092,-73.8364713,0,362,No
363,40.840136,-73.8428763,0,363,No
364,40.8369952,-73.846609,0,364,No
364,40.8366117,-73.8467096,0,364,No
365,40.8343286,-73.8515199,0,365,No
365,40.8341047,-73.851785,0,365,No
366,40.8331665,-73.8610952,0,366,No
366,40.8331884,-73.8608592,0,366,No
367,40.8317665,-73.867102,0,367,No
367,40.8314685,-73.867423,0,367,No
368,40.8296543,-73.8744392,0,368,No
368,40.8295365,-73.8748442,0,368,No
368,40.8293493,-73.8747805,0,368,No
369,40.8287131,-73.8789786,0,369,No
369,40.8284685,-73.8793785,0,369,No
370,40.8273243,-73.8860612,0,370,No
370,40.8273375,-73.8862476,0,370,No
371,40.8208329,-73.8904493,0,371,No
371,40.8206074,-73.8908378,0,371,No
371,40.8206397,-73.8915716,0,371,No
371,40.8206623,-73.8909463,1,371,No
372,40.8163886,-73.8959935,0,372,All 2
372,40.8161302,-73.8961652,0,372,
372,40.816543,-73.8963262,0,372,
372,40.816317,-73.8964723,0,372,
373,40.8123789,-73.9037805,0,373,
373,40.8123452,-73.9041319,0,373,
373,40.8119471,-73.9037512,0,373,
373,40.8119028,-73.9041631,0,373,
374,40.8083562,-73.9076155,0,374,
374,40.8080089,-73.9077361,0,374,
374,40.8083219,-73.9080087,0,374,
374,40.8080597,-73.9080627,0,374,
375,40.8050525,-73.9134989,0,375,
375,40.8051594,-73.9131821,0,375,
375,40.8052349,-73.9133645,0,375,
375,40.8051896,-73.9139586,0,375,
376,40.8075769,-73.9189274,0,376,
376,40.807754,-73.9193563,0,376,
376,40.8073775,-73.9192158,0,376,
376,40.8074785,-73.9194415,0,376,
377,40.8100536,-73.9254553,0,377,No
377,40.8102669,-73.9252989,0,377,No
377,40.8103288,-73.9254512,0,377,No
377,40.8101592,-73.9257046,0,377,No
377,40.8108312,-73.9266253,0,377,No
377,40.8106358,-73.9268462,0,377,No
377,40.810718,-73.9270457,0,377,No
378,40.8869158,-73.8783165,0,378,No
378,40.8867956,-73.8780349,0,378,No
379,40.8793696,-73.8848685,0,379,No
379,40.8795509,-73.8851419,0,379,No
379,40.8799602,-73.8841912,0,379,No
379,40.8801414,-73.8844647,0,379,No
380,40.8734899,-73.889969,0,380,No
381,40.8676229,-73.8974474,0,381,No
381,40.8678896,-73.8972428,0,381,No
381,40.8676117,-73.8971671,0,381,No
381,40.8677938,-73.8970229,0,381,No
382,40.8627692,-73.9007395,0,382,No
382,40.8626064,-73.9009083,0,382,No
382,40.8625024,-73.9014317,0,382,No
382,40.8629005,-73.9013416,0,382,No
382,40.8625799,-73.9010685,1,382,No
383,40.858496,-73.9040941,0,383,No
383,40.8582523,-73.9041066,0,383,No
383,40.8584627,-73.9037063,0,383,No
384,40.8533509,-73.9079623,0,384,No
384,40.8532317,-73.9077477,0,384,No
384,40.8535411,-73.9074735,0,384,No
384,40.8536579,-73.9076905,0,384,No
385,40.8484309,-73.9119829,0,385,No
385,40.8485149,-73.9116433,0,385,No
386,40.8446984,-73.9146428,0,386,No
386,40.8444086,-73.9145681,0,386,No
387,40.8399454,-73.9180461,0,387,No
387,40.8398556,-73.9178107,0,387,No
387,40.8400597,-73.9176724,0,387,No
388,40.8358802,-73.92149,0,388,No
388,40.835756,-73.9215598,0,388,No
388,40.8356093,-73.9211353,0,388,No
388,40.8357422,-73.9210629,0,388,No
389,40.8273913,-73.9242663,0,604,No
389,40.8274735,-73.9260135,0,604,No
389,40.8275433,-73.9262329,0,604,No
389,40.8274744,-73.9262744,0,604,No
389,40.8277696,-73.9261034,0,604,No
389,40.8275826,-73.9240141,0,604,No
389,40.8275462,-73.9241519,0,604,No
389,40.8279424,-73.9260028,0,604,No
389,40.8274266,-73.926375,0,604,No
389,40.827457,-73.9263573,0,604,No
389,40.8275486,-73.9263039,0,604,No
389,40.8275785,-73.9262865,0,604,No
389,40.8278656,-73.9257768,0,604,No
389,40.8276928,-73.9258775,0,604,No
389,40.8279857,-73.9256424,1,604,No
390,40.8184045,-73.9270753,0,603,No
390,40.8182538,-73.9272556,0,603,No
390,40.8183913,-73.9275963,0,603,No
390,40.8182289,-73.9276661,0,603,No
391,40.8131021,-73.9296788,0,391,No
391,40.8133482,-73.9300073,0,391,No
391,40.8133823,-73.9298368,0,391,No
392,40.804603,-73.9373934,0,392,No
392,40.8045097,-73.937185,0,392,No
392,40.8041766,-73.9374417,0,392,No
392,40.8042709,-73.9376436,0,392,No
392,40.8044137,-73.9372255,1,392,No
393,40.7988434,-73.9416018,0,393,
393,40.7984734,-73.9418765,0,393,
393,40.7983902,-73.9416507,0,393,
393,40.7987548,-73.9413914,0,393,
394,40.7948169,-73.9446103,0,394,
394,40.7946894,-73.9443105,0,394,
394,40.7949361,-73.9445027,0,394,
394,40.7948176,-73.9442316,0,394,2
395,40.7902744,-73.9478569,0,395,No
395,40.7901925,-73.9476554,0,395,No
397,40.7793372,-73.955543,0,397,2
397,40.7794494,-73.9557919,0,397,2
397,40.7795477,-73.9553266,1,397,2
397,40.7797502,-73.9558031,0,397,2
397,40.7796903,-73.9552894,0,397,2
397,40.7797171,-73.9555883,0,397,2
397,40.7792862,-73.9554211,0,397,2
397,40.7794955,-73.9559009,0,397,2
398,40.7735257,-73.9597626,0,398,2
398,40.7736393,-73.960033,0,398,2
398,40.7737636,-73.9599474,0,398,2
398,40.7736568,-73.9596842,0,398,
398,40.7734769,-73.95965,0,398,
398,40.7736055,-73.9595618,0,398,
398,40.7737057,-73.960192,0,398,
398,40.7738252,-73.9601412,0,398,
399,40.767996,-73.9641694,0,399,No
399,40.7678851,-73.9639064,0,399,No
399,40.7678558,-73.964371,0,399,No
399,40.7677084,-73.9639466,0,399,No
401,40.757005,-73.9718218,0,612,No
401,40.7573046,-73.9721322,0,612,No
401,40.7571421,-73.9721262,0,612,No
401,40.75668,-73.9725237,0,612,No
401,40.7569518,-73.9716855,0,612,No
401,40.7570469,-73.9715171,0,612,No
401,40.7571385,-73.97173,0,612,No
401,40.7572106,-73.9722937,0,612,No
401,40.7572843,-73.9719562,0,612,No
402,40.7513026,-73.9754135,0,610,No
402,40.7516454,-73.9777224,0,610,No
402,40.7516977,-73.9776842,0,610,No
402,40.7512932,-73.9759409,0,610,No
402,40.7512243,-73.9757835,0,610,No
402,40.752147,-73.9781235,0,610,No
402,40.752901,-73.9798973,0,610,No
402,40.753081,-73.9795741,0,610,No
402,40.7517214,-73.9760012,0,610,No
402,40.7508908,-73.9751247,0,610,No
402,40.7517684,-73.9759667,1,610,No
403,40.7466586,-73.9818753,0,403,
403,40.7457058,-73.9825338,0,403,
403,40.7465806,-73.9815201,0,403,
403,40.7464942,-73.9821949,0,403,
403,40.7458434,-73.9825948,0,403,
403,40.7462542,-73.9816357,0,403,
403,40.7455942,-73.9822376,0,403,
403,40.7456399,-73.9820935,0,403,
403,40.7462006,-73.9815076,0,403,
404,40.7433175,-73.9843613,0,404,
404,40.7432078,-73.9839477,0,404,
404,40.7433123,-73.9838671,0,404,
404,40.7435267,-73.9843238,0,404,
404,40.7424273,-73.9849632,0,404,
404,40.7432989,-73.9843523,1,404,
404,40.7432597,-73.9837407,0,404,
404,40.7431516,-73.9838133,0,404,
405,40.7401337,-73.9859661,0,405,All B
405,40.74045,-73.9866075,0,405,All 2
405,40.7402458,-73.9867416,0,405,All 2
405,40.7400294,-73.9866679,0,405,
405,40.7399777,-73.9861918,0,405,
405,40.739965,-73.9863363,0,405,All A
405,40.7394771,-73.9865558,0,405,All A
405,40.7396686,-73.9870082,0,405,All A
405,40.7393497,-73.9867817,0,405,All A
405,40.7394608,-73.9870869,0,405,All A
405,40.7403858,-73.9865544,1,405,All A
405,40.7401958,-73.9861058,1,405,All A
406,40.734202,-73.9895348,0,602,No
406,40.7342564,-73.9896895,0,602,No
406,40.7344717,-73.9901545,0,602,No
406,40.7345427,-73.9903223,0,602,No
406,40.734401,-73.9894763,0,602,No
406,40.7352789,-73.9911121,0,602,No
406,40.7353229,-73.9902519,0,602,No
406,40.7365461,-73.9904324,0,602,No
406,40.7363192,-73.9906175,0,602,No
406,40.7348917,-73.9913152,0,602,No
406,40.7351919,-73.9897851,0,602,No
406,40.7347546,-73.99099,0,602,No
406,40.7344846,-73.9896505,1,602,No
407,40.7300623,-73.9908574,0,407,
407,40.7300208,-73.9914462,0,407,
409,40.7222281,-73.9967948,0,409,
409,40.7220953,-73.9968124,0,409,
409,40.7224827,-73.9974218,0,409,
409,40.7224071,-73.9974775,0,409,
410,40.7181548,-74.0003169,0,623,No
410,40.7183531,-74.0002356,0,623,No
410,40.7185273,-74.0008456,0,623,No
410,40.7186206,-74.0006009,1,623,No
410,40.7182779,-74.0001227,1,623,No
410,40.7186875,-74.0006932,0,623,No
410,40.718196,-74.0003764,0,623,No
411,40.7128507,-74.0048198,0,622,No
411,40.7141486,-74.0031923,0,622,No
411,40.7126011,-74.0041931,0,622,No
411,40.7127902,-74.0049097,1,622,No
411,40.71183,-74.0050615,0,622,No
411,40.7138435,-74.0038772,0,622,No
411,40.7139375,-74.0036106,0,622,No
411,40.7127124,-74.0049853,0,622,No
411,40.7118867,-74.0051669,0,622,No
411,40.7123644,-74.0044085,0,622,No
412,40.7110345,-74.0091907,0,628,No
412,40.711118,-74.0093675,0,628,No
412,40.7109548,-74.0093928,0,628,No
412,40.7098021,-74.0102773,0,628,No
412,40.7096881,-74.0099959,0,628,No
412,40.7097602,-74.0103124,0,628,No
413,40.7080747,-74.0097567,0,413,No
413,40.7074793,-74.0117804,0,413,No
413,40.7084778,-74.0112643,0,413,No
413,40.7075473,-74.0117228,0,413,No
413,40.7072278,-74.0119931,0,413,No
413,40.70729,-74.0122226,0,413,No
413,40.7074135,-74.0121244,0,413,No
413,40.7076673,-74.011918,0,413,No
413,40.7076109,-74.0119639,0,413,No
414,40.7040462,-74.0145424,0,414,No
414,40.7046384,-74.013472,0,414,No
414,40.704676,-74.0139126,1,414,No
414,40.7048012,-74.0144269,0,414,No
414,40.7048351,-74.0145937,0,414,No
416,40.9036448,-73.8503393,0,416,No
416,40.9035819,-73.8500763,0,416,No
416,40.903217,-73.8503928,0,416,No
417,40.898248,-73.8543397,0,417,No
417,40.8986701,-73.8542829,0,417,No
418,40.8935622,-73.8575205,1,418,No
418,40.8936195,-73.8573991,0,418,No
418,40.8935528,-73.8571573,0,418,No
419,40.8880297,-73.8604863,0,419,No
419,40.8876099,-73.8604479,0,419,No
420,40.8833778,-73.8627779,0,420,No
420,40.8837886,-73.8628386,0,420,No
422,40.8716409,-73.867288,0,422,No
422,40.8712637,-73.8670425,0,422,No
423,40.8652492,-73.8672316,0,423,No
423,40.8656356,-73.8674764,0,423,No
424,40.8565472,-73.8677835,1,424,No
424,40.8563291,-73.867524,0,424,No
424,40.8564226,-73.8677437,0,424,No
424,40.8580448,-73.8677144,0,424,No
424,40.8580423,-73.867469,0,424,No
425,40.848721,-73.8684184,0,425,No
425,40.8491492,-73.8681738,0,425,No
425,40.8492045,-73.8683378,0,425,No
425,40.8776882,-73.8665024,1,425,No
425,40.8776125,-73.8662886,1,425,No
425,40.8775978,-73.8664181,1,425,No
426,40.8412531,-73.8734681,1,426,No
426,40.8414431,-73.8728995,1,426,No
427,40.8406347,-73.8795809,0,427,No
427,40.8403789,-73.8798298,0,427,No
427,40.840847,-73.8795946,0,427,No
427,40.8404658,-73.8799695,0,427,No
427,40.8411466,-73.8793183,0,427,No
428,40.8372409,-73.8875379,0,428,1 trains to Manhattan
428,40.8376121,-73.8877382,0,428,1 trains to 242nd Street
428,40.8373347,-73.8880321,0,428,1 trains to Manhattan
428,40.8373134,-73.8872704,0,428,1 trains to 242nd Street
429,40.8299306,-73.8920046,0,429,1 trains to Manhattan
429,40.8303346,-73.8919961,0,429,1 trains to 242nd Street
429,40.8301954,-73.8914726,0,429,1 trains to 242nd Street
429,40.8300921,-73.8914774,0,429,1 trains to Manhattan
430,40.8238986,-73.893009,1,430,1 trains to 242nd Street
430,40.8243806,-73.8928843,1,430,
430,40.8240976,-73.8928011,0,430,6
430,40.823891,-73.8932101,0,430,6
430,40.8241614,-73.8931322,0,430,6
430,40.8244039,-73.8926599,0,430,6
431,40.8224199,-73.8965079,0,431,No
431,40.8224492,-73.8967338,0,431,No
431,40.8220982,-73.8966829,0,431,No
432,40.8196856,-73.9013674,0,432,6
432,40.819598,-73.9019808,0,432,1 trains Uptown & The Bronx
432,40.8199102,-73.9016574,0,432,1 trains Uptown & The Bronx
432,40.8195625,-73.9014479,0,432,1 trains Downtown
433,40.8161863,-73.9079556,0,433,1 trains Downtown
433,40.8163424,-73.9078482,0,433,
433,40.8166369,-73.9077901,0,433,
433,40.8168468,-73.9074207,0,433,6
434,40.8162476,-73.9179261,0,434,6
434,40.8162635,-73.9177933,1,434,F
434,40.8159788,-73.9179824,1,434,F
434,40.8158798,-73.9175297,0,434,F
434,40.8160605,-73.9180799,0,434,F
434,40.8158585,-73.9177614,0,434,F
434,40.8163406,-73.9175342,0,434,F
434,40.8162709,-73.9174565,0,434,F
436,40.8240647,-73.9369863,0,436,No
437,40.8206074,-73.9359296,0,437,1 trains Downtown
437,40.8206758,-73.9362683,0,437,1 trains Uptown & The Bronx
437,40.8201655,-73.9362525,0,437,1 trains Uptown & The Bronx
437,40.8203511,-73.9365,0,437,1 trains Downtown
438,40.8142605,-73.9405596,0,438,1 trains Downtown
438,40.8143218,-73.9409018,0,438,1 trains Uptown & The Bronx
438,40.8139035,-73.9408327,0,438,1 trains Uptown & The Bronx
438,40.8140315,-73.9411164,0,438,1 trains Downtown
438,40.8140015,-73.9411552,1,438,1 trains Downtown
438,40.8141702,-73.9406195,1,438,1 trains Uptown & The Bronx
439,40.8075611,-73.9454619,0,439,1 trains Uptown & The Bronx
439,40.8076894,-73.9457446,0,439,1 trains Downtown
439,40.8078853,-73.9452278,0,439,1 trains Downtown
439,40.8079973,-73.9455218,0,439,1 trains Downtown
440,40.8021152,-73.9494321,0,440,1 trains Uptown & The Bronx
440,40.8022408,-73.9497312,0,440,1 trains Uptown & The Bronx
440,40.8018319,-73.9496391,0,440,
440,40.8019523,-73.9499405,0,440,
441,40.7990356,-73.9520601,0,441,No
441,40.798506,-73.952669,0,441,No
442,40.8701114,-73.8458756,0,442,No
443,40.8880646,-73.8311283,0,443,No
443,40.8795552,-73.8379807,0,443,No
443,40.8793531,-73.8378618,0,443,No
445,40.8588066,-73.8555168,0,445,No
446,40.8545672,-73.8602542,0,446,No
447,40.7594194,-73.8303051,0,447,No
447,40.7600509,-73.8284634,0,447,No
447,40.7599529,-73.8284211,0,447,No
447,40.7597185,-73.8299537,0,447,No
447,40.7595475,-73.8298878,0,447,No
447,40.7595943,-73.8304056,0,447,No
447,40.7594536,-73.8299121,0,447,No
447,40.7599107,-73.8290121,1,447,No
447,40.7599153,-73.8285783,0,447,No
447,40.7600123,-73.8286152,0,447,No
448,40.7549832,-73.8458412,0,448,No
448,40.7544235,-73.845771,0,448,No
448,40.7546958,-73.8457122,0,448,No
448,40.7546465,-73.8458951,0,448,No
449,40.751596,-73.8560359,0,449,No
449,40.7514642,-73.8559774,0,449,No
449,40.7515586,-73.8556599,0,449,No
450,40.7497939,-73.8623406,0,450,No
450,40.7499791,-73.8623727,0,450,No
450,40.74977,-73.8625605,0,450,No
450,40.7499549,-73.8625907,0,450,No
451,40.7490818,-73.8695947,0,451,No
451,40.7491254,-73.8691487,0,451,No
451,40.7492549,-73.8691735,0,451,No
451,40.7492082,-73.8696199,0,451,No
451,40.7493137,-73.8694113,1,451,No
452,40.7483284,-73.8764253,0,452,No
452,40.7486053,-73.8764581,0,452,No
452,40.7485902,-73.8765919,0,452,No
453,40.7474695,-73.8839641,0,453,No
453,40.747827,-73.8838786,0,453,No
453,40.7478138,-73.8840261,0,453,No
454,40.7459622,-73.8901941,0,616,No
454,40.7463992,-73.8902787,0,616,No
454,40.7465731,-73.8914739,0,616,No
454,40.7466169,-73.8909691,1,616,No
454,40.7467979,-73.8909285,1,616,No
454,40.7470851,-73.8914055,0,616,No
454,40.7472411,-73.8921104,0,616,No
454,40.7470527,-73.8925658,0,616,No
454,40.7466809,-73.890767,1,616,No
455,40.7461576,-73.8963919,0,455,No
455,40.7465254,-73.8962712,0,455,No
456,40.745704,-73.9030681,0,456,No
456,40.7455259,-73.903305,0,456,No
456,40.7456849,-73.9032534,0,456,No
456,40.7457471,-73.9031605,1,456,No
457,40.7440712,-73.9130428,0,457,No
457,40.7439592,-73.9129897,0,457,No
457,40.7444447,-73.9113743,0,457,No
457,40.7445821,-73.9113456,0,457,No
458,40.7432439,-73.9187611,0,458,No
458,40.7432253,-73.9185963,0,458,No
458,40.7431311,-73.9178621,0,458,No
458,40.7430133,-73.9178884,0,458,No
458,40.7431041,-73.9186201,0,458,No
458,40.7431225,-73.9187849,0,458,No
459,40.7437626,-73.9243561,0,459,All 4
459,40.7438904,-73.9243318,0,459,All 4
459,40.7438702,-73.9241654,0,459,All 4
459,40.7437423,-73.9241898,0,459,All 4
460,40.744729,-73.931586,0,460,No
460,40.7447483,-73.9317731,0,460,No
460,40.7446192,-73.9317995,0,460,No
460,40.7445978,-73.9316128,0,460,No
460,40.7445133,-73.930873,0,460,No
460,40.7446436,-73.9308494,0,460,No
461,40.7503036,-73.9402286,0,461,No
461,40.7508224,-73.9396848,0,461,No
462,40.746219,-73.945751,0,606,No
462,40.7461378,-73.9454254,1,606,No
462,40.7461498,-73.9452565,0,606,No
462,40.746873,-73.9435198,0,606,No
462,40.7473705,-73.944271,0,606,No
462,40.746246,-73.9440049,0,606,No
463,40.7425093,-73.9486158,0,463,No
463,40.7423943,-73.9480402,0,463,No
463,40.7424158,-73.948161,0,463,No
464,40.7425973,-73.9528378,0,464,All A
464,40.742607,-73.9522229,0,464,All A
464,40.7428018,-73.9539794,0,464,All A
464,40.7426628,-73.9542291,0,464,All A
464,40.7424422,-73.9531513,0,464,All A
464,40.7423875,-73.9526935,0,464,All 1
464,40.7427652,-73.9538781,0,464,All 1
464,40.7425988,-73.9542497,0,464,All E trains
467,40.7559505,-73.9904505,0,611,No
467,40.7563644,-73.9872666,0,611,No
467,40.7546107,-73.9878036,0,611,No
467,40.7548047,-73.9882542,0,611,No
467,40.7551962,-73.9873836,0,611,No
467,40.7551926,-73.9871879,0,611,No
467,40.7555585,-73.9876583,0,611,No
467,40.7561224,-73.9875399,0,611,No
467,40.755786,-73.986774,1,611,No
467,40.7555888,-73.9863406,0,611,No
467,40.7558028,-73.9905545,0,611,No
467,40.7561114,-73.9909098,0,611,No
467,40.7559818,-73.9910324,0,611,No
467,40.7569312,-73.9894626,0,611,No
467,40.7574707,-73.9900037,0,611,No
467,40.7574006,-73.9894559,0,611,No
467,40.7579408,-73.9895536,0,611,No
467,40.758377,-73.98867,0,611,No
467,40.7586922,-73.9890147,0,611,No
467,40.7585803,-73.9891802,1,611,No
467,40.7557902,-73.9869125,1,611,No
468,40.7545153,-73.9871141,0,611,No
468,40.7543332,-73.9870671,0,611,No
468,40.7543018,-73.9866178,0,611,No
468,40.7541714,-73.9866991,0,611,No
471,40.754948,-74.0009227,0,471,No
471,40.7557508,-74.0002211,0,471,No
471,40.7549084,-74.0013157,1,471,No
475,40.7841674,-73.9474145,0,475,No
475,40.783917,-73.9475971,1,475,No
475,40.7827855,-73.9483642,0,475,No
475,40.7830704,-73.9477374,0,475,No
476,40.7775888,-73.9507934,0,476,No
476,40.7778651,-73.9514537,0,476,No
476,40.7760515,-73.9528277,0,476,No
476,40.7777065,-73.9515675,1,476,No
477,40.7690058,-73.9584191,0,477,No
477,40.7685517,-73.9583456,1,477,No
477,40.7672122,-73.9594225,0,477,No
477,40.7669596,-73.9596021,0,477,No
21,40.7108823,-74.0125479,0,624,No
21,40.7110446,-74.0124906,0,624,No
402,40.7516782,-73.9771335,1,610,No
